id,pred_label,pred_noise_type
0612368174df429eafcd,HATE,OBFUSCATION
89fb9c76db0a42298ba8,HATE,PUNCT_NOISE
42ee66dc2f204884bd7e,CLEAN,ORIGINAL
5a36364d99694343927d,CLEAN,CHAR_REPEAT
a76b9db3bc80485bb52d,HATE,PUNCT_NOISE
a8df4ec96bc04de4af02,CLEAN,NO_DIACRITICS
31ca0317cb4247bdb3ee,CLEAN,OBFUSCATION
0c400c3d0aaa4c858c1d,CLEAN,ORIGINAL
2ddc5f65703845f08cb2,CLEAN,CHAR_REPEAT
e4e79614c50c4ea9a4f6,CLEAN,NO_DIACRITICS
2bed8380fc2c45d2ab8d,CLEAN,PUNCT_NOISE
ae918550bb704a3aa00b,CLEAN,CHAR_REPEAT
444d3b9f17854876b593,CLEAN,NO_DIACRITICS
085e9e84d30048c691b2,CLEAN,NO_DIACRITICS
63a0556ad58a43c9b77a,CLEAN,ORIGINAL
e748614f0b774eb5bfa3,CLEAN,CHAR_REPEAT
cb557b52af6d4231a443,CLEAN,ORIGINAL
48702566455344d680d5,CLEAN,ORIGINAL
6b301390e0f04135a2b2,CLEAN,NO_DIACRITICS
41d50a5e573649208edf,HATE,NO_DIACRITICS
d4fe4c37b9814406b08d,CLEAN,ORIGINAL
1a8cd39464064be4b1a9,HATE,ORIGINAL
7ee8dab6c1fc4cb3b789,HATE,MIXED
e46a7ed037af45f98f77,CLEAN,OBFUSCATION
8c6ebe71064449298756,CLEAN,ORIGINAL
72e8e2076d574f05a77f,CLEAN,PUNCT_NOISE
ad494fba95d04f6f91d5,CLEAN,TEENCODE
dbeb1b2b1f3943cb96c3,CLEAN,PUNCT_NOISE
1ee0e68275174cf68e63,CLEAN,CHAR_REPEAT
fbf06a0a76e249b595c7,CLEAN,PUNCT_NOISE
a6284a3bb1f14f658fe4,OFFENSIVE,ORIGINAL
f102f2c2a1f840ea8523,CLEAN,CHAR_REPEAT
d3a9029f58c148c1930a,HATE,ORIGINAL
d3e6b33ff128490685fc,CLEAN,ORIGINAL
e85b0fc07559460eb667,CLEAN,NO_DIACRITICS
b56ff57a1b9a47f6b96f,CLEAN,OBFUSCATION
53cd38caf15749138c4d,CLEAN,MIXED
4e4b0bc1bc1d4752925b,CLEAN,PUNCT_NOISE
248eced181144d6eae71,OFFENSIVE,TEENCODE
6502cb76ec344a6f8936,CLEAN,OBFUSCATION
f4f9069a13bf402ea859,CLEAN,ORIGINAL
a3e19c050f5b424c9864,CLEAN,CHAR_REPEAT
d4b738850cc24ef6a6a2,CLEAN,ORIGINAL
0b657709b0b847e58b47,CLEAN,ORIGINAL
e144b387ddf3419398b5,CLEAN,OBFUSCATION
b66bf5688815404ebe9c,CLEAN,OBFUSCATION
32601263982a48308980,CLEAN,CHAR_REPEAT
4eee76e93d8944e39a2f,CLEAN,MIXED
468b32c92c6c48358632,CLEAN,NO_DIACRITICS
909e685a405a4b4db376,CLEAN,TEENCODE
8b90dfffd30e44dcad35,CLEAN,NO_DIACRITICS
f4f22d5276a9437591d5,HATE,ORIGINAL
941be4773073471db511,CLEAN,MIXED
f1a078f5c9954714830e,CLEAN,NO_DIACRITICS
7cd318ad28774231a9c6,CLEAN,ORIGINAL
3f3b5e2a7f514636a8f2,CLEAN,PUNCT_NOISE
c133c34761f14910886b,CLEAN,PUNCT_NOISE
ae66461f39d0493aa7b3,CLEAN,ORIGINAL
b091792108db48f68190,HATE,ORIGINAL
45f445ab99404ea2ac36,CLEAN,ORIGINAL
78619ba180eb42b4939c,CLEAN,NO_DIACRITICS
c3c5696b80ba4253b893,HATE,OBFUSCATION
1675db60a37d49fd971f,CLEAN,ORIGINAL
325fe07f7a3c4138b136,CLEAN,ORIGINAL
e460510b67ee44f1b807,CLEAN,MIXED
cc35a5649a5e4b859a7a,CLEAN,MIXED
bd8bd5f588044549be95,CLEAN,PUNCT_NOISE
5b8479556b9845229f84,CLEAN,PUNCT_NOISE
151103d8efda44e0b4b5,OFFENSIVE,NO_DIACRITICS
f9edb204ad63486c891e,CLEAN,ORIGINAL
7c2943cfffab43d79b23,CLEAN,ORIGINAL
5895b73578504ae794f3,CLEAN,CHAR_REPEAT
964cd7e68e814581b4ca,CLEAN,MIXED
d447ed78eb0b4744874f,CLEAN,OBFUSCATION
7b9126450d4a471597e6,CLEAN,CHAR_REPEAT
3a3e4736d365483e8351,CLEAN,NO_DIACRITICS
9548b146da4a4d599f57,CLEAN,ORIGINAL
3f6ea9a9a0334a138a44,CLEAN,OBFUSCATION
fecb2c14a14f4ddf9095,CLEAN,ORIGINAL
15a3cf5745bf4c129f81,CLEAN,NO_DIACRITICS
1f77a94c67c44afc9d52,CLEAN,MIXED
d644fc852e6847469328,CLEAN,CHAR_REPEAT
8103916b8b2e4170a501,CLEAN,CHAR_REPEAT
d9e6c1089b624912af87,CLEAN,OBFUSCATION
8f3735b4de014b18976a,CLEAN,NO_DIACRITICS
38b45fd8e8d44e59a01a,CLEAN,PUNCT_NOISE
b14cd719202943e39f99,CLEAN,ORIGINAL
d01e7d7534ff470894da,CLEAN,CHAR_REPEAT
44535bce451f4ad29e11,CLEAN,ORIGINAL
a94c12c4d302488f9fe9,CLEAN,ORIGINAL
ec3c1b91b93a4b349a15,CLEAN,PUNCT_NOISE
daadfca0cd0b4cc49fc2,CLEAN,OBFUSCATION
cca6e1a2bef24a3da8db,CLEAN,CHAR_REPEAT
675588f7e64c488cbd78,HATE,OBFUSCATION
5429215e643843b7995a,CLEAN,ORIGINAL
ce0213d21b77408b881c,CLEAN,ORIGINAL
7fbac43215264f17b061,CLEAN,MIXED
ede9c69208414514aca1,CLEAN,ORIGINAL
d950d106a3ca4b4b8870,CLEAN,NO_DIACRITICS
85209bf08b9341a1b595,CLEAN,ORIGINAL
baacc1666cd44c0e8083,HATE,MIXED
6c16266087694aa8b298,CLEAN,OBFUSCATION
35c410af572247638de7,CLEAN,ORIGINAL
8087c6f078864e268c10,CLEAN,ORIGINAL
c6cc902956b545bfafcf,CLEAN,CHAR_REPEAT
5cef0101dd8b4414bb5f,CLEAN,NO_DIACRITICS
51a6e47ac58d4439814a,CLEAN,OBFUSCATION
731ff4ffb859455aa7fb,CLEAN,TEENCODE
c881dc4c8c2f4aad8155,CLEAN,PUNCT_NOISE
d7e53ab0ff36434eb565,CLEAN,ORIGINAL
9c41572985824effa66b,CLEAN,ORIGINAL
e06777a26cce4b0183a6,HATE,TEENCODE
578cd29925154819a2a7,CLEAN,ORIGINAL
ccabee0f563248558b77,OFFENSIVE,ORIGINAL
6555277ea9094d3e894b,CLEAN,PUNCT_NOISE
8ded9d01ede2418ea68c,CLEAN,NO_DIACRITICS
e62a9361ee82418d955d,CLEAN,CHAR_REPEAT
89ce07e6a4de497cb3f6,HATE,OBFUSCATION
a76c7b4c446d4431b78e,CLEAN,MIXED
2fd0b812660347cea9b9,CLEAN,OBFUSCATION
cc38520154594f598793,OFFENSIVE,ORIGINAL
df1a51c25c0f4c76b75f,CLEAN,MIXED
4b1cf16cab0c448f9007,CLEAN,TEENCODE
b7fec18dc2194bac9dec,HATE,NO_DIACRITICS
c2875a3afdd44cc3b28d,CLEAN,ORIGINAL
79cdb3efdfb0476c80fb,CLEAN,ORIGINAL
6b002db62f274785a959,OFFENSIVE,CHAR_REPEAT
7c4384aed8f24e20889e,CLEAN,CHAR_REPEAT
f1c64adf82dd498d80fd,CLEAN,ORIGINAL
60e6b622052141918c67,OFFENSIVE,ORIGINAL
3291b7593fdf48f7b586,CLEAN,ORIGINAL
cbac25278b484e599b32,HATE,CHAR_REPEAT
b7f59a5131bb44d5bdd0,CLEAN,NO_DIACRITICS
8196718e5f6a4683be9e,CLEAN,OBFUSCATION
f01262ca3a284dde9a62,CLEAN,MIXED
2a6260c3139c4ff68d6b,HATE,CHAR_REPEAT
306f85fd8416429e8698,CLEAN,OBFUSCATION
b6ce1031ee324922ba13,CLEAN,MIXED
b473516e778b4eed8d08,CLEAN,NO_DIACRITICS
f9283a6d121d456381ba,CLEAN,OBFUSCATION
e65c5d51bde040f584fe,CLEAN,MIXED
6b9e77814d6340ce8434,CLEAN,ORIGINAL
f155f9ccf3a44064a687,CLEAN,CHAR_REPEAT
5a23bac24ef5447ca71b,CLEAN,ORIGINAL
a021339660374bfc8148,HATE,PUNCT_NOISE
fdb09cf26587400d8c0e,CLEAN,MIXED
44d65c3d64414922ba7a,CLEAN,ORIGINAL
dd86e17a095749f0aae6,CLEAN,ORIGINAL
9dd93faa443c415f90ca,CLEAN,ORIGINAL
fb94198a0bb245b0b5de,CLEAN,CHAR_REPEAT
735816d0c0034ea9bc92,CLEAN,ORIGINAL
602623839533496a8671,CLEAN,CHAR_REPEAT
8e443b4564c144f58334,OFFENSIVE,CHAR_REPEAT
bf978e723d634d6ea9b1,HATE,CHAR_REPEAT
5f286c8d6baa4683aa10,CLEAN,ORIGINAL
96bdfe669be24b86aa48,OFFENSIVE,ORIGINAL
1e13d0911e3b41f18131,CLEAN,ORIGINAL
a12cbadcfdd0406c87f3,CLEAN,CHAR_REPEAT
6baad458c4c949f7a939,CLEAN,ORIGINAL
e9dda922c261444db76f,CLEAN,CHAR_REPEAT
cb871844b74249fba549,CLEAN,ORIGINAL
d8e82b72ade840fe9ddf,CLEAN,ORIGINAL
aa65043930de45378789,CLEAN,ORIGINAL
18e05c4bd7cc4ed69941,CLEAN,CHAR_REPEAT
364550d993104b80aaf5,CLEAN,ORIGINAL
76d83a31b6c249999b16,CLEAN,MIXED
a3d9159fae974f928caa,CLEAN,CHAR_REPEAT
131ef757ef3344d78af9,HATE,PUNCT_NOISE
51c4af5eda4345e0bd8a,CLEAN,NO_DIACRITICS
01cf2ad2db0d447fa139,CLEAN,MIXED
04e978adebf8459ea0d1,CLEAN,CHAR_REPEAT
1bf336e14cf642e09779,CLEAN,PUNCT_NOISE
85341b09c38641808725,CLEAN,OBFUSCATION
81f6277b1e9542139733,CLEAN,MIXED
36339ca0148748e7b3e9,CLEAN,MIXED
6a0060d33ec448c1afa1,HATE,CHAR_REPEAT
188a94a09e9540908dbd,CLEAN,MIXED
4b61c9b654b843e686d3,CLEAN,ORIGINAL
9fc78a0798924d709a4a,CLEAN,PUNCT_NOISE
c20c240f172345f182c0,CLEAN,PUNCT_NOISE
9a4feb6a9afb49f899cb,CLEAN,NO_DIACRITICS
097193f31fa44c359b87,CLEAN,PUNCT_NOISE
8132aaee5fc24699a09d,CLEAN,CHAR_REPEAT
38ab7c64c8ef401c992e,CLEAN,CHAR_REPEAT
6ef4e08c73584ca2b100,HATE,ORIGINAL
35a772dedeab450a85f7,CLEAN,MIXED
476b0a37688e49debae6,HATE,ORIGINAL
f7d8cf3449ea4d6981db,CLEAN,NO_DIACRITICS
e43dbfb26dec42e58cd0,OFFENSIVE,ORIGINAL
8ce4b14f9ce84cf484b7,HATE,CHAR_REPEAT
b2b8060be5b74ceb87fe,CLEAN,ORIGINAL
09a856801be041e59e51,CLEAN,ORIGINAL
5c452a2d1519484f8eb3,CLEAN,PUNCT_NOISE
9ed4858924df48eaa5e6,CLEAN,NO_DIACRITICS
aa9f796387f54c039c9a,OFFENSIVE,OBFUSCATION
d4ef85cca43b4e22b44e,OFFENSIVE,ORIGINAL
304c3c2b764641d7b6ea,CLEAN,MIXED
3f28d7bf2be74acc9f11,CLEAN,OBFUSCATION
9f4525f747b6435bbe98,HATE,ORIGINAL
1d11d505aa4741dca49e,CLEAN,OBFUSCATION
a775e12d5001440c8867,CLEAN,ORIGINAL
7c9abea6c63c44b181b8,CLEAN,MIXED
72314aaaf1f844f1b1df,CLEAN,ORIGINAL
4219facfe91e43578e8a,CLEAN,ORIGINAL
ac61b85b246d49e5ba2c,CLEAN,OBFUSCATION
8c7ce5fde4b44696bbe9,OFFENSIVE,MIXED
df226b4b845446d0b1e5,CLEAN,CHAR_REPEAT
fa35c9d7888046799c56,CLEAN,OBFUSCATION
db72c33726df4dc38a85,CLEAN,ORIGINAL
1946a995c8984f968522,CLEAN,CHAR_REPEAT
564d44350e794a4f86f5,CLEAN,ORIGINAL
7589ef4c5dde442faa56,CLEAN,ORIGINAL
ec2880b3f1fa45e7b987,CLEAN,ORIGINAL
acc592056f1b4c93be8d,CLEAN,PUNCT_NOISE
0142c6483b27479d8906,HATE,PUNCT_NOISE
17676c606fc342669598,CLEAN,OBFUSCATION
09af6f0b921e4ee2925d,HATE,TEENCODE
4fb0500593ed4f18ba21,CLEAN,ORIGINAL
ee833d8b5b034ecd9602,CLEAN,CHAR_REPEAT
7601e8b9ce4940a5b48c,CLEAN,CHAR_REPEAT
622634ce78d844d38489,CLEAN,NO_DIACRITICS
af928b316ea54434a6be,CLEAN,OBFUSCATION
78f64329338145368cf9,CLEAN,ORIGINAL
039317cf13504f8a8195,CLEAN,OBFUSCATION
5f03cc1e02ac454cba48,CLEAN,PUNCT_NOISE
7fdac806bf67450c918d,CLEAN,MIXED
5bcd4119681543c78172,CLEAN,MIXED
69c57c190643417e9a73,CLEAN,NO_DIACRITICS
530bc8ab359a43debae7,CLEAN,OBFUSCATION
4c5b1be4d9de4a8c8f40,CLEAN,PUNCT_NOISE
d691338297f54fe7b6d3,CLEAN,TEENCODE
cc84c0e8bab8459ebc1f,CLEAN,ORIGINAL
b2b5f199eae5492385fb,CLEAN,MIXED
e378fc0d06104401a772,CLEAN,MIXED
2c028f1e2d4643d2958a,CLEAN,NO_DIACRITICS
84837526610f40d6a31b,CLEAN,ORIGINAL
3482726cc755445dbd00,CLEAN,NO_DIACRITICS
6f726d7093264bf59b15,CLEAN,PUNCT_NOISE
0711e67a3c784abb9e1d,CLEAN,NO_DIACRITICS
8ea93e3e7e4f4234bf39,CLEAN,PUNCT_NOISE
a622916ca6fc47938e16,CLEAN,MIXED
6251c166a0824ce3afb0,CLEAN,ORIGINAL
61beab754b8a46bd87e0,CLEAN,MIXED
aeb75c584211413d9de4,CLEAN,OBFUSCATION
1e2a6d25193c47579212,CLEAN,OBFUSCATION
2e2c881926c643c0b9b7,CLEAN,OBFUSCATION
136c60829d8543a781ae,HATE,CHAR_REPEAT
980f20ecd6fc410ca68d,HATE,CHAR_REPEAT
2025deb893674761ac29,HATE,CHAR_REPEAT
ac9c212a852c41c391d4,CLEAN,NO_DIACRITICS
e8f5f831a38d4befa788,HATE,CHAR_REPEAT
5d9acc2f801647c2bd43,CLEAN,ORIGINAL
167e3ead5aa94bf5a96b,CLEAN,PUNCT_NOISE
b7a63d1b7f4344dfa1ad,OFFENSIVE,MIXED
0a2acd688bc84f8cb3cd,CLEAN,ORIGINAL
7a3b39ab48b449569e2e,CLEAN,ORIGINAL
361761cd247f4ba788e9,CLEAN,NO_DIACRITICS
a2d6002865fd43caa8bb,CLEAN,ORIGINAL
b988eb230db744629b9b,HATE,OBFUSCATION
0783d70cfda9415e948e,HATE,OBFUSCATION
782b058e1da84536965b,CLEAN,OBFUSCATION
791aacb540fe44f9b450,CLEAN,ORIGINAL
00f50a5686e24d9c9a29,CLEAN,PUNCT_NOISE
14465833662d4a4a820c,CLEAN,NO_DIACRITICS
9032d72505cc49b3a87e,CLEAN,MIXED
c9c2661d2cf44839a94e,CLEAN,OBFUSCATION
b3c2c0d1af3945baa38d,CLEAN,ORIGINAL
83a65f64a2bc401ca209,CLEAN,MIXED
7ddff385ef1b4945ae1d,CLEAN,NO_DIACRITICS
8d32d2e5d86049f3b296,CLEAN,NO_DIACRITICS
bbd7f1d8bd9c4a208940,CLEAN,NO_DIACRITICS
72ec3375f17b401c9ab6,CLEAN,ORIGINAL
624a8208fcc84a61ad84,CLEAN,MIXED
e08caa672ae74b5e921b,HATE,NO_DIACRITICS
242a09f72046444bba2c,HATE,ORIGINAL
5983be5386e5456bbe70,HATE,ORIGINAL
e919c90803ed484c93ec,CLEAN,MIXED
c638fa3c5a4f485c9e64,CLEAN,PUNCT_NOISE
20b379bf94d049c5bd19,CLEAN,ORIGINAL
f37197f301f64ceb912d,CLEAN,CHAR_REPEAT
d86e5f5a4ef44027b80f,CLEAN,CHAR_REPEAT
f887dffe4a624b87894f,CLEAN,MIXED
5331ffe098744f4697af,CLEAN,ORIGINAL
d04c3f97528240e690c4,CLEAN,PUNCT_NOISE
905b6e5dda5843de9e1b,CLEAN,NO_DIACRITICS
6a62fbc587624117b3b9,CLEAN,CHAR_REPEAT
cbc3e5aea46845119523,CLEAN,CHAR_REPEAT
bfa01dd1136a4f19822f,CLEAN,NO_DIACRITICS
ba5cfaafb29542018ece,CLEAN,MIXED
0630faad93be40e6a2af,HATE,NO_DIACRITICS
0979ccdaa2f64cceaaf4,CLEAN,OBFUSCATION
fe6a7cf69ef94b44850d,CLEAN,PUNCT_NOISE
ac69ad6f332c4436b5b6,CLEAN,CHAR_REPEAT
96ae718817a44292af62,CLEAN,ORIGINAL
4860800412e84b019119,CLEAN,ORIGINAL
55faa3a77ca040c1b9bc,CLEAN,ORIGINAL
2b435660d732459496a1,CLEAN,CHAR_REPEAT
c3b607b43d84486da021,CLEAN,ORIGINAL
9561041f6c9d4c26bff4,CLEAN,ORIGINAL
5df61bd88eec42edb4d1,CLEAN,MIXED
d652c569e0c8485a9bdc,CLEAN,CHAR_REPEAT
d97dd1f57663403e8a8b,CLEAN,ORIGINAL
5f9c260cf21c4dc790cf,CLEAN,ORIGINAL
6849d4f308b04836837e,CLEAN,PUNCT_NOISE
c80a7662d8fa4b4fba59,CLEAN,ORIGINAL
312d1298af964cf383cf,CLEAN,ORIGINAL
c472d88c18b846ea8af3,CLEAN,NO_DIACRITICS
8fd329ee4baf46f68535,CLEAN,NO_DIACRITICS
c3f4d021d8b04c9bb261,CLEAN,NO_DIACRITICS
56fae5e5cb50408abe55,CLEAN,OBFUSCATION
cf8056c641ce48e1b210,CLEAN,ORIGINAL
85483dd860d24130a095,CLEAN,MIXED
c73b4e575f7b4f408d06,CLEAN,CHAR_REPEAT
6a674f0239614c71a980,OFFENSIVE,NO_DIACRITICS
f8895d5a4c4942079bc6,CLEAN,ORIGINAL
2492d9a3a53040cc8b83,CLEAN,PUNCT_NOISE
a127bafa7e754135854c,CLEAN,ORIGINAL
cf196a034c5e48aa953f,CLEAN,NO_DIACRITICS
3b01e74e5750449cbfd4,CLEAN,ORIGINAL
015fd810b5764007981c,CLEAN,CHAR_REPEAT
2d883ddaaea140718e9f,CLEAN,ORIGINAL
7860cd147d76403a9b57,CLEAN,ORIGINAL
71f40e86db9448478818,CLEAN,ORIGINAL
f3b5e3f5b37347ae9587,CLEAN,ORIGINAL
f9f297d64a994571820a,CLEAN,NO_DIACRITICS
868853cfc4c64d0fae8e,CLEAN,NO_DIACRITICS
320603ffd9f544c788b4,CLEAN,ORIGINAL
3c6024870b0741e38e0c,CLEAN,ORIGINAL
cb94a6c9b9f845c9bc96,OFFENSIVE,CHAR_REPEAT
b5d064c8cee94d029e0f,CLEAN,OBFUSCATION
beab148aef154c14aa6f,CLEAN,NO_DIACRITICS
19cc811087524b789e8b,OFFENSIVE,ORIGINAL
f39e4222c41742ab9a65,CLEAN,MIXED
f8d8f0a3a226484084e0,CLEAN,PUNCT_NOISE
6cdbaf3a01d04b76baf5,CLEAN,PUNCT_NOISE
8e84be9e358143e69df4,CLEAN,ORIGINAL
6d0faa81aa5447e3a4c8,CLEAN,ORIGINAL
3ed1dafd7f6049269e52,CLEAN,NO_DIACRITICS
7720815014b84da4bc81,HATE,MIXED
aa8470043ac746c09487,HATE,MIXED
8d2f1578103a4b20a4bb,HATE,OBFUSCATION
301924d9f09a49ad8f39,HATE,NO_DIACRITICS
14ad9780b1a0492eb3b6,CLEAN,PUNCT_NOISE
a889a2970bcc400f932c,CLEAN,CHAR_REPEAT
2604f9960185414ab43e,CLEAN,ORIGINAL
806ae8dfba7e4c6cb099,CLEAN,PUNCT_NOISE
54064a4a34df4dff9647,CLEAN,PUNCT_NOISE
b56fec7918054c8d9426,HATE,OBFUSCATION
bfd2c29b79f442528427,CLEAN,OBFUSCATION
15d41137c8b247dcb55b,HATE,ORIGINAL
3b7c17e839864a9c8b9d,HATE,ORIGINAL
139b694f2f8441958c06,OFFENSIVE,TEENCODE
cbeb604735fe400fad14,CLEAN,ORIGINAL
34a197d0fd0a460f9a4b,OFFENSIVE,ORIGINAL
32c9be54d65b45bfabea,CLEAN,OBFUSCATION
de7a8280ae4c4242b789,CLEAN,ORIGINAL
74e8a0c011034d99b3ee,HATE,NO_DIACRITICS
aade493cb6a94e09b8ff,CLEAN,TEENCODE
206f09425df74f50b6e8,CLEAN,NO_DIACRITICS
ce075c0f3e0b45aba167,CLEAN,OBFUSCATION
677254c784434c958a04,CLEAN,OBFUSCATION
6254851477bc4b3687b2,CLEAN,CHAR_REPEAT
39d93d2dadf544978fc2,CLEAN,ORIGINAL
75c9e2ce99bf45bf90da,CLEAN,ORIGINAL
7578252c03ec4778874d,CLEAN,NO_DIACRITICS
c860524479e7496dbaef,CLEAN,PUNCT_NOISE
0a9ba0d109104da89f7d,CLEAN,NO_DIACRITICS
67cbd1756fcf459b8ca1,CLEAN,ORIGINAL
450833b0281f4d64bd80,CLEAN,ORIGINAL
032f39e244cd4bcdb041,CLEAN,OBFUSCATION
ec797b998de54847ad1c,CLEAN,OBFUSCATION
661bf9a9a1de41c09aad,CLEAN,OBFUSCATION
5ebdaecd64de4789805b,HATE,CHAR_REPEAT
abf197433be3419ca7bd,CLEAN,ORIGINAL
995ef5d1f2334fbbb35c,HATE,PUNCT_NOISE
03a19347f91542e38213,CLEAN,ORIGINAL
946f46c5bec9477a81cb,CLEAN,MIXED
44c764cd81fd4e60ba2b,CLEAN,PUNCT_NOISE
02f7f69a4eea42958120,CLEAN,OBFUSCATION
eaab739cb5834672b765,CLEAN,CHAR_REPEAT
ca2bfc205fa641d3b8be,CLEAN,NO_DIACRITICS
decc65f679f54ec6a52c,CLEAN,NO_DIACRITICS
7e83811fd1b14fb488de,CLEAN,NO_DIACRITICS
cc85e8a0ec1b4110b5b7,CLEAN,NO_DIACRITICS
aecfe1266ddf439789a8,CLEAN,ORIGINAL
1e4273453bf54b51bcaf,CLEAN,ORIGINAL
25b6fe7efcf24aeebf8b,CLEAN,OBFUSCATION
ccbd6b1f39d7462fa7a5,CLEAN,ORIGINAL
35d9f39f650f402ea00a,CLEAN,PUNCT_NOISE
ef4f1c10bd5b4213bcdb,OFFENSIVE,ORIGINAL
e91d07a741de4807908f,HATE,ORIGINAL
def58806861e467ebb51,CLEAN,PUNCT_NOISE
023fd3c522d44b9db2d5,HATE,ORIGINAL
6ca09cff34a24e75a4f0,CLEAN,ORIGINAL
06a51d064f434ec3b60d,CLEAN,MIXED
347be2a80f434bdb82cf,OFFENSIVE,OBFUSCATION
cdba4fe8e8784b37bade,CLEAN,ORIGINAL
f8e2a3fb0dd342fcb317,CLEAN,ORIGINAL
11fb1941a2d647768097,CLEAN,OBFUSCATION
e8330c4c137d49039b84,CLEAN,ORIGINAL
4619fea9cc5f48ee84d5,CLEAN,ORIGINAL
a903a7c288e144c09e4b,CLEAN,PUNCT_NOISE
862cfa6052ad42e28c9a,CLEAN,PUNCT_NOISE
11752efbcab0481ca1dd,CLEAN,ORIGINAL
4487566eff844515ab0f,CLEAN,CHAR_REPEAT
d52f75e8cb7e42acb434,CLEAN,PUNCT_NOISE
1b67881ad7f54a079d5b,HATE,ORIGINAL
10074944806d44fd98bc,CLEAN,ORIGINAL
e1e32c13253b450180d3,CLEAN,NO_DIACRITICS
5d5995b050684d8ebd06,CLEAN,ORIGINAL
0d39730b44cc4a7c8365,CLEAN,CHAR_REPEAT
2b4a62b2eecc491caf39,HATE,PUNCT_NOISE
8d077bcfda94407b9ab7,CLEAN,NO_DIACRITICS
a400215820f9409db017,HATE,OBFUSCATION
9e861a4800754e66bc00,CLEAN,ORIGINAL
772030a236a347b69956,CLEAN,ORIGINAL
6ce9f1a3391848f28aff,CLEAN,OBFUSCATION
0bce4eaed3d84127adfa,CLEAN,CHAR_REPEAT
c31f022343fc4c60ae27,CLEAN,PUNCT_NOISE
0e905edbdb584ba6b401,CLEAN,ORIGINAL
0aa6a3a0683a4c53b634,CLEAN,ORIGINAL
cfa2d6cee5ca406d95ee,CLEAN,ORIGINAL
537c11a573274cde9e16,CLEAN,CHAR_REPEAT
39b0ad6dbb604c428651,CLEAN,OBFUSCATION
a84ac9e9493e469e8dbd,CLEAN,ORIGINAL
a03a399db4344600abba,CLEAN,ORIGINAL
941ca931d11a4a55bfb9,OFFENSIVE,ORIGINAL
5041cc5b982b4f438445,CLEAN,OBFUSCATION
9820de875f924baa88a1,CLEAN,TEENCODE
914cd1ed6ff34e199e22,OFFENSIVE,ORIGINAL
74b5290cfd2a4192aabd,CLEAN,MIXED
3433230b2e5c49378d58,CLEAN,CHAR_REPEAT
cc61d455bd7b43e9b916,OFFENSIVE,OBFUSCATION
b157090dd39842e28cdb,CLEAN,PUNCT_NOISE
2dd3c4425ffa496b9436,CLEAN,PUNCT_NOISE
a251b2967e234758a34c,CLEAN,OBFUSCATION
d7e5af2e87934393a8ef,CLEAN,MIXED
583469cafd844ae1ae6f,CLEAN,ORIGINAL
e274d600ea9e466d9a26,CLEAN,CHAR_REPEAT
fa800cc401a3461fb73c,CLEAN,ORIGINAL
90434872f13c4d87a077,CLEAN,NO_DIACRITICS
0e6d7362ad2746aeb7cf,CLEAN,PUNCT_NOISE
4569a2097b1e437da3eb,CLEAN,PUNCT_NOISE
acf11a9f138542959858,HATE,MIXED
01b7a2386a6c4b27af45,HATE,OBFUSCATION
c8870869b1b04ac7bec3,CLEAN,CHAR_REPEAT
7e42cdad62884d8c9631,CLEAN,PUNCT_NOISE
7fda02e1ad464a979c53,CLEAN,CHAR_REPEAT
541b18fb3d4a4b85a0c6,CLEAN,ORIGINAL
130546287d0242779cfc,CLEAN,MIXED
cc67e2ebe72c45a0a0be,CLEAN,ORIGINAL
0293ffbf6e00492fb7b7,CLEAN,NO_DIACRITICS
30548079897a4d479868,CLEAN,PUNCT_NOISE
ff4b91d600894fd6acdd,CLEAN,PUNCT_NOISE
2694d8bb19a141a88cfc,CLEAN,ORIGINAL
d73ec4acaedf4ea19187,CLEAN,OBFUSCATION
779a628f59e74734beed,CLEAN,OBFUSCATION
1099a4af5a334be0bacb,CLEAN,CHAR_REPEAT
26cd4527144d4eb59057,CLEAN,CHAR_REPEAT
ed6a5b8a45344553a322,CLEAN,TEENCODE
8f1a8676db6240ff881e,CLEAN,CHAR_REPEAT
58b6b10174804da4aa5d,CLEAN,ORIGINAL
ffb0a692e24b49ce8ba6,CLEAN,MIXED
0ab24373a2824b7fa61c,CLEAN,ORIGINAL
e22f1dfcf6ba4497bfd1,CLEAN,MIXED
00efeaf388704143937b,CLEAN,NO_DIACRITICS
7b51c2bcb216477e8a4d,CLEAN,NO_DIACRITICS
6377898318b8477d82c7,CLEAN,CHAR_REPEAT
ef364e79d0f445048f8f,CLEAN,ORIGINAL
abd8e521a0254cd485ad,CLEAN,CHAR_REPEAT
f83a4350dd834a6eaf6c,CLEAN,PUNCT_NOISE
be61df4cf2a949919fad,OFFENSIVE,ORIGINAL
969d2f662c4f4a5890f4,CLEAN,CHAR_REPEAT
04cce0842dbb4c089250,CLEAN,CHAR_REPEAT
937f8d0ffe9749fb9d92,HATE,CHAR_REPEAT
840c3320ed0e4ce0958c,CLEAN,OBFUSCATION
f234d0d660084ca885dc,CLEAN,OBFUSCATION
200aebffc54f480096c5,CLEAN,ORIGINAL
1b0a3d63400a46f38e45,CLEAN,MIXED
68646fece7ba43a19990,OFFENSIVE,ORIGINAL
b563b2279c3d4253af4c,CLEAN,OBFUSCATION
80b4b60f46004c76b06b,CLEAN,CHAR_REPEAT
4cd154f4a1054db6a91d,CLEAN,ORIGINAL
63211ffd83af47278de9,CLEAN,ORIGINAL
ddd0920ff4274382872c,CLEAN,MIXED
cc80ac6682b144a0b84d,CLEAN,TEENCODE
631c8560b01c42dda529,CLEAN,ORIGINAL
f67a6fd0bb6d4a91af6c,CLEAN,ORIGINAL
878719fc50e04dbc87a3,CLEAN,OBFUSCATION
1316ee901b0a497d8a4d,CLEAN,CHAR_REPEAT
299b3eaaf53c49719436,OFFENSIVE,ORIGINAL
ae57764671dc4ef99379,CLEAN,ORIGINAL
f991dd85793a41bbb409,CLEAN,ORIGINAL
60c07e174696441688a8,CLEAN,CHAR_REPEAT
2f85cbed7e1f406d90ec,CLEAN,CHAR_REPEAT
2ee9d4759ee94209a90e,CLEAN,NO_DIACRITICS
bd2cf59bd6d14d2396b6,CLEAN,ORIGINAL
41c097fe6afa42d8830a,CLEAN,NO_DIACRITICS
3a0ac8026b7d467ebf44,CLEAN,ORIGINAL
ee7203e40b7746d9a1c2,OFFENSIVE,PUNCT_NOISE
3fac6206eac841cc844e,CLEAN,MIXED
776e1c49966f4a90a918,CLEAN,TEENCODE
8aeae501f4974cb5a195,CLEAN,TEENCODE
5a3812de618d4d6e9181,CLEAN,CHAR_REPEAT
cb13043950c641a1b2e4,CLEAN,PUNCT_NOISE
aea495c97a904e5d9361,HATE,MIXED
7124486124224c9d85d8,CLEAN,OBFUSCATION
17b4122ddbdc40868160,CLEAN,NO_DIACRITICS
9f44841b0bae4846b4d7,CLEAN,OBFUSCATION
5c6a6473715e4b4aaa60,CLEAN,MIXED
ec25cea570a3432a9feb,CLEAN,CHAR_REPEAT
eca082b0d2fd42db90ba,CLEAN,ORIGINAL
641e8294b13b4f3cb853,CLEAN,PUNCT_NOISE
d2721dfc86df43688746,CLEAN,MIXED
be4a82f84bb14dd38a4f,OFFENSIVE,ORIGINAL
82884e5a054841d383bc,CLEAN,ORIGINAL
c66975ce80704d2fa492,CLEAN,NO_DIACRITICS
f783b43eefd845d58dbd,CLEAN,ORIGINAL
29040db939964867bcd2,CLEAN,OBFUSCATION
ed9599f3c5a04de8a38e,CLEAN,ORIGINAL
7df2fe05e76a4dfea0bf,CLEAN,CHAR_REPEAT
f0c92d7043b5411fa9ae,CLEAN,PUNCT_NOISE
d215534adfc94fc79adf,CLEAN,NO_DIACRITICS
652eb23adede4beeb8d3,OFFENSIVE,PUNCT_NOISE
841cc9461552453ab118,OFFENSIVE,ORIGINAL
031aa2d9894b40e28c94,CLEAN,CHAR_REPEAT
55bf94e7e03548328a00,CLEAN,OBFUSCATION
af2a11fd13344f1bae43,CLEAN,MIXED
45181c4d2def4dda85f3,CLEAN,ORIGINAL
2cb4cc531429441b942a,CLEAN,ORIGINAL
ec323d2e9be34906a9e5,CLEAN,OBFUSCATION
34260597269f444bb647,CLEAN,MIXED
1c58a7721dfc4165ad76,CLEAN,ORIGINAL
3429b8b0021344d087bf,CLEAN,ORIGINAL
1ebcffb8d4f7490e9f51,CLEAN,TEENCODE
6304df1c31aa4ef9ba52,CLEAN,ORIGINAL
607cac602f494a18bd87,OFFENSIVE,ORIGINAL
d6e732b9f01946e1b2ef,CLEAN,PUNCT_NOISE
7bf4bbf8c19f44138476,CLEAN,PUNCT_NOISE
7613c2c2f6db465a804e,CLEAN,CHAR_REPEAT
dd286de67bbe4a9cbe8d,HATE,NO_DIACRITICS
27a713d0cddf48a59107,CLEAN,TEENCODE
11e9ad8f521a4f5a9797,CLEAN,OBFUSCATION
db9e6b5920a2426987d8,CLEAN,ORIGINAL
078c46fc082a475fb863,CLEAN,ORIGINAL
7cc82ae3217d44f3b78c,CLEAN,CHAR_REPEAT
0feb4266c2434678973c,CLEAN,ORIGINAL
2ecc340856ee40ff8acd,CLEAN,NO_DIACRITICS
504fbb1a92d0471b8c38,CLEAN,PUNCT_NOISE
1022d21b8aae41f0b207,CLEAN,NO_DIACRITICS
32cc61823862491886fe,CLEAN,NO_DIACRITICS
9a44e40b226c440087c2,CLEAN,NO_DIACRITICS
4e1a6ae97df84b1680d8,CLEAN,MIXED
999262a6dd4645f8885b,CLEAN,NO_DIACRITICS
20e7336fca7a4acf9285,CLEAN,OBFUSCATION
7d5a75707d524bcca125,CLEAN,TEENCODE
0ec1628873a2448d98e7,CLEAN,PUNCT_NOISE
49553f78f9924c7499a2,CLEAN,ORIGINAL
6be80171daab492888ca,CLEAN,ORIGINAL
d0c4f8a69a314d22bc6e,HATE,NO_DIACRITICS
65292900935a4a5d8596,CLEAN,NO_DIACRITICS
75e4f9a836134ca79d5e,CLEAN,OBFUSCATION
1d028ad5ef5045d589b9,CLEAN,OBFUSCATION
22173e9852dd47fb9d57,CLEAN,TEENCODE
7ae1a4020b3a4c6eab8d,CLEAN,OBFUSCATION
06430edd08ca4580befb,OFFENSIVE,OBFUSCATION
8f91d17bdea848a0b6f1,HATE,MIXED
686c07da7b9044f09b10,CLEAN,TEENCODE
fbb4bc75aa5144aea321,CLEAN,PUNCT_NOISE
eb84cf6fd6f9405ab968,HATE,ORIGINAL
1c84db914c6d4008be0d,CLEAN,NO_DIACRITICS
92f58e75987747ed9589,CLEAN,CHAR_REPEAT
2dd030ead8b84af7afeb,CLEAN,ORIGINAL
f0e3f8e823b64cb8a960,OFFENSIVE,CHAR_REPEAT
ad6b89fb11c14724acaa,CLEAN,ORIGINAL
b600a542dab64a33972f,HATE,PUNCT_NOISE
4eb2a46a73394ab3b92e,CLEAN,ORIGINAL
8e125ae9e14b471ab6b8,CLEAN,ORIGINAL
9010e86edcd84476836f,CLEAN,ORIGINAL
c56a6f09ddeb46328d18,CLEAN,PUNCT_NOISE
358e485643cc476592be,CLEAN,NO_DIACRITICS
ab7a6338cbd24ad19175,CLEAN,ORIGINAL
af27ca6be3f949c5bc6f,CLEAN,CHAR_REPEAT
2a739411fb2b42288c2b,CLEAN,MIXED
e0aadc0001e1426aa55f,CLEAN,CHAR_REPEAT
6e77142391fc4c54b4db,CLEAN,CHAR_REPEAT
664e6ed99c9c4553a7d1,CLEAN,PUNCT_NOISE
335521e7dd8d4b93a9d0,OFFENSIVE,CHAR_REPEAT
6e90f4ea6f1c44be8728,CLEAN,ORIGINAL
9da98c23857d45f48254,CLEAN,CHAR_REPEAT
300327157a83483c8658,HATE,NO_DIACRITICS
24f26627d1b44552ab69,CLEAN,OBFUSCATION
3104f63369484ff085f9,CLEAN,CHAR_REPEAT
cceba76288c148999a43,CLEAN,CHAR_REPEAT
4d18c36291574b17931b,CLEAN,PUNCT_NOISE
6ba1d336e18e4401a2a1,CLEAN,ORIGINAL
27fb6021728f498a97a5,CLEAN,ORIGINAL
ca4db15ec3934249bef6,CLEAN,CHAR_REPEAT
de7ee0de6ac3478eb9be,CLEAN,ORIGINAL
d5b6cca804864dbdb28d,CLEAN,CHAR_REPEAT
5516791c8cce4a58b860,CLEAN,PUNCT_NOISE
f8da0b94aaea4a5cba3b,HATE,ORIGINAL
34b6a364debd4f73adfd,CLEAN,CHAR_REPEAT
da13cee6f18641c8b70f,CLEAN,ORIGINAL
8cba3224023b4cee8067,CLEAN,TEENCODE
0a5ec169a5704db8acb0,HATE,OBFUSCATION
2e10bcbef090444ca5d5,HATE,ORIGINAL
f56464bc342244dfbff7,HATE,OBFUSCATION
80c8ad8b2dce49ab93f1,CLEAN,ORIGINAL
0f44c0d67e424fa78146,CLEAN,ORIGINAL
14f2a1eaf1934f0ebaec,CLEAN,ORIGINAL
e32daed5fd1b49d98ad0,CLEAN,CHAR_REPEAT
64cce3f9ebd84bd8b742,CLEAN,NO_DIACRITICS
4165d1e852704102a06b,HATE,ORIGINAL
2caa1db2555a4dc6bbd6,CLEAN,OBFUSCATION
46d3a551ba274adc8d7d,CLEAN,NO_DIACRITICS
4eb594da07e64cb485eb,HATE,CHAR_REPEAT
f17bbb35cd5d45a184fc,CLEAN,MIXED
fb2fb69842b54187875b,CLEAN,MIXED
0e082abc5a6c4629ae6e,CLEAN,ORIGINAL
26c8c2939b8d43ab8b0c,CLEAN,ORIGINAL
46616f0edb2040a6a4ca,CLEAN,CHAR_REPEAT
c135b1479f5f4d19b482,CLEAN,PUNCT_NOISE
1bc403b053a543ea8545,CLEAN,ORIGINAL
d6eb643465044e7ca2ac,CLEAN,OBFUSCATION
f576018204b54bf9a67c,OFFENSIVE,CHAR_REPEAT
cbc2cf8adbc8419fb95a,CLEAN,ORIGINAL
bab72cd54e3e48d894dd,CLEAN,OBFUSCATION
767690d86e4449ada32c,HATE,ORIGINAL
c6cdcd765e92491d8b08,CLEAN,OBFUSCATION
c86e55790d41406695cf,CLEAN,PUNCT_NOISE
ba8835e1f1724f14ba28,CLEAN,TEENCODE
a329d86a98b141009b1c,HATE,PUNCT_NOISE
7ac81c4ea73b43bd9c87,CLEAN,ORIGINAL
4db51380290d410a849f,CLEAN,MIXED
af22199006014e97956b,CLEAN,CHAR_REPEAT
32b0597c8c324cb99ee7,CLEAN,ORIGINAL
3f4d67ee8aad4c30aedf,CLEAN,OBFUSCATION
9d3ef817777545a7a9fb,CLEAN,ORIGINAL
b6d423ae9f8746e0acce,CLEAN,ORIGINAL
5a3cf0afb8e14b8d8a4d,CLEAN,OBFUSCATION
3a5e588a41284aff819b,CLEAN,MIXED
a0b9e9cbf1264f1ab98b,CLEAN,PUNCT_NOISE
4c0513a7b2914881b376,CLEAN,OBFUSCATION
284819b2ea3a45518b90,CLEAN,MIXED
9d81d09905f64ebcb505,CLEAN,PUNCT_NOISE
523bb17321c54ed19742,CLEAN,NO_DIACRITICS
c42c20f9196247659e4c,CLEAN,ORIGINAL
9cda8efee95c480096b1,CLEAN,ORIGINAL
637c2ba1392d4f7bb132,CLEAN,ORIGINAL
209354802cb64c20be92,CLEAN,ORIGINAL
3ca66cfe224e4297954e,CLEAN,ORIGINAL
6194ea0c0f73475b8928,CLEAN,NO_DIACRITICS
6d52fd81d7a9476e91a8,CLEAN,PUNCT_NOISE
005c77970f7841d08fd7,CLEAN,OBFUSCATION
bf06c39cd472464281e7,CLEAN,ORIGINAL
dc9d1dd3d9214dfd947e,CLEAN,CHAR_REPEAT
94519799dc35402c84c0,CLEAN,NO_DIACRITICS
5112f57b68f544f9b93e,CLEAN,TEENCODE
7b93722f765e400287f6,CLEAN,OBFUSCATION
62b45c4e47964c68bb11,CLEAN,OBFUSCATION
457127a292d440a9a14b,CLEAN,OBFUSCATION
72900219360644adb990,CLEAN,PUNCT_NOISE
fc2797fe0a7c411b9e4d,HATE,ORIGINAL
371966bca35045a5819e,CLEAN,NO_DIACRITICS
97acac427e2c41748037,OFFENSIVE,ORIGINAL
38b311e20b58460f8614,HATE,ORIGINAL
4cab52c36d0546908eef,CLEAN,PUNCT_NOISE
8a43324e52eb4b8d92cf,CLEAN,MIXED
b4b0d9bdc640497a9a99,CLEAN,MIXED
480b27f50ddb49de83a7,CLEAN,PUNCT_NOISE
9da77050db584db5a0bd,CLEAN,ORIGINAL
0998f958c9b54a6494bb,CLEAN,TEENCODE
86f14c8a9fd84078858a,CLEAN,NO_DIACRITICS
26467b76ecb34a96932b,CLEAN,NO_DIACRITICS
7e3c0b2e04eb42a98ea3,CLEAN,OBFUSCATION
5461782a3239407d9e26,CLEAN,OBFUSCATION
3b8ca3669e7646f1845e,CLEAN,ORIGINAL
c68b7401c787412c89d8,HATE,ORIGINAL
f249e1e39816434898d9,CLEAN,NO_DIACRITICS
388bb94b32234d3aaffe,CLEAN,TEENCODE
e37c2e92ae714644808f,CLEAN,ORIGINAL
e624083bac8e4773a410,HATE,ORIGINAL
6f2878556be144bfac65,HATE,MIXED
ab3f0859e9724985a9d6,CLEAN,NO_DIACRITICS
047345d0c9e84959882a,HATE,ORIGINAL
a27845441a7642399c49,CLEAN,ORIGINAL
fc67149984864d019b00,CLEAN,PUNCT_NOISE
c04f09294f2644a89540,CLEAN,MIXED
e5959826179f4d3d9a0a,CLEAN,MIXED
576fd0d8e2414f5f9cea,HATE,CHAR_REPEAT
6ba797265063410e8f8f,HATE,PUNCT_NOISE
82e1e6a066fe4512be8c,CLEAN,CHAR_REPEAT
0d4538ed1dbe43939718,CLEAN,MIXED
670e4438f2314518aa4b,CLEAN,ORIGINAL
fd6a670a98c74501a6d7,CLEAN,PUNCT_NOISE
0a332dbe6b4a4e1fbd31,CLEAN,OBFUSCATION
d679ba94f19148869774,HATE,PUNCT_NOISE
03643bafad4e47f39fcc,CLEAN,MIXED
17592b204f204ae78a21,CLEAN,MIXED
a9938fe374104ad084b7,CLEAN,ORIGINAL
9764d5ae95a84b89b7ce,CLEAN,ORIGINAL
8e89a78175784250a2d1,CLEAN,PUNCT_NOISE
dfceba8624e5438e8c5f,CLEAN,ORIGINAL
3b91df4ccba841c399ad,CLEAN,CHAR_REPEAT
c3b2fd57a20f45ba93ce,HATE,MIXED
d1dd6d79cdca4b7b9ce5,CLEAN,CHAR_REPEAT
d7bb022ccff74d4fb735,CLEAN,OBFUSCATION
980d8d20b19d405384b3,CLEAN,PUNCT_NOISE
fb371e6ed70a47fc985d,CLEAN,MIXED
fecedd84dd8846b985e9,CLEAN,NO_DIACRITICS
f769bc74cc9542e7bc7a,CLEAN,PUNCT_NOISE
e73c8b1fd3a841c0a25a,CLEAN,TEENCODE
057da860b65f404cbcfd,OFFENSIVE,ORIGINAL
5137d54427744861abb2,HATE,ORIGINAL
cc91224f8bae4df18fb5,CLEAN,ORIGINAL
caec5e6bdd534ba3832a,CLEAN,MIXED
c6bbc682853e4a22b345,HATE,CHAR_REPEAT
bfb296b16de14952b707,CLEAN,ORIGINAL
1f7f5c62ffdd40ebb04f,CLEAN,ORIGINAL
002e86a632a742d68865,CLEAN,NO_DIACRITICS
d2a6213e709c4392aea7,CLEAN,TEENCODE
e88acedb90f148aab12d,CLEAN,PUNCT_NOISE
c495d4c2c8984f269907,HATE,OBFUSCATION
ede7416976d6416d8c32,CLEAN,MIXED
5d76104e248d4bd7a916,OFFENSIVE,ORIGINAL
f768384ffbdb453583fc,CLEAN,OBFUSCATION
505e7e9e4dc84ddf989d,CLEAN,NO_DIACRITICS
916aa7aa81144af4bc4f,CLEAN,ORIGINAL
d93867240a434bc59d76,HATE,ORIGINAL
199218c28f0749ea8931,CLEAN,OBFUSCATION
238a7e294dd24eee8ca3,CLEAN,ORIGINAL
810ae1a3c21940468387,CLEAN,NO_DIACRITICS
5ddc8ce6e24440f49702,CLEAN,PUNCT_NOISE
0f68f2edc73e4d228c5f,CLEAN,ORIGINAL
9327f99a47534f8b8fcf,OFFENSIVE,CHAR_REPEAT
4a9a1c2d31f74214965c,CLEAN,PUNCT_NOISE
a1532cb2c1714ee9b69d,CLEAN,PUNCT_NOISE
f2647cb67dda46bd8183,CLEAN,ORIGINAL
a035fd28df3e4633aee3,CLEAN,OBFUSCATION
447de709587d4b5c830c,CLEAN,ORIGINAL
688d477e9d2d4844ac91,CLEAN,NO_DIACRITICS
c01323468ebc4ba89d00,CLEAN,ORIGINAL
d100b5a1b01242c3bd61,CLEAN,OBFUSCATION
03ffd64fe7194b44aa7d,CLEAN,ORIGINAL
732de763b32243a4bd08,CLEAN,MIXED
85e1133e07574b0ba019,CLEAN,PUNCT_NOISE
87c03455af5a41129723,CLEAN,CHAR_REPEAT
e6693807799547cfa7bc,CLEAN,OBFUSCATION
fea3c810ba2949fa994b,CLEAN,NO_DIACRITICS
dd79771eeba34107ae57,CLEAN,CHAR_REPEAT
4b783ea9272342a08a2c,CLEAN,CHAR_REPEAT
4ef72fd38edf41b08782,CLEAN,NO_DIACRITICS
c5e7b42ab3ff43e1b57f,CLEAN,ORIGINAL
4080e325062845878724,CLEAN,CHAR_REPEAT
0cebf25119ef41988b3a,CLEAN,NO_DIACRITICS
2bf2e530a5e34a729f88,CLEAN,ORIGINAL
a2fbe48eef1e41389ff1,CLEAN,NO_DIACRITICS
9a5b0da5deb441eab83a,CLEAN,NO_DIACRITICS
535387a5edba4a4894e7,CLEAN,MIXED
40229782136b40869346,OFFENSIVE,PUNCT_NOISE
b5330bcc2b9f46688975,CLEAN,CHAR_REPEAT
2b4f342f9e354141bc54,CLEAN,CHAR_REPEAT
841b3fda619b4274b683,CLEAN,CHAR_REPEAT
ae304b615e294fbfbb2d,HATE,ORIGINAL
b6b9745f4d17474687f6,CLEAN,ORIGINAL
8788c58081ff4872aad8,CLEAN,ORIGINAL
9812ced760684d60a4ba,CLEAN,ORIGINAL
09283d3ae4d142d6b617,HATE,NO_DIACRITICS
b56a750d990b453c8feb,CLEAN,NO_DIACRITICS
728e7bcb068e45d48280,CLEAN,PUNCT_NOISE
6933f4f457994e60851b,CLEAN,ORIGINAL
9b4fdb1fbb2b4aa78a39,CLEAN,PUNCT_NOISE
b8932a40529048a8a58a,CLEAN,CHAR_REPEAT
1bbcca1a64764304b821,CLEAN,OBFUSCATION
c53419e9802646489dec,CLEAN,ORIGINAL
70bd5d66c27c49ecbc87,CLEAN,OBFUSCATION
234536378e904a1c8d60,HATE,ORIGINAL
ababbe8fe7c44437b1e6,CLEAN,ORIGINAL
ff76a67cdb934bbaac06,CLEAN,MIXED
46c362da999144398df4,CLEAN,OBFUSCATION
628613b577c34751bb6a,HATE,ORIGINAL
bb566a11deb84ecbacb0,CLEAN,OBFUSCATION
8f3e37a3afa848479ed7,CLEAN,NO_DIACRITICS
2b32d3f5ee0141509792,HATE,MIXED
8a8b71ff548648039505,CLEAN,MIXED
2c14f6b9c7664fb89d0d,CLEAN,CHAR_REPEAT
39de301d23e642dbb0af,CLEAN,PUNCT_NOISE
6732e2f2681844ef8f8d,CLEAN,NO_DIACRITICS
439f259476d644dbb820,CLEAN,ORIGINAL
75e2c585eb864438bb4c,CLEAN,PUNCT_NOISE
cc345bf02eeb450087a7,CLEAN,PUNCT_NOISE
ec67f5d4e1ed40c083f7,CLEAN,NO_DIACRITICS
baba0516ecc1443984e5,CLEAN,CHAR_REPEAT
c6fccf2fcbbe4323a8e5,CLEAN,ORIGINAL
a5f02fda7bcd448db79c,CLEAN,PUNCT_NOISE
f8cb236b465643ee9b52,CLEAN,TEENCODE
6c6f1c2c125d4139ab00,CLEAN,ORIGINAL
e368db5042324ce2ae01,CLEAN,ORIGINAL
235dddbb5e164035841d,CLEAN,ORIGINAL
a48bed1ff136493099ec,CLEAN,CHAR_REPEAT
3a2d0b3d5ef6448a9acf,CLEAN,TEENCODE
349d014069e5428a9148,CLEAN,NO_DIACRITICS
6d848d924be14eca8267,CLEAN,NO_DIACRITICS
cb6bd879cb8747659c84,CLEAN,CHAR_REPEAT
a9b120fcfb1b4a7da60c,CLEAN,ORIGINAL
70c23b0e5fbe4118bf3d,CLEAN,PUNCT_NOISE
9c731fd7d83e47debb40,CLEAN,CHAR_REPEAT
13e37a2476304725a555,CLEAN,NO_DIACRITICS
8168e00d0eb546a28bf5,OFFENSIVE,OBFUSCATION
d89c0dd913764083baf7,CLEAN,OBFUSCATION
09463d2c46cf46a6b9ee,CLEAN,ORIGINAL
754ae1ac55044d76a1ae,CLEAN,ORIGINAL
53add46926f94fb498bf,CLEAN,PUNCT_NOISE
39c196312fbc41d4a69b,CLEAN,OBFUSCATION
1611a62c4c6c4cdfa4d0,CLEAN,ORIGINAL
184b14c9f3c94bb0bd4e,CLEAN,OBFUSCATION
013bf780b4d447248c51,CLEAN,CHAR_REPEAT
32c6a5fbdecd4f92935c,OFFENSIVE,ORIGINAL
704caeba714c466983e4,CLEAN,ORIGINAL
31f55ce78c3146fd8014,CLEAN,MIXED
84472fc9127741c29c28,CLEAN,NO_DIACRITICS
85495d660015463da3a2,CLEAN,PUNCT_NOISE
2f6745f6a4e54eb8adc6,CLEAN,ORIGINAL
3304c5128fc447059f9e,CLEAN,ORIGINAL
c9d761438242403497ff,CLEAN,ORIGINAL
b90af8228e244590870a,CLEAN,OBFUSCATION
6c89a6b45d884362a0cc,CLEAN,OBFUSCATION
93860abae0644792b1af,CLEAN,ORIGINAL
cf8a7df33fba4b54adf6,CLEAN,PUNCT_NOISE
ff57d046f4fb41ddb2a2,CLEAN,MIXED
05c40d04841d473b936c,CLEAN,PUNCT_NOISE
6a4b12493713468ba66e,CLEAN,ORIGINAL
2a244b1617f64633901e,HATE,ORIGINAL
2b346cea777f4d5dad0f,CLEAN,ORIGINAL
53ffa7c0855549f1976f,CLEAN,PUNCT_NOISE
e83b6165672645809913,CLEAN,CHAR_REPEAT
58c655260cb145cc98fa,CLEAN,CHAR_REPEAT
7e1c3ab35b55454a9ff7,CLEAN,ORIGINAL
270dc763d54f425abf50,CLEAN,MIXED
72ad3f103dbf4b8e94b5,OFFENSIVE,OBFUSCATION
c6206bf81d4f42e49dda,CLEAN,MIXED
a449234aa3284baab967,CLEAN,MIXED
455576234d1f438e8ce9,CLEAN,NO_DIACRITICS
be30c21b0584415d9b11,CLEAN,ORIGINAL
bc24656265f14591ad0c,CLEAN,NO_DIACRITICS
b8e3fe10caf345f7af0e,CLEAN,OBFUSCATION
ee34ff876b1b46e09294,CLEAN,OBFUSCATION
e37a10b1ce3041118569,CLEAN,MIXED
9e53700f144b413aa6bf,CLEAN,ORIGINAL
d1f423265ff04f539e58,OFFENSIVE,OBFUSCATION
0e8afe90d42842a9bd4d,HATE,CHAR_REPEAT
33dd9e4220914889b300,CLEAN,OBFUSCATION
2dd4a2a703da409a8f6c,CLEAN,PUNCT_NOISE
e02c39578ac44cd4a3a4,CLEAN,ORIGINAL
c459b56ffb114399898e,CLEAN,NO_DIACRITICS
2149d84ecdf646f7a18e,CLEAN,ORIGINAL
d73afc87b4d84ae299dc,OFFENSIVE,OBFUSCATION
22167920b39d431cb50e,CLEAN,OBFUSCATION
e1e55771e9d74175ae8a,CLEAN,CHAR_REPEAT
d76b881551104ec59b5d,CLEAN,CHAR_REPEAT
c3b7cb25e5cb41118bf0,CLEAN,PUNCT_NOISE
a574045c5d6141b2ac31,CLEAN,ORIGINAL
170a423fcfe446c1a7bb,CLEAN,OBFUSCATION
fbdd609eec5f4929ae7a,CLEAN,NO_DIACRITICS
16a7def2753e426e87a7,CLEAN,ORIGINAL
11a4b7ced5384e13856b,CLEAN,ORIGINAL
77414d1d87c5482b8507,CLEAN,MIXED
b5c2cc6eec814fae9f1e,CLEAN,CHAR_REPEAT
c74ce8c144bb43bf9fb2,CLEAN,ORIGINAL
d5df11a17eea4f2c90ef,CLEAN,OBFUSCATION
cdc0c495526e46508253,CLEAN,ORIGINAL
ceaae34216e64aff9f54,CLEAN,MIXED
64db452dc1c1451fbfd6,CLEAN,NO_DIACRITICS
763a52dc1d3540d5bbef,HATE,NO_DIACRITICS
4d3e66e7b94840269acd,CLEAN,PUNCT_NOISE
a071a496f0e94bf28a69,HATE,PUNCT_NOISE
96d88bbe09994a1db040,CLEAN,CHAR_REPEAT
16651ae9fa2b4865a688,CLEAN,MIXED
02f510d56beb4c649f91,CLEAN,CHAR_REPEAT
28ec8faa8fa342dcaa0c,OFFENSIVE,PUNCT_NOISE
80245b9a3bcd45a49131,CLEAN,OBFUSCATION
55f98374b292456297bd,CLEAN,NO_DIACRITICS
40bce6f55b464553a908,CLEAN,ORIGINAL
892c63dd8781485c83d2,CLEAN,OBFUSCATION
feadc0375e1e419789b4,CLEAN,ORIGINAL
181af5b663354c9197af,CLEAN,ORIGINAL
15e1c85e9b594e36af0c,HATE,MIXED
3ad7127d55aa42c0adc8,CLEAN,ORIGINAL
3f13351af88a4b048b53,CLEAN,CHAR_REPEAT
b954f503d4034f188985,CLEAN,CHAR_REPEAT
3296c876575e40879820,CLEAN,CHAR_REPEAT
eb17c1a1ac004f58a727,CLEAN,ORIGINAL
dcfdf0cd5a854bd6a2af,HATE,PUNCT_NOISE
ac1de81929284770b48c,CLEAN,OBFUSCATION
436d32b6805941d59429,CLEAN,ORIGINAL
c85ce8332d0d418f85fa,HATE,ORIGINAL
1899e360e9f94f5498c2,CLEAN,ORIGINAL
790821e22e7f4d7da71a,CLEAN,MIXED
2a81a768ff964db9922f,CLEAN,MIXED
96c00c8f538046a88007,CLEAN,ORIGINAL
ac357d42bdfb4a92b259,CLEAN,ORIGINAL
7571aa8e44d241d5a4c8,OFFENSIVE,ORIGINAL
7227ee9f0a02479fabbe,CLEAN,CHAR_REPEAT
86de77da87254cd2b5a5,CLEAN,ORIGINAL
4d07526d452347eab068,CLEAN,ORIGINAL
2dedc5d2ea6a4348af12,OFFENSIVE,PUNCT_NOISE
4c7b28c3aafd40e0a7fa,CLEAN,CHAR_REPEAT
8d563dabd84e4f0c811c,CLEAN,CHAR_REPEAT
54991678478d4c30bc95,CLEAN,ORIGINAL
44865c015ade421fb46e,HATE,OBFUSCATION
0f64b8df6d644384a8a0,OFFENSIVE,NO_DIACRITICS
ae281b3201814ea1884f,CLEAN,ORIGINAL
6037a20bc8804cb7b152,OFFENSIVE,PUNCT_NOISE
2207d4471dc1450dbda8,HATE,ORIGINAL
fbe69ead10b2431097dc,CLEAN,PUNCT_NOISE
dd7a89dddd3845e19565,HATE,PUNCT_NOISE
7a04dedc86cf404d89a2,CLEAN,OBFUSCATION
db787ae0f8ae4421b8a3,CLEAN,MIXED
42ba9fc8cb7145f68ae7,CLEAN,ORIGINAL
b064775f71ea41ac882f,CLEAN,CHAR_REPEAT
29b31c8e1f0c497187eb,CLEAN,ORIGINAL
54d2cf03250b4ea9b957,HATE,OBFUSCATION
1b348351b1b94a2aa7ae,CLEAN,NO_DIACRITICS
ed36d6b3dd5442009af0,CLEAN,MIXED
b0520f39405f406b9962,HATE,PUNCT_NOISE
9319badf61c541818dce,CLEAN,ORIGINAL
8cf63497961a476497df,CLEAN,MIXED
08151fee33bf43abbef2,CLEAN,ORIGINAL
f76b3f5e663b48a08722,CLEAN,ORIGINAL
405a7342c3c64d858906,CLEAN,MIXED
41b7a5394ee3439f8fac,CLEAN,PUNCT_NOISE
e481a093b63b47f68fcd,CLEAN,TEENCODE
3c98ac4baa6c4dec8e98,CLEAN,ORIGINAL
0bd3419f9b6a401db3e5,HATE,OBFUSCATION
975a25646627425dbb0a,CLEAN,MIXED
25c04362acfa4806889d,CLEAN,CHAR_REPEAT
d898f43e88ee4892a2be,HATE,NO_DIACRITICS
e1115fcc575448b4b474,CLEAN,OBFUSCATION
160f2306f03e4c70b753,CLEAN,OBFUSCATION
eef745ada74741f78866,CLEAN,ORIGINAL
93f39122223e45619a65,CLEAN,MIXED
46f1e40a96244e72b467,CLEAN,MIXED
12ca966a029d4df1901e,CLEAN,ORIGINAL
19639457d570482599c1,CLEAN,MIXED
972acc02ab4946b5a758,CLEAN,MIXED
d60bd990701b4f06ba1c,CLEAN,PUNCT_NOISE
b4e374091d9b4444b1a0,CLEAN,NO_DIACRITICS
58eebed1fcf44d058488,CLEAN,NO_DIACRITICS
d0be5b7fd27245da856c,CLEAN,OBFUSCATION
259ae3bd8bc340d4816e,CLEAN,PUNCT_NOISE
f4d7d1886719466a907c,CLEAN,ORIGINAL
433e6cd0b9f34692b314,CLEAN,OBFUSCATION
c7b87c45f8a146c1bea0,CLEAN,CHAR_REPEAT
a5f97f46b21449fb888f,CLEAN,MIXED
b90cfa98fe6c4b36b83b,CLEAN,MIXED
1b588532108443a2b926,CLEAN,CHAR_REPEAT
c87284ca8bb844b0a10b,CLEAN,OBFUSCATION
a1ca5424642e4b2ca836,CLEAN,ORIGINAL
13db5d1c173a4287b6db,CLEAN,PUNCT_NOISE
4a975b5b23a24d2f9f0c,CLEAN,OBFUSCATION
097b4fcf69d1425b8437,CLEAN,CHAR_REPEAT
58d2de13e9214c67ac3b,CLEAN,NO_DIACRITICS
94a425834e484e9c9fb6,CLEAN,ORIGINAL
28d65ac7d349416b9db7,CLEAN,ORIGINAL
322ad7b517834bf68752,CLEAN,NO_DIACRITICS
8521cf538723429d895f,OFFENSIVE,ORIGINAL
c5b298e1d0ee4ad6934c,CLEAN,CHAR_REPEAT
38e4a7b181e24dcd99da,CLEAN,NO_DIACRITICS
d63c5717e03d4abeb704,CLEAN,CHAR_REPEAT
8ed5a8ce940e4dc89747,CLEAN,CHAR_REPEAT
ea5db931d9004d6a8e0c,HATE,MIXED
a486be577fcb483187ab,CLEAN,ORIGINAL
f633bf483ea941eba458,CLEAN,CHAR_REPEAT
6ffc44e973b14beca326,CLEAN,CHAR_REPEAT
20838bcdef864d5390ca,CLEAN,CHAR_REPEAT
7e3ea56171df48e79d19,CLEAN,PUNCT_NOISE
723300325c524562821c,CLEAN,OBFUSCATION
8f3aeb8fee5d4e84b902,CLEAN,NO_DIACRITICS
301807e29a7c4aaaba26,HATE,ORIGINAL
ffcfcd5674d94f54b4a0,CLEAN,ORIGINAL
ebae0b1619a74cb8b258,CLEAN,OBFUSCATION
f06832728a7a4f6e919a,CLEAN,OBFUSCATION
16f6a24a442a481d8f67,CLEAN,NO_DIACRITICS
b12f20e10f2143f4b10e,CLEAN,ORIGINAL
5264bd1a0e0444fe989c,OFFENSIVE,OBFUSCATION
631ba98bf5c74cd388f9,HATE,OBFUSCATION
3e23ba54c7aa427ba0d4,CLEAN,ORIGINAL
4793698b543640e9861e,CLEAN,NO_DIACRITICS
c13dac697d2e45528555,CLEAN,MIXED
f1b0c5fdbf1d41f8aad9,CLEAN,NO_DIACRITICS
5c2592a4ccf24f95af32,OFFENSIVE,ORIGINAL
8fa87cab088a40879cd0,CLEAN,NO_DIACRITICS
d02949c3178a494d8851,HATE,PUNCT_NOISE
1139b54d0df2437ea189,CLEAN,OBFUSCATION
729ca8b8e2ed406d8cb1,HATE,PUNCT_NOISE
362e597efe8b4baf8ee0,HATE,CHAR_REPEAT
c444cd227ced4bffbfcd,CLEAN,CHAR_REPEAT
ac11f908713f48a19bb6,CLEAN,OBFUSCATION
5a9e9308e8084faeb4cd,CLEAN,OBFUSCATION
0b5a68522a854a01a9d7,CLEAN,OBFUSCATION
cb58158b850d4505a298,OFFENSIVE,OBFUSCATION
fc72ade86d924ff88046,CLEAN,NO_DIACRITICS
7797d40edcfa49769b66,OFFENSIVE,MIXED
7a2cb0a8d1b74ee0837a,CLEAN,ORIGINAL
7441ee3a83c84d89a6e8,CLEAN,ORIGINAL
a7c0f816a31e44f4b8a9,CLEAN,PUNCT_NOISE
84e28ae90ed6448c861e,CLEAN,ORIGINAL
c91309961aca4517a408,OFFENSIVE,CHAR_REPEAT
324eb56eeb7041d19869,CLEAN,ORIGINAL
a067e51138a5492d8c1d,CLEAN,ORIGINAL
1d19c50ec9eb46848a82,CLEAN,MIXED
49a2d453bd6c40e2a0d2,CLEAN,PUNCT_NOISE
62622cb91618478cae40,CLEAN,ORIGINAL
9755dc9b99ed4725be75,OFFENSIVE,MIXED
f575a0984efc450bb83e,CLEAN,MIXED
2ece5e1286e5436abee8,CLEAN,ORIGINAL
ddaf28cd9934411c8137,CLEAN,MIXED
705b42bfa81642d8972d,CLEAN,NO_DIACRITICS
910a28e0105d4451a001,CLEAN,CHAR_REPEAT
3ff8073ba1d9458995ca,CLEAN,ORIGINAL
f283999d2cec48819f01,CLEAN,ORIGINAL
3233c71373124c0bbf01,OFFENSIVE,OBFUSCATION
7cec5b7b66884f738aec,CLEAN,ORIGINAL
72de8148f7784d55989e,CLEAN,OBFUSCATION
4849bcadbb604661ae69,CLEAN,NO_DIACRITICS
9bb378920c0c48b58bec,OFFENSIVE,CHAR_REPEAT
e3a19ca5176a4af58f70,CLEAN,ORIGINAL
78586be92d6e4fc98934,CLEAN,TEENCODE
3b7de015580844b8a189,CLEAN,ORIGINAL
3021bc5307c84bfbbd5e,CLEAN,CHAR_REPEAT
1c2f0d8c75d9469d93d1,HATE,OBFUSCATION
eadb67e5e56c4577af3a,CLEAN,NO_DIACRITICS
08984a7dd80e4252ba29,CLEAN,MIXED
fc790f16ad7140fc9e55,CLEAN,PUNCT_NOISE
9255ffa1725f46f49839,OFFENSIVE,CHAR_REPEAT
374a597bf32b464ea1d5,HATE,OBFUSCATION
4f494925155f45a3bc77,CLEAN,MIXED
6d9034018b1c4f1c9ac2,CLEAN,ORIGINAL
163bcf24206c427bb427,CLEAN,PUNCT_NOISE
96c94182dbe94090a05d,CLEAN,ORIGINAL
ae85e74f71134903be39,CLEAN,CHAR_REPEAT
210799169aa647b69e2b,CLEAN,ORIGINAL
53fed13a1f434a8c8daf,CLEAN,ORIGINAL
c404f452596b41b2a03b,CLEAN,PUNCT_NOISE
cbec78a375094cbc99ce,CLEAN,NO_DIACRITICS
83acb8b29b17407baf05,CLEAN,MIXED
d805091ad75d46bb83e4,CLEAN,ORIGINAL
99b7c71d9edb4f6c9496,HATE,NO_DIACRITICS
67e65b740f174da7bd2e,OFFENSIVE,CHAR_REPEAT
5af2161173454e91960f,CLEAN,ORIGINAL
06b421f7e16842e3a2cb,CLEAN,OBFUSCATION
e4b8ae826cf545149ca3,CLEAN,OBFUSCATION
9d5d9e1d4d074dce8f37,CLEAN,NO_DIACRITICS
8fe3771f9efa4623bbf0,CLEAN,ORIGINAL
7ce93baddc104f669529,CLEAN,TEENCODE
a6f38df6062d475d80be,CLEAN,NO_DIACRITICS
527173e0f73245538a07,CLEAN,PUNCT_NOISE
8e883d67286d4293845f,CLEAN,NO_DIACRITICS
33b300fa78f64e37b17f,CLEAN,OBFUSCATION
ac5105e490364aa388a9,CLEAN,ORIGINAL
dddd92c8110948d69695,CLEAN,OBFUSCATION
d29193371f5f4380aa7e,HATE,ORIGINAL
be3a42193c644f0c95f5,CLEAN,ORIGINAL
e27817e1e4c44625a425,CLEAN,MIXED
23bc875ea68347a6a05a,HATE,ORIGINAL
bc5898a285f5454f8a2a,CLEAN,ORIGINAL
577422a197784175a736,CLEAN,ORIGINAL
b98765c1b36145d98c05,CLEAN,PUNCT_NOISE
2f303159e5064530b547,CLEAN,ORIGINAL
ac04118ddcea4223a519,CLEAN,MIXED
f8e27494c3ba4daf8c1b,HATE,CHAR_REPEAT
c9127831ea9f45319f3e,HATE,ORIGINAL
f25284dd37a9467eb49d,CLEAN,MIXED
cd65d0c5269b4d47b882,CLEAN,CHAR_REPEAT
d684824d72a044279624,CLEAN,PUNCT_NOISE
c4654ab413444d128d01,CLEAN,ORIGINAL
891e99831bfc4667b7f4,CLEAN,NO_DIACRITICS
75a46dd80eb3466b9376,OFFENSIVE,ORIGINAL
12e6954ceb854602baa3,CLEAN,TEENCODE
065f2903216d40c990c1,CLEAN,CHAR_REPEAT
66ea7815ad51466692ad,CLEAN,PUNCT_NOISE
44d95b37dda844399584,CLEAN,ORIGINAL
e671beab33f940d08154,CLEAN,ORIGINAL
e61338da74c247e1b66f,CLEAN,ORIGINAL
09787347a3b24893b7ab,CLEAN,ORIGINAL
9b2c3a4ef4dc42ceb3b3,CLEAN,CHAR_REPEAT
8c1c2cf41599440fb98e,CLEAN,ORIGINAL
a2f7a4508aff40218786,CLEAN,NO_DIACRITICS
2720575c56064990b88e,CLEAN,ORIGINAL
31ed8591aeb94f91b6b0,CLEAN,NO_DIACRITICS
34e1c0bf9cbc4aaa90fe,HATE,OBFUSCATION
acb8e0c56faf4028af2e,CLEAN,NO_DIACRITICS
8b938a4cf3fc4844998b,CLEAN,OBFUSCATION
9fcd01a2d192469a8ff0,CLEAN,OBFUSCATION
75a5eec49b6941eb8dbe,CLEAN,ORIGINAL
3678921adc134d5bb98c,CLEAN,ORIGINAL
ccf040ca34fb41d7b2ee,OFFENSIVE,ORIGINAL
15fdf07b586844db83a3,CLEAN,ORIGINAL
2343972ba4504b7f8339,CLEAN,NO_DIACRITICS
5730ec4c38054322a274,CLEAN,CHAR_REPEAT
0b5beb6c60114cceb54e,CLEAN,MIXED
fec402a34534417c9c61,CLEAN,CHAR_REPEAT
5d24565dd6584647b9fa,CLEAN,ORIGINAL
06c536e01c544a40ab7b,CLEAN,NO_DIACRITICS
90241efb840e429e937b,CLEAN,PUNCT_NOISE
431b03708dc24b2b98a3,CLEAN,NO_DIACRITICS
6c85d79a89be45dd874c,CLEAN,ORIGINAL
929e8bbda54c4eadb454,CLEAN,MIXED
7f5863fb05d346b48101,CLEAN,MIXED
c9141d4368d74d069039,CLEAN,PUNCT_NOISE
40c1eb1a596c4005aea9,CLEAN,ORIGINAL
588bed2e0684441ba0c0,CLEAN,ORIGINAL
2f7e6e2a243c41319e33,CLEAN,PUNCT_NOISE
fa54228373fd488f9740,CLEAN,CHAR_REPEAT
cd6d10fb2b174525bb0b,CLEAN,ORIGINAL
cc613c4045da48a1ad35,CLEAN,OBFUSCATION
fc2b44d9660d4950903a,OFFENSIVE,PUNCT_NOISE
abaf033bd80d4519b731,CLEAN,CHAR_REPEAT
85eb011c3fb04648a170,CLEAN,OBFUSCATION
c73a47d5c5994aad95f0,CLEAN,MIXED
95ba317371b44d19b3df,OFFENSIVE,ORIGINAL
1dd91546da214d7fa73b,CLEAN,PUNCT_NOISE
df8723532519407f8378,CLEAN,PUNCT_NOISE
43594cf3f2d548518bd2,CLEAN,OBFUSCATION
e6fd0f39bce542b89c66,CLEAN,PUNCT_NOISE
9dce3cbc0e014a8c9ef4,CLEAN,CHAR_REPEAT
fba9667ba26e4942b35b,CLEAN,PUNCT_NOISE
9cd9b016d4e6444591da,CLEAN,ORIGINAL
aa2832196c6b40fa9941,OFFENSIVE,NO_DIACRITICS
b7d8596322c6422ea81a,CLEAN,PUNCT_NOISE
d626156b532d4777b18a,OFFENSIVE,PUNCT_NOISE
505b37513e194c588941,CLEAN,OBFUSCATION
402bb08923ec46bca62e,CLEAN,PUNCT_NOISE
29794a9121e3431f8acc,OFFENSIVE,ORIGINAL
a3228fbc314742ce8eca,CLEAN,NO_DIACRITICS
5370e0ae0d9f4ab1bf20,CLEAN,NO_DIACRITICS
2d1451a9fc994e938537,CLEAN,OBFUSCATION
61d3f8382d8e44119ffa,CLEAN,PUNCT_NOISE
42c61423774f4d468e45,CLEAN,OBFUSCATION
2a2731c0b21144598f2c,CLEAN,OBFUSCATION
0627764a01394cc6a6fb,CLEAN,NO_DIACRITICS
552b1eb969f244968457,CLEAN,ORIGINAL
b1e9e2eb9cc5401a8597,CLEAN,ORIGINAL
0ff6aed233b24e859660,CLEAN,ORIGINAL
87f7f88605894d0f8c9a,CLEAN,PUNCT_NOISE
f7adc22e6e16415db021,CLEAN,CHAR_REPEAT
63ec742b1e994414885e,CLEAN,ORIGINAL
3915fc8d4d5f4992b80e,CLEAN,NO_DIACRITICS
052440d4214341b59d4e,CLEAN,NO_DIACRITICS
73d921b8df034947a611,CLEAN,CHAR_REPEAT
6a4c18d07c014f44bc0e,CLEAN,ORIGINAL
14570a2948f74aa7a5ef,CLEAN,OBFUSCATION
a9cf34341e014bba85f7,CLEAN,ORIGINAL
2ee0af9fa0ce43a3bf59,CLEAN,PUNCT_NOISE
34d4607054b643b9ae40,CLEAN,OBFUSCATION
e7359a83e0174b53badc,CLEAN,ORIGINAL
932c9989779d49cd9ccd,CLEAN,ORIGINAL
c86e09bf8d0a4a74b27e,CLEAN,OBFUSCATION
a7d8dc81b14a41d49fc5,CLEAN,PUNCT_NOISE
14d872ab6c2149cbae2d,CLEAN,CHAR_REPEAT
c51b726bee5f4440be62,CLEAN,MIXED
caef1fc8171d4f68ac48,CLEAN,NO_DIACRITICS
5d3013b2490f438d8baa,CLEAN,MIXED
bbe94fee2a604aee8dbc,CLEAN,TEENCODE
876ec0eb447d4b9d8a29,CLEAN,ORIGINAL
775e009df12d4ac388b5,CLEAN,TEENCODE
0ce542202dad425fa3e6,CLEAN,NO_DIACRITICS
8a06de7ca20145529de0,OFFENSIVE,ORIGINAL
026182bfaea0429390e9,CLEAN,CHAR_REPEAT
4cf2596920ce4f69a106,CLEAN,CHAR_REPEAT
007762eee21b4680b617,HATE,CHAR_REPEAT
c0a273211acc46d59011,CLEAN,CHAR_REPEAT
7c70f79630c84b459eb6,CLEAN,PUNCT_NOISE
847d2f78cf0e471480ad,HATE,CHAR_REPEAT
66483d4e13284e738203,CLEAN,CHAR_REPEAT
22d248775f0a4bb6a7f4,CLEAN,NO_DIACRITICS
4f49e71d256145e48fe3,CLEAN,ORIGINAL
dd0ab9b919ec49d390c0,CLEAN,CHAR_REPEAT
418d4d7295a74a9a9c08,CLEAN,MIXED
4824869cef4540b48ea3,CLEAN,ORIGINAL
fcf04deedbbb4162b687,CLEAN,MIXED
51f033deb74748d9a4cb,CLEAN,MIXED
b961cc23ccb44adb834d,CLEAN,CHAR_REPEAT
7317bbcee4d84d7082c1,OFFENSIVE,CHAR_REPEAT
c803c2d9d8f843b0ae02,CLEAN,ORIGINAL
30d1902ddd9a4b80880c,CLEAN,CHAR_REPEAT
fcd31412dacc4fe38949,CLEAN,OBFUSCATION
dd30fd2c13194efdaab0,CLEAN,TEENCODE
3ae72aef75084de1af7e,CLEAN,OBFUSCATION
e86cab566eaa45d6b023,CLEAN,CHAR_REPEAT
f273ccf77cf34f2dbecc,OFFENSIVE,PUNCT_NOISE
49260f3737344efc9396,CLEAN,PUNCT_NOISE
e9148581383343249004,CLEAN,CHAR_REPEAT
e974da29fa7a45aa9fe5,CLEAN,CHAR_REPEAT
731d036e8a08444498cf,CLEAN,NO_DIACRITICS
629e4c7f2b88427dbf5b,CLEAN,NO_DIACRITICS
15d4880351a44d9e82ef,CLEAN,MIXED
0313015911f340178a4a,CLEAN,OBFUSCATION
f2e57e83cb3449bcb924,CLEAN,PUNCT_NOISE
34074c0f343c4e0d9fae,CLEAN,PUNCT_NOISE
195c996a252740308d7c,CLEAN,ORIGINAL
6cc6a9d299d041e99d3e,CLEAN,CHAR_REPEAT
30661b4d9b1844e4a398,CLEAN,CHAR_REPEAT
093f9fda80884bbaa2c0,CLEAN,MIXED
1689d96de47042278f47,CLEAN,ORIGINAL
a99f99751a114beb8e07,CLEAN,PUNCT_NOISE
19da9f609e2e4a698699,CLEAN,OBFUSCATION
d1265b1d0b5044b7a950,CLEAN,ORIGINAL
5a3859dfb92c45698bcb,HATE,OBFUSCATION
818372645394448d82c9,CLEAN,ORIGINAL
38127bb5b6a34cb3b034,CLEAN,CHAR_REPEAT
d27b00f4092f4d528193,CLEAN,NO_DIACRITICS
fb361ad8bbf84a7eb852,CLEAN,ORIGINAL
e05104ba189146a19ab5,CLEAN,NO_DIACRITICS
690f8530ef4c446a9caf,CLEAN,CHAR_REPEAT
18cb32d125c949dc887f,CLEAN,MIXED
d25155abc2524946ba65,CLEAN,ORIGINAL
b6909b109bd54c62bde2,CLEAN,OBFUSCATION
3960863103ba46ffb74e,CLEAN,PUNCT_NOISE
80270360e813424ca449,CLEAN,PUNCT_NOISE
1f33a1af6ad84102991d,HATE,NO_DIACRITICS
3fc6cd193f7844a1a2ec,CLEAN,PUNCT_NOISE
2fea70950b434a2ab19c,CLEAN,ORIGINAL
05447ae9c6b04bc28c57,CLEAN,PUNCT_NOISE
7453d9a1968043779a76,CLEAN,CHAR_REPEAT
e1645e99e6ff495d80dc,CLEAN,ORIGINAL
404c58967c2749d193f1,CLEAN,MIXED
f5ea9b6495854f1394ea,CLEAN,PUNCT_NOISE
e05b3f48516f4147b171,CLEAN,NO_DIACRITICS
7582fecf7cd143c1a0c7,HATE,NO_DIACRITICS
f58dc5f3b6194d41a6b6,CLEAN,NO_DIACRITICS
3a8917f452264d7ca625,CLEAN,OBFUSCATION
7142b0942df7435b8bf7,CLEAN,ORIGINAL
b3e9626b3dee480da23f,CLEAN,OBFUSCATION
577fd6bba249456b8fb8,OFFENSIVE,MIXED
0abe2fe7d3e1434f90d9,CLEAN,ORIGINAL
1996096c10cc416690e0,CLEAN,ORIGINAL
90d55a87261446c6a170,CLEAN,NO_DIACRITICS
262163897800431991f4,CLEAN,ORIGINAL
6aa235f6585245f09dd4,CLEAN,PUNCT_NOISE
e88359bb25ee4d93bf6a,CLEAN,NO_DIACRITICS
883fe4fb55db4f8e9d31,CLEAN,OBFUSCATION
99aec4f75c0948c8a284,CLEAN,OBFUSCATION
327ee96c5ec74c109d7d,CLEAN,CHAR_REPEAT
4445ac58190c4dfdb89a,OFFENSIVE,NO_DIACRITICS
b89c4e563f614910b782,CLEAN,NO_DIACRITICS
eece40b0b601431cbff0,OFFENSIVE,MIXED
b0a37cd65b2b4428af1e,CLEAN,NO_DIACRITICS
c3a87e00f76641e3a497,CLEAN,ORIGINAL
1a99cb1466bf46a58deb,CLEAN,OBFUSCATION
e05826c747814acbaa13,CLEAN,NO_DIACRITICS
c9dbc28313e54f3080a2,CLEAN,ORIGINAL
5b14d2bc15134929a30a,CLEAN,NO_DIACRITICS
5841c7194ba14e5a9593,CLEAN,ORIGINAL
b20c4d66b0ce4456b86b,CLEAN,ORIGINAL
0286a739c3b246dabb47,CLEAN,CHAR_REPEAT
03be9271a81c495a8e49,HATE,ORIGINAL
a6fdd245691f4488afc7,CLEAN,OBFUSCATION
ad3c21af42ca4895be8e,CLEAN,ORIGINAL
670139e562624409bbd9,CLEAN,ORIGINAL
0878b0c056da49d4a53a,CLEAN,ORIGINAL
b5797798834e4434954a,CLEAN,NO_DIACRITICS
d5ac435d279e4e8ab573,HATE,NO_DIACRITICS
0db3d71c03634760b0c6,CLEAN,CHAR_REPEAT
fce8c7c083fc4cecad97,CLEAN,ORIGINAL
5a780231b2eb46549d69,CLEAN,ORIGINAL
a78398162b0d43759f09,CLEAN,ORIGINAL
eab77e41c78d4c18888e,CLEAN,NO_DIACRITICS
35ecdb2eb5cd427ca5c0,CLEAN,CHAR_REPEAT
ea24c93b34234993808b,CLEAN,TEENCODE
645c647e94f04e0ab1ee,CLEAN,ORIGINAL
891a5e2a45dc4562b431,OFFENSIVE,CHAR_REPEAT
07f810482d5f4288a65d,CLEAN,CHAR_REPEAT
0a05104f797a4ff0a8a8,CLEAN,NO_DIACRITICS
8caf376fb1344df1855d,CLEAN,OBFUSCATION
e0bf9c172eea430aa829,HATE,CHAR_REPEAT
f0fa526cffb9471b8b80,HATE,CHAR_REPEAT
6825307dcf1f4dbf881f,CLEAN,NO_DIACRITICS
6bd984460cb54b07a600,CLEAN,MIXED
ae9c5611e41a4f7ab47b,HATE,MIXED
6f55700a7f134ea6a8a5,CLEAN,ORIGINAL
945f845a064c44e88a5f,CLEAN,MIXED
f2b1397b3f6e4b7b9934,OFFENSIVE,PUNCT_NOISE
69d58d5df6ef4a6f98dd,CLEAN,CHAR_REPEAT
1d6abec9a225471586cf,CLEAN,OBFUSCATION
b66f0eb3686d4b7fb958,CLEAN,ORIGINAL
0ce3475d7fee43c494ec,OFFENSIVE,OBFUSCATION
611054ab9c5a441a9bd9,OFFENSIVE,ORIGINAL
1fb5deca488f49c1a9f1,CLEAN,NO_DIACRITICS
9aa8826419e342878842,CLEAN,ORIGINAL
bfed8381548c449d998f,CLEAN,PUNCT_NOISE
43d68e03ea9b46d0a314,CLEAN,CHAR_REPEAT
a7df7e7c1bab4f97813b,CLEAN,PUNCT_NOISE
2dc0a03bc72541bead18,CLEAN,CHAR_REPEAT
c1254be03b6c4efcbcb9,HATE,OBFUSCATION
05af6d0f9da948c1ac8a,CLEAN,ORIGINAL
ea34a76eb1b84015bb72,CLEAN,PUNCT_NOISE
828ce274a9204dc1a381,CLEAN,NO_DIACRITICS
541219fbefba46b48b3e,CLEAN,MIXED
043d0450ec954e6b994e,HATE,OBFUSCATION
e1d46c3f47d14f90a9cd,CLEAN,CHAR_REPEAT
37d8ae3585a748979aea,OFFENSIVE,PUNCT_NOISE
e4112ec4894f4fdfbffb,CLEAN,MIXED
38522fc7643a4c348b08,CLEAN,ORIGINAL
0089d4df7eaf464ba09c,CLEAN,PUNCT_NOISE
7a3e7a3b9a0b4d09af35,CLEAN,ORIGINAL
51a9f576330c4ba094b3,CLEAN,MIXED
ad124c40da8b459e8d4e,HATE,MIXED
9f68a6414dc24dbf9a66,CLEAN,NO_DIACRITICS
06fcecce3b354aec8c45,CLEAN,NO_DIACRITICS
b88c3c5564414456a1d3,HATE,PUNCT_NOISE
0ef9675a435641d5be49,CLEAN,ORIGINAL
a682db612e8e459eb64d,CLEAN,ORIGINAL
eaf73a8c1b194636abe7,HATE,MIXED
75662f5ea5b142c888a0,CLEAN,MIXED
e4c7262c353440e2bd71,CLEAN,MIXED
6beaaae216984e5a9d19,CLEAN,MIXED
41026d80ab8d4491979a,CLEAN,OBFUSCATION
c254992c6cee4351825a,CLEAN,PUNCT_NOISE
6763d0dcd9f146799071,HATE,ORIGINAL
4a0e7647493e475cabdc,CLEAN,ORIGINAL
c06d3aa9c3d449a5981c,CLEAN,CHAR_REPEAT
64dc046ea74447f193f3,HATE,NO_DIACRITICS
00ef1975cac14b7f9fb1,CLEAN,ORIGINAL
656426a9a6c14ebc8210,CLEAN,OBFUSCATION
3c02ed37a8384e2da531,OFFENSIVE,ORIGINAL
9d73667ef7ea4976a396,CLEAN,TEENCODE
1bf60e3a41f4462dbda9,CLEAN,ORIGINAL
95f4a17aa48e4d0dae81,CLEAN,NO_DIACRITICS
808c170540db4ab4b94b,CLEAN,PUNCT_NOISE
12ec1be5110b4e99ba38,CLEAN,ORIGINAL
ee2265f2cb544bbdbd63,CLEAN,PUNCT_NOISE
27f258cde13342b48150,OFFENSIVE,ORIGINAL
ad6facbca231478abae3,CLEAN,ORIGINAL
ef7a7f9af0e444df8a4e,CLEAN,ORIGINAL
4204ce7cc6e4407e9ff5,CLEAN,ORIGINAL
6c62c15e911046cdbf3d,CLEAN,NO_DIACRITICS
f8803d30dab74d42ac50,CLEAN,NO_DIACRITICS
3a9173af552845a2b91f,HATE,ORIGINAL
ad64f7ccbbc044d986dd,CLEAN,ORIGINAL
e59972b40a36484ebe28,OFFENSIVE,ORIGINAL
459cfe0fff744b4ebeff,CLEAN,ORIGINAL
3fa8bd95206b404b9604,CLEAN,ORIGINAL
552a60212ce24cf4ae40,HATE,OBFUSCATION
1edda178fa8a4f0b802f,CLEAN,OBFUSCATION
9dd4f549594047648cc5,CLEAN,OBFUSCATION
d261d2ba899b46ba8791,CLEAN,MIXED
d05299ef30254817ab9d,CLEAN,ORIGINAL
587d8e4b3d72459a9dc0,CLEAN,ORIGINAL
817ccf3134244f848f58,CLEAN,OBFUSCATION
4d502b60b6254d24a13e,CLEAN,PUNCT_NOISE
b0ca72f2fe254b0bb68a,CLEAN,NO_DIACRITICS
8bf196c6eb7c414ead9d,CLEAN,ORIGINAL
285bf4d606aa4a22896e,CLEAN,ORIGINAL
4d36a5986bbb437dba8b,CLEAN,NO_DIACRITICS
8e4abd03c36348c38d61,HATE,ORIGINAL
476be8e23a664c85b502,CLEAN,NO_DIACRITICS
640ccea640f24b7a9636,CLEAN,PUNCT_NOISE
b539a595799744d990fb,CLEAN,CHAR_REPEAT
ac58097434804a8c894b,CLEAN,NO_DIACRITICS
0756369a90e649dd8da4,CLEAN,ORIGINAL
701435e342fe47209ead,CLEAN,CHAR_REPEAT
2d45af077c40489eb92d,CLEAN,MIXED
7b47b4d96eb54352a806,HATE,ORIGINAL
e03b31e718b94d58868a,CLEAN,ORIGINAL
4c33d3a5b77a43368069,CLEAN,CHAR_REPEAT
4d1ef922c7b343bea1ad,CLEAN,PUNCT_NOISE
723d6e7351a84f2fb0d5,CLEAN,OBFUSCATION
29d6e5b5baf5421aa561,CLEAN,PUNCT_NOISE
20b8944608b240fcbd92,CLEAN,CHAR_REPEAT
8671d259450e4ee9b62e,CLEAN,ORIGINAL
68255477d50f44179d3d,CLEAN,ORIGINAL
77b5e98489f5474194d1,CLEAN,OBFUSCATION
c18d9b8c00664ca0a7f5,CLEAN,ORIGINAL
7e81ee8f9d23484e8333,CLEAN,ORIGINAL
f0613113e8f34091b6b5,HATE,CHAR_REPEAT
de9ab99b4665400f881a,CLEAN,PUNCT_NOISE
92215c880867415bb2e1,CLEAN,PUNCT_NOISE
48a0dfa5953a4651baee,CLEAN,OBFUSCATION
592387b015284acdbbfa,CLEAN,ORIGINAL
e37558ba2d5f45008fa0,CLEAN,CHAR_REPEAT
f7964ddec2a04ef6876a,OFFENSIVE,TEENCODE
df6628ed1f77412f865b,CLEAN,OBFUSCATION
f20a34f383ef44a983c1,CLEAN,OBFUSCATION
d5dbd93b8e7341ed8edd,CLEAN,NO_DIACRITICS
822b1f4ef7214a86ad6f,HATE,ORIGINAL
551f2eff8a924ed59fc2,CLEAN,ORIGINAL
98557e564a0a4bc7b1be,CLEAN,MIXED
9590bcc6ca964da2ac19,CLEAN,OBFUSCATION
8ef6e4f8faa64ed7aecf,CLEAN,CHAR_REPEAT
7450304292dc427fbc26,CLEAN,ORIGINAL
e31dcd29b237435c9f33,CLEAN,ORIGINAL
ba3ba4b744c6489a8cdf,CLEAN,OBFUSCATION
78f00499a3cb4ab4a806,CLEAN,ORIGINAL
9e9df454441b465bb718,CLEAN,NO_DIACRITICS
68d434c1bf604981ac15,HATE,ORIGINAL
740b62cda9ee4db58e90,CLEAN,ORIGINAL
fc3a16b76e094e99a62c,CLEAN,CHAR_REPEAT
9603fda94a5c4a929e26,CLEAN,OBFUSCATION
f7498ebd723a49f58bc4,CLEAN,NO_DIACRITICS
6bd85ec240fc4b458cd7,CLEAN,OBFUSCATION
8028a2b8e0ec4369abe3,CLEAN,PUNCT_NOISE
1c3dad8c44274bcfa56c,CLEAN,CHAR_REPEAT
1e6a16f91a084c47a925,CLEAN,ORIGINAL
fcdf8ec24aab47008ba2,CLEAN,PUNCT_NOISE
78fbd7b4d5e54eb48d5b,HATE,TEENCODE
6bcd249670fc4d81b6f5,CLEAN,CHAR_REPEAT
abe6fe5ce034486393f0,HATE,OBFUSCATION
7b65e37fc15444b991d0,CLEAN,CHAR_REPEAT
75306a0282784f289726,OFFENSIVE,CHAR_REPEAT
8a8278856cd64fafbb4e,CLEAN,OBFUSCATION
a4e2f2c0bc8b4a7cac4f,CLEAN,PUNCT_NOISE
8afcf8322b914cc79ca3,CLEAN,CHAR_REPEAT
19eb9127e8bc495eb33d,CLEAN,ORIGINAL
971903d8306c4b54a23e,CLEAN,MIXED
f3c7642bd3374049816b,CLEAN,MIXED
60b4e8e0f9ae44379883,CLEAN,ORIGINAL
f4e16a068a4743c78f19,CLEAN,ORIGINAL
e8e40c6266d049988303,OFFENSIVE,CHAR_REPEAT
991e304a168440aca662,HATE,ORIGINAL
e42c70e09b46423b85d9,CLEAN,NO_DIACRITICS
fe7fe8626829416a83bd,CLEAN,PUNCT_NOISE
080a283e1883494f825c,CLEAN,CHAR_REPEAT
f8f010333fd44e9ca7d1,HATE,TEENCODE
8802d0c599ef4c378361,CLEAN,CHAR_REPEAT
7ad0c7b529de49adbcf4,CLEAN,PUNCT_NOISE
ebec17a2b70a40ddafe5,CLEAN,ORIGINAL
20e955e0cf0747a38d9d,CLEAN,ORIGINAL
d466d62d612544d1a2f9,HATE,ORIGINAL
f18e63a0ab8541899d66,CLEAN,OBFUSCATION
2352463d40644d6c9de4,OFFENSIVE,MIXED
6cb771edd526432582ce,CLEAN,ORIGINAL
20e79b18dd78416f9d78,CLEAN,MIXED
e0da4520e86e4b53a9d0,CLEAN,PUNCT_NOISE
00ab516a31664b5b9ff6,CLEAN,PUNCT_NOISE
51422caa1d5d4a3b8d32,OFFENSIVE,ORIGINAL
e20866d3cc224c73b1ec,CLEAN,PUNCT_NOISE
b909d92634b0452f8bef,CLEAN,PUNCT_NOISE
7c74f3f7ec184bafa231,CLEAN,TEENCODE
772d5febc84f452689c3,CLEAN,PUNCT_NOISE
bbd91f50342d4545ab88,CLEAN,PUNCT_NOISE
937061f04cbb4d0287f1,CLEAN,ORIGINAL
1c3f5e32e46e442faac8,OFFENSIVE,NO_DIACRITICS
45cd3c88137a4345a1d0,OFFENSIVE,ORIGINAL
7cef09795f224f29a9c4,CLEAN,NO_DIACRITICS
497dcf5a347b40228474,CLEAN,OBFUSCATION
4ef5632ffe364d8ca296,CLEAN,MIXED
02acbdc4a508424181d1,CLEAN,NO_DIACRITICS
f5659a35305f4ae1b558,CLEAN,MIXED
5fe627730c2f4d0297dd,CLEAN,NO_DIACRITICS
949e14957a6644dd8ca4,CLEAN,NO_DIACRITICS
3413c00534c242068564,CLEAN,NO_DIACRITICS
7c602704dede46c8ae05,CLEAN,CHAR_REPEAT
57c5b99e94d64665b64e,CLEAN,ORIGINAL
ba3c8a56c14e4542a2c5,CLEAN,TEENCODE
72744f7c9a2947f6babb,CLEAN,OBFUSCATION
dede8e4773df4d00af04,CLEAN,ORIGINAL
99008092dc944d92a94c,CLEAN,OBFUSCATION
28f5c748db2d42669578,HATE,CHAR_REPEAT
50d2754135804a2e9007,CLEAN,OBFUSCATION
5fa20907ef764cf98afd,CLEAN,ORIGINAL
2c3fabbf55e248afa325,CLEAN,TEENCODE
fb6738a3719e44af92a9,OFFENSIVE,NO_DIACRITICS
8fa12e835ecb4d1bb962,CLEAN,MIXED
7de3040237df441d9ace,CLEAN,ORIGINAL
c1aaac78bd2c4a8986f4,CLEAN,PUNCT_NOISE
0ab657f50dba4baba838,CLEAN,OBFUSCATION
9b69fb9c1c734114abf0,CLEAN,MIXED
32e82377684f40d69f01,CLEAN,ORIGINAL
b565978a645141d9ba36,CLEAN,NO_DIACRITICS
761ba2113f45492a866a,CLEAN,TEENCODE
ab24c223ea9244faa540,CLEAN,OBFUSCATION
1171bac7b42240a48849,CLEAN,NO_DIACRITICS
75a7c7479db04102b670,CLEAN,MIXED
e3c1c43f64894e36ad16,OFFENSIVE,ORIGINAL
070e958203124964baec,CLEAN,CHAR_REPEAT
a6b797769d4f44fea30e,CLEAN,ORIGINAL
5c7140bf9c204aff830d,CLEAN,OBFUSCATION
589572a6fbb2474ea706,CLEAN,MIXED
bbb5c2bb7b874ea18b84,CLEAN,PUNCT_NOISE
be798a9bd9d64ec99bf4,OFFENSIVE,NO_DIACRITICS
1c6ae5ea2c6c44189a10,CLEAN,ORIGINAL
3f105b8d35a24663b3de,CLEAN,PUNCT_NOISE
1d76c34c031c4a0f920c,CLEAN,OBFUSCATION
9d7da70ca7974d8ea488,CLEAN,ORIGINAL
26be142d3af54c62bd9d,CLEAN,NO_DIACRITICS
1ec1577b20534affaad4,CLEAN,ORIGINAL
905b3d09d85a49ddbcd7,HATE,PUNCT_NOISE
ca55469bbdaa463aba23,CLEAN,NO_DIACRITICS
3f6f6daa1128447c9955,CLEAN,CHAR_REPEAT
36a3b4975a5743128456,CLEAN,ORIGINAL
7c4a90d20dac400498a7,CLEAN,OBFUSCATION
97afc33b0b254a72b5e5,CLEAN,ORIGINAL
6bcb7258385948748d0a,CLEAN,ORIGINAL
8fca4505406841cf8085,CLEAN,NO_DIACRITICS
72d255dc4b324fd9bbcf,CLEAN,NO_DIACRITICS
244d67daabae4ce8a625,CLEAN,PUNCT_NOISE
2e641ac27cd7483ca784,CLEAN,ORIGINAL
9ad0edf22b7c4d318c81,OFFENSIVE,MIXED
b7ec31a755f041c2abef,CLEAN,ORIGINAL
ae8d0629b6d9448d87d9,CLEAN,ORIGINAL
3c83c83589ff4463a6bb,HATE,ORIGINAL
c0a06164de9c41098ed9,CLEAN,ORIGINAL
2a88af01770343f68311,CLEAN,CHAR_REPEAT
32c6f7ac787b436e80ff,HATE,CHAR_REPEAT
e2297efe3212471a8f27,CLEAN,NO_DIACRITICS
eb1bdb95154e414b90f7,CLEAN,CHAR_REPEAT
0114f92479624c2a8ec5,CLEAN,ORIGINAL
66cdd0874d234010a87d,CLEAN,CHAR_REPEAT
9e3227e1e95f4479a623,CLEAN,ORIGINAL
2e28073e1ef14daf81ff,HATE,OBFUSCATION
f16268ef5ae845689ca1,CLEAN,OBFUSCATION
303ba77938924c95bdb7,CLEAN,PUNCT_NOISE
6fe635ee64494ea0928e,OFFENSIVE,TEENCODE
a751fd35eb414078aba7,CLEAN,NO_DIACRITICS
285ff791b90c4c828bbb,CLEAN,ORIGINAL
36c52dcd2f6c4395a972,CLEAN,NO_DIACRITICS
615b720132704020b8a9,CLEAN,NO_DIACRITICS
4149f7473e904e2bacd1,CLEAN,PUNCT_NOISE
b24b6ab5b4044a01bf8f,CLEAN,ORIGINAL
bb3e37bb873a47d9b1c3,CLEAN,OBFUSCATION
d8d31bf435c64eda81a9,CLEAN,CHAR_REPEAT
9976c12361214dd1baf5,CLEAN,ORIGINAL
99c8ab77ebb6404bba5f,CLEAN,ORIGINAL
418c233d6a5849f6b6b0,CLEAN,NO_DIACRITICS
f1b5e74c32b948bab8dc,CLEAN,MIXED
b87535fe42554efca271,CLEAN,TEENCODE
1868622adeb54e0bb837,CLEAN,ORIGINAL
ab783c4b37ac4b6e966c,CLEAN,OBFUSCATION
0a53c39d3c314c3c8f8e,CLEAN,MIXED
498cdcd14ea1441eb9fb,CLEAN,NO_DIACRITICS
b1f78e8e145d4c5c9f0d,CLEAN,PUNCT_NOISE
9e1b387fe24b42b6884b,CLEAN,NO_DIACRITICS
bd068769120b44729bf5,CLEAN,ORIGINAL
bb346a01addd495cbc31,CLEAN,MIXED
aa003713cdd14b4fad8a,CLEAN,CHAR_REPEAT
9ad61c4ef2fa4d588aa5,CLEAN,ORIGINAL
86e316b1b0e644ceb59e,CLEAN,PUNCT_NOISE
dae42258d03b447593fb,CLEAN,MIXED
358ce9898ad14727a2c5,CLEAN,ORIGINAL
7f0c0aded43c45de8b77,CLEAN,OBFUSCATION
7dddae3dab944f5d8970,HATE,MIXED
f7e4fafd50dc40e48f47,CLEAN,ORIGINAL
d60b8c4ff7c34c01a766,CLEAN,ORIGINAL
50bb2bacb0764fa3b721,CLEAN,ORIGINAL
8d948bd60e8247b4b97c,OFFENSIVE,PUNCT_NOISE
05064fdfd4f8453ea839,CLEAN,OBFUSCATION
dbcff4ff00624c2aa964,CLEAN,ORIGINAL
b60a3d15d5374d4089bc,CLEAN,OBFUSCATION
1cb46bb522b94f6c8968,HATE,ORIGINAL
e15b5030c15c41c79e0d,CLEAN,ORIGINAL
f761e4079a4d4b4989c8,CLEAN,ORIGINAL
1d5da92cb391423a9f5a,CLEAN,ORIGINAL
f24fdc1eb5bd4897879b,OFFENSIVE,CHAR_REPEAT
c1ce8b22c47c4fcea44e,CLEAN,OBFUSCATION
4d0b43b583054afbbf01,CLEAN,ORIGINAL
d45c1b662e9347599ac0,CLEAN,ORIGINAL
c0c49dd4fd6b464c8917,CLEAN,MIXED
3766a1673dc342b0b055,CLEAN,CHAR_REPEAT
18b9c9bd517b49249f19,CLEAN,ORIGINAL
67bd9efc19744df58f99,HATE,ORIGINAL
c3b1139ca6094df2b263,CLEAN,MIXED
b841fdf97d644df3889c,CLEAN,NO_DIACRITICS
355e1580c35e4e28850e,HATE,OBFUSCATION
fa4512e495994f2dbf72,CLEAN,ORIGINAL
84785e07db734d548197,CLEAN,NO_DIACRITICS
b3da0e5b6a0d41719f8e,CLEAN,ORIGINAL
3f270de205de4a699ea9,HATE,CHAR_REPEAT
7c3e072d38164c379074,CLEAN,ORIGINAL
3689e0e1d9ae4db49d57,CLEAN,MIXED
ad7a231a498844a1a3e5,CLEAN,ORIGINAL
fa4dbce7c1ed4aac9d91,CLEAN,ORIGINAL
c41a1c31d4e14619ab2f,CLEAN,MIXED
470c460dfe474c96b8c9,CLEAN,PUNCT_NOISE
d4e0d32a734d4b00b8b4,CLEAN,CHAR_REPEAT
299558f92da64f939510,HATE,NO_DIACRITICS
a21a4aa437084e2f890e,HATE,CHAR_REPEAT
56c9fe2efba946d1b176,CLEAN,MIXED
d4a0ba3647224c50a577,CLEAN,ORIGINAL
3ed623d199b5418c86d0,CLEAN,ORIGINAL
9f9664dfd5654d0f934b,CLEAN,NO_DIACRITICS
5e4a2347a4814a7fbe82,CLEAN,NO_DIACRITICS
83c1d372296b444da545,OFFENSIVE,TEENCODE
1347184f665e4a7bb41a,CLEAN,PUNCT_NOISE
692487ce99704aee989d,CLEAN,NO_DIACRITICS
ed5d3094174b4170a5e2,CLEAN,CHAR_REPEAT
1b19436d865f42b2a4bf,CLEAN,ORIGINAL
35cb6e961b2e44aaa629,CLEAN,NO_DIACRITICS
34f11791a61e4285b47a,OFFENSIVE,NO_DIACRITICS
15ecdf711d4b45f5adf5,CLEAN,TEENCODE
95b992b29daf49deb339,CLEAN,MIXED
83d605d87ee3428d9674,OFFENSIVE,NO_DIACRITICS
92b5015d3ab947e588af,CLEAN,ORIGINAL
857af42f06f448f18b52,CLEAN,CHAR_REPEAT
aa1dabf7fe3b4c248c93,CLEAN,MIXED
131e1cce8a5b4802a655,CLEAN,CHAR_REPEAT
a5ac508971a7469db2f8,OFFENSIVE,NO_DIACRITICS
5d644212953f482d8623,CLEAN,CHAR_REPEAT
ae8cac1af9024353b640,CLEAN,MIXED
51f9ee423ead452d8bcf,HATE,OBFUSCATION
51b4ca07183b41b48496,CLEAN,OBFUSCATION
5f3c61ba13c74206bcee,CLEAN,PUNCT_NOISE
496f381bac8441ce93a9,HATE,ORIGINAL
562538b65e89491886d9,CLEAN,ORIGINAL
3bdeb2fd2eed4b6c912f,CLEAN,NO_DIACRITICS
2f99c9e4de784732a718,HATE,ORIGINAL
f48064018a954110a0dc,HATE,PUNCT_NOISE
0a2f560b9aa449e8b144,CLEAN,ORIGINAL
f083d5e38a0b41dd8371,OFFENSIVE,ORIGINAL
d40660005afb469abd47,CLEAN,NO_DIACRITICS
2926afba7af946c5abde,CLEAN,MIXED
4f2afe0ef3e64dc4a1fc,CLEAN,OBFUSCATION
80d62d0cd09e490b8af3,CLEAN,ORIGINAL
bed9dc199d2f4be29200,CLEAN,CHAR_REPEAT
36037188d00940808965,CLEAN,ORIGINAL
73724b3b1fbc41759b3a,CLEAN,ORIGINAL
609251b8114a4711a9e1,CLEAN,ORIGINAL
ef54cdaa059e45f38c28,CLEAN,PUNCT_NOISE
32eb47bf87fa4ff8b19a,CLEAN,NO_DIACRITICS
8ed5719b7bbd44f0a993,CLEAN,OBFUSCATION
4fd028a953464400a4c2,CLEAN,ORIGINAL
6351cd53bc47432cbc3c,CLEAN,ORIGINAL
f48f1dc494d04945b85d,CLEAN,NO_DIACRITICS
d3d9d797737341cfbbeb,CLEAN,PUNCT_NOISE
e481de38a93048f2a84a,CLEAN,ORIGINAL
81d821cc325847afa0d1,CLEAN,OBFUSCATION
3411aabcfc62452b9b86,CLEAN,CHAR_REPEAT
a0ebe442c69848f7aac7,CLEAN,CHAR_REPEAT
88f1913c899847a3b096,CLEAN,OBFUSCATION
7ae09d72792447d68bc4,CLEAN,CHAR_REPEAT
06eccba2ed02447d9c52,CLEAN,CHAR_REPEAT
64e977ec641b446b970b,HATE,ORIGINAL
326ec7603aa7464c8ff0,CLEAN,OBFUSCATION
d90bfa78ef8a4b2f9e30,CLEAN,MIXED
ea7ce25da02b4800816c,CLEAN,ORIGINAL
6763490fff124956b652,HATE,PUNCT_NOISE
e8948230bd96452eb51d,CLEAN,PUNCT_NOISE
5c21dda9db2f43e4a179,CLEAN,NO_DIACRITICS
d66ec34018234da48ad2,CLEAN,NO_DIACRITICS
cf562ef506394c6ca9d9,CLEAN,MIXED
5db7e6d8b8234e1b8d05,CLEAN,OBFUSCATION
5d23a0422c9843a096dd,HATE,MIXED
308e66219b4c4c4b8c4d,CLEAN,NO_DIACRITICS
363c3396c2964d2a906d,HATE,ORIGINAL
35f82bb11d454a3ba04f,HATE,ORIGINAL
e0fb128c8a8c44779665,CLEAN,MIXED
dbce610524584fcb8bbe,CLEAN,PUNCT_NOISE
5ac0acc431704a66b28e,CLEAN,PUNCT_NOISE
61b5ffc9e17843789595,CLEAN,CHAR_REPEAT
ef4332b41d1247e0b339,CLEAN,ORIGINAL
a94c01258dd94b43a4a9,CLEAN,NO_DIACRITICS
8c9df28306484a6ab031,CLEAN,NO_DIACRITICS
21c9f0cafb544f51a8df,CLEAN,NO_DIACRITICS
8f9e1507ca574dd28367,HATE,CHAR_REPEAT
d471722b1f1b4ff682c9,CLEAN,CHAR_REPEAT
8af770cd9d1a41f99698,CLEAN,PUNCT_NOISE
5e8a37226b2d4a4898f4,CLEAN,ORIGINAL
c2b1f162e2f24cf6bc55,CLEAN,ORIGINAL
84a3352cf7c44b7ea788,HATE,OBFUSCATION
4199896fe40d4935aa49,CLEAN,TEENCODE
098b405b21a842058b97,CLEAN,OBFUSCATION
66c1fbadbc7740b1bf65,CLEAN,ORIGINAL
90d81b1a590a4eac8a19,CLEAN,PUNCT_NOISE
4a6e6776f2ad47eb9382,CLEAN,OBFUSCATION
429f3ba8817347568229,CLEAN,ORIGINAL
46bb2f198c284dceb59d,CLEAN,MIXED
3d95cbee8999492cb47b,CLEAN,ORIGINAL
eaaf2c22255d4963b5d3,CLEAN,ORIGINAL
0734af026bcd47779224,CLEAN,MIXED
4023b936ba7142cb9ec0,CLEAN,TEENCODE
bc81f85d559f4cc2aa53,CLEAN,OBFUSCATION
252d04c253364c0bb5b1,CLEAN,ORIGINAL
39fb5af01a9d439d8f47,CLEAN,OBFUSCATION
7f06f89ba0f8439f8ba6,OFFENSIVE,OBFUSCATION
af99adb129c4430e91fc,CLEAN,PUNCT_NOISE
f63d81d2936b458e8f96,CLEAN,NO_DIACRITICS
b6bf0b35ca364ad4a4dd,CLEAN,PUNCT_NOISE
46af444e71584462ac3b,CLEAN,CHAR_REPEAT
c660d7c1ec524b6093ff,CLEAN,PUNCT_NOISE
590037cf15be453088cd,CLEAN,OBFUSCATION
2597b20ead1844b3823f,HATE,NO_DIACRITICS
a134cd4f95e44cda9990,CLEAN,ORIGINAL
b3fd753e6eb348d58f4c,HATE,ORIGINAL
3d1406001c9f4f269ec5,CLEAN,CHAR_REPEAT
431d8b44797941569aca,OFFENSIVE,ORIGINAL
aab29b0d0e874460a947,CLEAN,ORIGINAL
153e526d43d34615b5d7,CLEAN,OBFUSCATION
9116dbe2ed3a4788b4d4,CLEAN,CHAR_REPEAT
5c0b0b826e194de29746,CLEAN,ORIGINAL
17af4818f91e42769973,CLEAN,CHAR_REPEAT
0ce47835503a4213a874,OFFENSIVE,PUNCT_NOISE
bf181b3670784861904f,HATE,NO_DIACRITICS
41da14973fe6468c8187,CLEAN,CHAR_REPEAT
6ea6e5addc0f410e9e35,CLEAN,CHAR_REPEAT
fa42637f1ad449e8996d,CLEAN,CHAR_REPEAT
e027a5c8325e45e49ba7,OFFENSIVE,OBFUSCATION
8068768801b14fd28a78,CLEAN,NO_DIACRITICS
9121658c54ed41cbb068,CLEAN,MIXED
328d60ed4d72496ab30c,CLEAN,MIXED
d3623e0b2d5a4b94b8cb,CLEAN,MIXED
ccd570ada23a4f8ab860,CLEAN,CHAR_REPEAT
58e5d5711ea2440a9ca3,CLEAN,ORIGINAL
ec6521e3239b4d868e14,CLEAN,OBFUSCATION
f3366fafbf4f45f4b51e,CLEAN,ORIGINAL
808445a2dafc4e32a923,OFFENSIVE,NO_DIACRITICS
a826b1dac95c48eeac7a,CLEAN,PUNCT_NOISE
fe34c595be234093a7c6,OFFENSIVE,ORIGINAL
9b8dda0c690b4f5d9dbb,CLEAN,PUNCT_NOISE
f90044c7bfc841e78b99,CLEAN,OBFUSCATION
eb1b3eede3f74e1d90c0,CLEAN,ORIGINAL
00b22343470c45bd998c,CLEAN,PUNCT_NOISE
7bc2ce1ab8384ca185c7,CLEAN,NO_DIACRITICS
e56cf58bad97444681f8,HATE,ORIGINAL
11865196d7834906abdf,CLEAN,ORIGINAL
1a5c6e96028c42d0ae98,CLEAN,OBFUSCATION
2e8b6e03e31243cb8c4d,CLEAN,CHAR_REPEAT
b8fba3401e99482b966b,CLEAN,ORIGINAL
a45e207d7ef54ec2b599,CLEAN,PUNCT_NOISE
8a25fd569eb94c62be09,CLEAN,ORIGINAL
2f10eb55835d4fe6a16f,CLEAN,PUNCT_NOISE
f006acc443d347fb8d54,CLEAN,ORIGINAL
80822df848b149399443,CLEAN,MIXED
8138507694054e798c8a,CLEAN,NO_DIACRITICS
f1b9e6521b5349f38c66,CLEAN,ORIGINAL
0b1e052899e640c19478,CLEAN,OBFUSCATION
5c6327eb0a26483f8873,CLEAN,PUNCT_NOISE
d065d75fd5624a3bbb61,CLEAN,ORIGINAL
d370caee53294bb099b1,HATE,ORIGINAL
b16a4285c11741e28233,OFFENSIVE,ORIGINAL
547b4c4830b8476ba77e,CLEAN,NO_DIACRITICS
8a1f5d7792d6415cbc18,OFFENSIVE,NO_DIACRITICS
22565c513db44033869d,HATE,CHAR_REPEAT
b8037f07837b48509e61,HATE,OBFUSCATION
cd72d36961f6406d8cad,CLEAN,PUNCT_NOISE
2f86b8a981f2412b8b5f,CLEAN,OBFUSCATION
eadedb2b0fab481abd27,HATE,PUNCT_NOISE
1810042a31a043988ddb,CLEAN,MIXED
2f472437817f49a084d3,CLEAN,NO_DIACRITICS
6ea6f110d0e94424b6c8,OFFENSIVE,NO_DIACRITICS
670f3a48ad434770b74d,CLEAN,PUNCT_NOISE
4ec0af97a824457cabbb,CLEAN,CHAR_REPEAT
31bd1501d91046a9b408,CLEAN,OBFUSCATION
aee24dcf20784c32a20d,CLEAN,ORIGINAL
3bbb6608f70c4c709dd5,CLEAN,MIXED
a407470196844791b196,CLEAN,ORIGINAL
95914d1c35124553a3f1,CLEAN,PUNCT_NOISE
77c874216d8144e98818,CLEAN,NO_DIACRITICS
8e9035007e7f4e0ba7e2,CLEAN,CHAR_REPEAT
5713ef470f204b999dae,CLEAN,MIXED
6f8169b1b3f848f783d7,OFFENSIVE,ORIGINAL
900f2059f85c47f8a860,CLEAN,ORIGINAL
f7a5710caca1459dbd8b,CLEAN,MIXED
e43183734efd4a6ca400,CLEAN,ORIGINAL
83255f7eee134c9ebd9d,CLEAN,ORIGINAL
debfd0bf56d04a94a7cb,CLEAN,OBFUSCATION
6cae5ee058864910bea9,CLEAN,MIXED
d83b4b42cc834fab947a,CLEAN,MIXED
47afcc5c28514d0684c6,CLEAN,PUNCT_NOISE
17e848afcdee46568d0b,CLEAN,NO_DIACRITICS
35bcc5861f3f4b929d0a,CLEAN,CHAR_REPEAT
3955ca191d7748408d0b,CLEAN,NO_DIACRITICS
09d0a10cd44b4be8a57b,CLEAN,PUNCT_NOISE
c2d00939f27e48538adf,CLEAN,ORIGINAL
5a47768a7642428abe07,CLEAN,CHAR_REPEAT
bf5682445345419db9a5,CLEAN,TEENCODE
202fe566ad2f4eefbbe7,OFFENSIVE,ORIGINAL
71c9b0a37f3643e88b23,CLEAN,ORIGINAL
d90693606b0449afa170,CLEAN,MIXED
b6520d8bc09548d39b5c,CLEAN,ORIGINAL
0facb1c0dd2147ce9207,HATE,PUNCT_NOISE
f662cbf2a1b944fd9285,CLEAN,NO_DIACRITICS
686c56f9383a458fa811,CLEAN,TEENCODE
5a59740281824d84a879,CLEAN,ORIGINAL
2428b2a3172046f59fd3,CLEAN,ORIGINAL
77921a92104f4c679aa8,CLEAN,MIXED
0ee16810df4d49ee9c3d,CLEAN,OBFUSCATION
737203cc799b4846b918,OFFENSIVE,PUNCT_NOISE
5390502768144484865c,CLEAN,MIXED
22b073fafbbd456488d0,CLEAN,OBFUSCATION
aad2cf29d11a4999b40c,CLEAN,MIXED
ac49dced88ff4bf7bb26,CLEAN,ORIGINAL
ead522e99f9640a0a9f8,CLEAN,NO_DIACRITICS
18cd2a754b2e49ceafb1,CLEAN,CHAR_REPEAT
914ff6d8989a49aab9d2,CLEAN,ORIGINAL
03e1f621011f419b94a3,CLEAN,OBFUSCATION
7808fbd584384f6eae63,OFFENSIVE,ORIGINAL
bd4e753e16ec479083be,CLEAN,ORIGINAL
8cd7bc1f7b6343ceb6f0,CLEAN,ORIGINAL
0d6eb5e66b6d4ee3ba89,CLEAN,ORIGINAL
1ad75a4ecc6b4a339e90,CLEAN,OBFUSCATION
62a6d4e089f544cdb9ac,CLEAN,OBFUSCATION
85ba7e5b219e4484acee,CLEAN,CHAR_REPEAT
a16b6f34655d48b5b73e,CLEAN,PUNCT_NOISE
b45d24ae0ed04da5881e,CLEAN,ORIGINAL
255769e6113b4e108350,CLEAN,CHAR_REPEAT
b17b07f0268a43929af1,CLEAN,OBFUSCATION
500fa396ca804754aef2,CLEAN,OBFUSCATION
04fa0966306a4fc78bff,CLEAN,ORIGINAL
4cfc5db8034d4e57be40,CLEAN,PUNCT_NOISE
8194ba2d64fd4ab485ee,CLEAN,ORIGINAL
2409229b26574e9fa5d2,CLEAN,MIXED
8f8a79a2d797448b949f,CLEAN,MIXED
a469ddabf51f497db322,CLEAN,MIXED
409fd85f8859492f816b,HATE,CHAR_REPEAT
87b49b52827a45f68bec,CLEAN,ORIGINAL
85ba11e0385a4c31b74f,CLEAN,NO_DIACRITICS
daf8e89f693d4a87b2bc,HATE,NO_DIACRITICS
4dfec3fe696a4edc97bf,CLEAN,MIXED
278a68414b2441d3bc43,CLEAN,ORIGINAL
aa3a1bf827d040c79bb1,CLEAN,CHAR_REPEAT
3110cf3dadb14040a60c,CLEAN,NO_DIACRITICS
495028ddf15b4e03b643,CLEAN,CHAR_REPEAT
8c56e12cbb6d4b79bc92,CLEAN,NO_DIACRITICS
9c1594abbbad4822a3ae,CLEAN,ORIGINAL
a7a3536e62c54456aee1,CLEAN,MIXED
136aa80726fb4c6f9eee,CLEAN,ORIGINAL
709bf7d1cb394b4a86be,HATE,OBFUSCATION
53c2685052f04cc880ec,CLEAN,MIXED
f73a681e3bd146bd8c88,CLEAN,ORIGINAL
eb5bc9c51f3644e991b7,CLEAN,ORIGINAL
fc076986cc7849fda7a1,CLEAN,OBFUSCATION
a8a97668d9b94a9082ad,HATE,MIXED
73a0835a8cfa4747baaa,CLEAN,NO_DIACRITICS
6a023be3caad4cd3a34c,OFFENSIVE,ORIGINAL
fe08f042cb4945a29bbd,CLEAN,CHAR_REPEAT
610f49872c2e4d7aa510,CLEAN,OBFUSCATION
5205fc01081c417dbae9,CLEAN,ORIGINAL
121a536b145e483eb4ff,CLEAN,ORIGINAL
e805aa79ad094a3aa901,CLEAN,MIXED
6f84b303ac6b4755ae30,CLEAN,TEENCODE
80ca33e867f14f439ebf,CLEAN,MIXED
208daa0413fd4df6901d,HATE,CHAR_REPEAT
1eee815715af4eed9c0f,CLEAN,PUNCT_NOISE
f3e0d34a40ad475da0fd,CLEAN,OBFUSCATION
b982f94e782e4cceb636,CLEAN,CHAR_REPEAT
1d819f9f34f549aeb2ab,CLEAN,ORIGINAL
946ef2fa16b747549711,CLEAN,MIXED
1270f5fbc5c24c60a0c4,CLEAN,PUNCT_NOISE
cb725c2e26e64dc49e22,CLEAN,ORIGINAL
bb019b9ca5fd415a9790,CLEAN,PUNCT_NOISE
aa0cf68ec2974d3f91ae,CLEAN,OBFUSCATION
1b45334e3cb54146a957,OFFENSIVE,ORIGINAL
a82d32b469c746a58016,CLEAN,ORIGINAL
7d543564544541a28561,HATE,OBFUSCATION
39f188a0840e4a47a804,CLEAN,ORIGINAL
528a06b8cd984f7f862e,CLEAN,OBFUSCATION
1d03d32f506b42a2a41b,HATE,PUNCT_NOISE
5b906f073f2f41cba2e0,CLEAN,OBFUSCATION
73003e8628e44008a62f,CLEAN,ORIGINAL
44d8488888974bd7aabf,CLEAN,CHAR_REPEAT
b650f0e56bb9489f80af,CLEAN,ORIGINAL
1143409f0ddd4c30aa8d,HATE,OBFUSCATION
f8a2535b2c974acaae92,CLEAN,ORIGINAL
d81b2cc215c3416db03d,HATE,NO_DIACRITICS
0dcee950445145b8adbe,HATE,OBFUSCATION
11008063b5ad4835867e,CLEAN,NO_DIACRITICS
a4367fa573f24524bb90,CLEAN,TEENCODE
ded8acf762f4444ba4ed,CLEAN,OBFUSCATION
82dc886b6a9f40eca1d8,CLEAN,ORIGINAL
8dc1e2f486994540a2f1,CLEAN,ORIGINAL
a17be7d004d043259a2b,CLEAN,ORIGINAL
f8bcc8ce3ae54e30a271,CLEAN,ORIGINAL
146367d8de5d4901b857,CLEAN,OBFUSCATION
24060756da4e4217b09d,CLEAN,ORIGINAL
1774c9b0105f41e3b22a,OFFENSIVE,MIXED
5a8db606b9e24281a83b,CLEAN,ORIGINAL
66a7a9aef937412ca8cd,CLEAN,ORIGINAL
4dd0baa4450a4f0db5b8,OFFENSIVE,ORIGINAL
7a1cebaf40e0407da988,CLEAN,CHAR_REPEAT
fac878ece537419eac4f,HATE,OBFUSCATION
38e2808b3db24019819b,CLEAN,NO_DIACRITICS
84423d81e2164f619987,CLEAN,ORIGINAL
2f146bbbe2774df384e6,CLEAN,ORIGINAL
5af5d15676944258b7c2,CLEAN,PUNCT_NOISE
f433ff18ea97451bbdfa,HATE,MIXED
d792675c23684cf78d65,HATE,OBFUSCATION
0ef4650e73f346e4adc0,CLEAN,NO_DIACRITICS
39456b968754468b9e1f,OFFENSIVE,MIXED
bbff361bcff243ca9347,CLEAN,NO_DIACRITICS
3c69b896d77045d79ba4,CLEAN,NO_DIACRITICS
3e2fb452392e44969d12,CLEAN,ORIGINAL
e27d1de1538249af9580,CLEAN,PUNCT_NOISE
c6ac347838794881ae71,CLEAN,NO_DIACRITICS
3218e908032a42aa87df,CLEAN,ORIGINAL
26d1686f174c4af696e3,OFFENSIVE,ORIGINAL
9507f3b0757c420d9e6c,CLEAN,ORIGINAL
ace6cfec3ed14327a6ae,CLEAN,OBFUSCATION
b4369c854b284e9ea01e,CLEAN,ORIGINAL
0d90a38327484106bdd2,CLEAN,PUNCT_NOISE
a38f93aa23ae40378c0b,CLEAN,ORIGINAL
3cac7644252543448e4a,CLEAN,OBFUSCATION
d2a169670d3948b0a921,CLEAN,OBFUSCATION
bc4a7470bd9344849d4d,HATE,MIXED
80513965b88140e3a128,CLEAN,MIXED
37ecb5d39d744fac8982,CLEAN,OBFUSCATION
e1dbe5b26c864172a95a,CLEAN,PUNCT_NOISE
85c483ec6d3648e78067,CLEAN,CHAR_REPEAT
1e582f718e41437eb5e7,CLEAN,ORIGINAL
239330198519448b9e57,OFFENSIVE,ORIGINAL
23683e7ff37f4e778498,CLEAN,PUNCT_NOISE
1a321890d10c4f78a336,HATE,MIXED
e4120cc5b9c147fdba32,CLEAN,OBFUSCATION
f6eb7c2eebc74b2da819,CLEAN,NO_DIACRITICS
497d1bd3b1bc469d943a,CLEAN,OBFUSCATION
1a2ba2aaee4f4dd68508,HATE,PUNCT_NOISE
89d7edb7e7954ea1ad0c,OFFENSIVE,ORIGINAL
461013e9cd0941b3bd2e,CLEAN,TEENCODE
40236af07b4348aa9733,CLEAN,PUNCT_NOISE
955f2168e92c4cc298b7,CLEAN,CHAR_REPEAT
2354295978a94c04a816,CLEAN,PUNCT_NOISE
65a3e62869ed4efeba7a,CLEAN,OBFUSCATION
7184454ce7d04324b683,CLEAN,MIXED
9a8d54a27323497aaeeb,CLEAN,CHAR_REPEAT
9e8c85cd0e3b4ad1b255,CLEAN,ORIGINAL
ad0a3294b6fe437d86c6,CLEAN,PUNCT_NOISE
da4ba1b9ce9c4186858f,OFFENSIVE,CHAR_REPEAT
963818278a8449bd8135,CLEAN,PUNCT_NOISE
274c151ce9b84c1a8045,HATE,OBFUSCATION
d2a83690769e4041a7e0,CLEAN,OBFUSCATION
b55f540f1d074a65b167,OFFENSIVE,ORIGINAL
7dde6dcfd73c46ae92d9,CLEAN,PUNCT_NOISE
0536b32b4f8f4294b80b,CLEAN,ORIGINAL
d8f553809311402b95f0,CLEAN,ORIGINAL
ac2cb4090bad43288a31,CLEAN,CHAR_REPEAT
5d7b64e46f2f48d38046,CLEAN,ORIGINAL
ab4d3fdee67f45cc8674,CLEAN,PUNCT_NOISE
59ec83a90cb2458fac1f,CLEAN,CHAR_REPEAT
d3b765f31ded4e0787cc,CLEAN,NO_DIACRITICS
3c0baa2b608946a38d83,CLEAN,MIXED
3ced6900a8ff498c8a84,CLEAN,NO_DIACRITICS
a5c4587d0cd94a14a768,CLEAN,MIXED
da4f8aefcf4f45e787c3,CLEAN,PUNCT_NOISE
438d8f6e3d0a4add81fe,CLEAN,MIXED
1970bcc0e1544623b878,CLEAN,OBFUSCATION
e29674c4ad64496f8251,CLEAN,NO_DIACRITICS
97a0c846fd0d4dc39252,CLEAN,ORIGINAL
0b3fbe760886453bb098,HATE,ORIGINAL
ccdc6b33f35848c2a784,HATE,OBFUSCATION
dcc11f01d91b4bc3998a,HATE,ORIGINAL
b9bf47b1ce934a08a295,CLEAN,PUNCT_NOISE
b5ecaa70e3d14c81afb9,CLEAN,CHAR_REPEAT
f00bebf172ee46b0a8d7,CLEAN,ORIGINAL
0cace9b29d524039b88c,OFFENSIVE,MIXED
a2392fa98dad4d9ab144,OFFENSIVE,CHAR_REPEAT
9b2a0055959a4a3c844a,CLEAN,ORIGINAL
bf134a377c7140c6ade7,CLEAN,PUNCT_NOISE
fda8f91029664bff83ee,CLEAN,MIXED
b11cc1d96cdf4bfd8e4f,CLEAN,ORIGINAL
26500599839a4d448852,CLEAN,OBFUSCATION
e0fb264d785949fbb9a5,CLEAN,ORIGINAL
42be601e54404c329617,CLEAN,ORIGINAL
7e6c6dea8e2141c2b8b6,HATE,ORIGINAL
3384fc89ce2b4929992f,CLEAN,CHAR_REPEAT
895d3a3870054fc1b70e,CLEAN,ORIGINAL
075c245ab5ff4b15acfb,CLEAN,OBFUSCATION
53e6a39dfd3e469db909,CLEAN,ORIGINAL
21ade1b311914d23a9ea,CLEAN,NO_DIACRITICS
ff95ef9c4bc14bb08521,CLEAN,NO_DIACRITICS
a0afc5a62bb44e529417,CLEAN,NO_DIACRITICS
71c3f2e38ad2416a8f8b,CLEAN,OBFUSCATION
c19088f41bcc4eaabec8,CLEAN,PUNCT_NOISE
92bf7680eb88438d9f93,OFFENSIVE,ORIGINAL
a5ecb8daf76c4a51b54e,CLEAN,PUNCT_NOISE
488e1ec60fc74bc1b6df,CLEAN,PUNCT_NOISE
f0b59d1c78ec43558aa1,CLEAN,MIXED
67611ef6bebe4e5b9fdb,CLEAN,ORIGINAL
d740d9f0478d481b9e75,CLEAN,OBFUSCATION
a519178e5dee406facb1,CLEAN,ORIGINAL
58061609f31a4f868859,CLEAN,OBFUSCATION
97d9fbf094f542849d42,HATE,PUNCT_NOISE
1bd4d4a9cf394c76934a,CLEAN,NO_DIACRITICS
5ac0c0e248d441af869d,CLEAN,ORIGINAL
eea03d411f4e4f298504,CLEAN,PUNCT_NOISE
d3e6a1c965f044c8be84,HATE,ORIGINAL
4fc3dfacbe174c6b8468,CLEAN,NO_DIACRITICS
1b9b8c0489414f62af35,CLEAN,PUNCT_NOISE
7888ffd6ca9b4463b788,CLEAN,PUNCT_NOISE
9c2aecc8574542d1beaa,CLEAN,PUNCT_NOISE
dabdf8cbdd3d47ef87dc,CLEAN,PUNCT_NOISE
8a2ca72972d9449ab64e,CLEAN,PUNCT_NOISE
601a833ada0e4a49869b,CLEAN,CHAR_REPEAT
3cf735e0d1e04dc48539,CLEAN,ORIGINAL
a235c089d0a34aeab6fd,CLEAN,TEENCODE
0a8af641832c4b24a5dc,CLEAN,PUNCT_NOISE
836ca088eafc4d4a9daa,CLEAN,ORIGINAL
d414273abe834017817e,CLEAN,MIXED
dafadbec7e6a45da9d38,CLEAN,CHAR_REPEAT
c05df3db07994de7973f,CLEAN,PUNCT_NOISE
b6894f8847014988a717,CLEAN,CHAR_REPEAT
40dbbb17ddd54b68bd66,CLEAN,CHAR_REPEAT
dd8de746451b49a59452,CLEAN,ORIGINAL
08ea9ae9902b40458a89,CLEAN,ORIGINAL
3197a3fe6a574e2283fb,CLEAN,NO_DIACRITICS
0faba947ea28458783e7,CLEAN,PUNCT_NOISE
f01232cca465404a845a,CLEAN,CHAR_REPEAT
72be4f0f0d19432994e5,CLEAN,ORIGINAL
549deed96a94470c8d16,CLEAN,NO_DIACRITICS
348c5d012ed047ea8db1,OFFENSIVE,ORIGINAL
38365b39f26f43c799a1,CLEAN,OBFUSCATION
8772f49c7cd24bd4b2dd,HATE,MIXED
1c485a6dc07545448e8c,CLEAN,ORIGINAL
7204f059e3ec490e8439,CLEAN,CHAR_REPEAT
3bfd895c38a64b28ba2b,HATE,ORIGINAL
9ac2b41bb9ac43c2960e,CLEAN,OBFUSCATION
b656721194fd4197911a,CLEAN,OBFUSCATION
5a09560e2d5f4623add2,CLEAN,MIXED
1ec362d92eb34a4a8138,CLEAN,ORIGINAL
a5448026e2d141b284bc,CLEAN,MIXED
8962d0b94a40444fbeb5,OFFENSIVE,PUNCT_NOISE
51aebc685c3d4223b66e,CLEAN,ORIGINAL
0ee1baf149344144b3a9,CLEAN,CHAR_REPEAT
2206520b3b4747089027,CLEAN,OBFUSCATION
56d7612334b2462e9f4b,CLEAN,NO_DIACRITICS
27089566071e425c9494,OFFENSIVE,OBFUSCATION
a432c98f061c4344a12f,HATE,OBFUSCATION
09e49152357448c2972a,CLEAN,CHAR_REPEAT
bb24e96b58804253abb9,CLEAN,ORIGINAL
9fb4b5437808456099fc,CLEAN,OBFUSCATION
354c803f801c4daeb8d6,CLEAN,ORIGINAL
830bc27e778445398146,CLEAN,NO_DIACRITICS
07b052fd6def44c3b6d3,CLEAN,PUNCT_NOISE
2fbf84f663244ef68599,CLEAN,NO_DIACRITICS
81394b18b41044b4934f,CLEAN,ORIGINAL
b7a8ce74fb1a413f9cc3,HATE,ORIGINAL
909df2ccca934a11bccf,CLEAN,NO_DIACRITICS
2e7f2b0f93a9438d912d,HATE,CHAR_REPEAT
ad977c24f1134e528456,CLEAN,NO_DIACRITICS
74c6b7bc58114351a101,CLEAN,MIXED
6398493537c34753a164,CLEAN,NO_DIACRITICS
0c1b4d383ccd4de7bf93,CLEAN,MIXED
ffef60b787504df0a5fa,CLEAN,OBFUSCATION
294c3716bcce443ba9cd,CLEAN,PUNCT_NOISE
1dc17d9b6c29494a8097,OFFENSIVE,MIXED
5ac063ed85024df89645,CLEAN,MIXED
f7f43a9de95e46abab3b,CLEAN,ORIGINAL
52729bbd62224f79a7b1,CLEAN,ORIGINAL
5b202f747408448f9ccb,CLEAN,OBFUSCATION
cd228da1ea44472089d4,CLEAN,ORIGINAL
7e0c32deae1e4ca1bda2,CLEAN,ORIGINAL
5c4f20d304554a28a232,CLEAN,ORIGINAL
e714eaaeff314184b37c,CLEAN,TEENCODE
f03552edf43a4e3fa4f9,HATE,ORIGINAL
9bfc7bac3d204bd594d7,CLEAN,ORIGINAL
716950ab30224de6abaa,CLEAN,CHAR_REPEAT
114927b773014d5b869e,HATE,CHAR_REPEAT
82edcc25992a48bb8e35,CLEAN,ORIGINAL
a6781faf91234aa69cea,HATE,PUNCT_NOISE
8a332f87430c4a5bb6cc,CLEAN,ORIGINAL
a5ff54a5fbad4f7baa2b,CLEAN,ORIGINAL
5c9400fe3e4f4579bd05,OFFENSIVE,PUNCT_NOISE
756f3f2152dd40faaa2a,CLEAN,ORIGINAL
728d542ad9b74a838a56,CLEAN,MIXED
e37d1fb54bf845989818,CLEAN,ORIGINAL
0951b709c04e4f3c8de6,CLEAN,ORIGINAL
7532e76b677e4252ac65,CLEAN,ORIGINAL
93b58dcf551649bb9b4c,CLEAN,NO_DIACRITICS
5537a8b6422c45b6b595,CLEAN,CHAR_REPEAT
24099ae39e9c464295a0,CLEAN,PUNCT_NOISE
b7df84ae7b5c4eafa5fe,CLEAN,MIXED
b0228ff9155241fe8446,OFFENSIVE,NO_DIACRITICS
bd2350bf0015433aa55b,CLEAN,PUNCT_NOISE
ff7b982d8ec3473fbd40,CLEAN,ORIGINAL
f711379ba0d8416d8f95,CLEAN,CHAR_REPEAT
df22b45a69b64e978221,CLEAN,PUNCT_NOISE
8b724381924c460287f9,CLEAN,CHAR_REPEAT
159b3032828d42ee9d86,CLEAN,MIXED
64ad185f03864ba3b638,HATE,NO_DIACRITICS
a51ce26ad5884621b16f,OFFENSIVE,ORIGINAL
c66c54bb06904d4e91ca,HATE,PUNCT_NOISE
6ca1d0dccefc40efb937,HATE,ORIGINAL
449789e6af4d4d33b12b,CLEAN,NO_DIACRITICS
2975bfc69f6943129faa,CLEAN,CHAR_REPEAT
0c0b8080e7124e179fe6,CLEAN,ORIGINAL
b03f2451469e479ab9aa,CLEAN,OBFUSCATION
bfe4f7b9dbe4447ca0b7,CLEAN,ORIGINAL
9c549aacd863447f8c19,CLEAN,MIXED
90f693bb50a749b999f2,CLEAN,ORIGINAL
ea39f77a2e704215b6c6,CLEAN,NO_DIACRITICS
d5528f92508046479f82,CLEAN,ORIGINAL
614dc2caab254c00b786,CLEAN,NO_DIACRITICS
c7bfd9ffbfcd43e598a2,CLEAN,CHAR_REPEAT
4fcc982666244f97b416,CLEAN,MIXED
be1642c7b74d4f998878,CLEAN,PUNCT_NOISE
13231ebc956f458b9cba,CLEAN,OBFUSCATION
df15ff75373d44bab2d9,CLEAN,ORIGINAL
acb1eb156c53411296b2,CLEAN,ORIGINAL
f9c4024757e04307a53f,OFFENSIVE,ORIGINAL
851afa52828946aa967f,CLEAN,ORIGINAL
46fb3ae44d6f44adad9d,CLEAN,CHAR_REPEAT
6c91b1094de74feb8f94,CLEAN,NO_DIACRITICS
63cfe8ac00264a3f9c0e,CLEAN,NO_DIACRITICS
6ce5b150f91748dc8fd1,CLEAN,NO_DIACRITICS
f944374f105a4028bdd4,CLEAN,PUNCT_NOISE
f2250740e74b4b55b25f,CLEAN,ORIGINAL
ad36f062e5414f078da1,CLEAN,ORIGINAL
bff5708ad0c540a4a3c0,CLEAN,NO_DIACRITICS
19c631363ba44bdab568,CLEAN,TEENCODE
f413381290d04349a9b0,CLEAN,ORIGINAL
d84c5d8205f4442aa9a3,CLEAN,ORIGINAL
70643808e0d04804ae61,CLEAN,ORIGINAL
03a5d343ca1d4541af04,CLEAN,MIXED
37491243e53e47c8a1a2,OFFENSIVE,MIXED
70083087fa3f4ccbabca,CLEAN,MIXED
03ae38d1a0d64124b1d7,CLEAN,CHAR_REPEAT
f58000a130bc45ffbe15,HATE,ORIGINAL
4f710fc5d87c4be88140,CLEAN,ORIGINAL
f5f517ea61fe48ada067,CLEAN,NO_DIACRITICS
2f15d8759daa43f78241,CLEAN,NO_DIACRITICS
7d369aa2639a44a180a8,CLEAN,ORIGINAL
e6741a8320644316ae86,CLEAN,CHAR_REPEAT
5d4a42d18aeb4fde9c0e,CLEAN,ORIGINAL
da22b96567104c59b153,CLEAN,ORIGINAL
02f3242b7f9245538be7,CLEAN,CHAR_REPEAT
79419a38bc764b4cb8d6,CLEAN,NO_DIACRITICS
e4102433cacb4ec1af84,CLEAN,ORIGINAL
429ac846ef2c4e3b9936,CLEAN,CHAR_REPEAT
cfd087abdeb44f63af29,CLEAN,PUNCT_NOISE
a98c459a16db40318d9d,CLEAN,ORIGINAL
b233b63cbe734d649aa1,CLEAN,CHAR_REPEAT
23677592faa64ffa95e6,CLEAN,CHAR_REPEAT
c093f5c4535c472b93a8,CLEAN,NO_DIACRITICS
54d53393bd4343e9a1d1,CLEAN,OBFUSCATION
554dd144468b4b7cae16,CLEAN,PUNCT_NOISE
4a69945f60a740e6b23b,CLEAN,ORIGINAL
ad1e11b96d1f432aa92b,HATE,OBFUSCATION
a636a091375742f497d4,CLEAN,ORIGINAL
47b6a2ee3be14fd0a193,CLEAN,PUNCT_NOISE
33e781a339df4b7bbc4a,CLEAN,OBFUSCATION
2b1c5d3adbf04edeaa4b,CLEAN,PUNCT_NOISE
27fff080c0be4f76a5e8,CLEAN,ORIGINAL
5293b39a928e43e78319,HATE,ORIGINAL
cf8bf56ed3004818b66f,CLEAN,OBFUSCATION
3d07db5c3c02417f860b,CLEAN,NO_DIACRITICS
51b24cfdc5684451b55a,CLEAN,ORIGINAL
0c9cae64850b42e980ed,CLEAN,NO_DIACRITICS
93012edc6f834447b2f2,CLEAN,NO_DIACRITICS
f15e93e4279e488993ef,CLEAN,ORIGINAL
06102b1040fb44c9ba0e,CLEAN,ORIGINAL
f62c9cf6294f4ef882cd,CLEAN,ORIGINAL
67ce34d08cb0482d8ff8,CLEAN,OBFUSCATION
0323f5f2c7d643f9b4f7,CLEAN,NO_DIACRITICS
2f9ee7791afa4a3f9964,CLEAN,CHAR_REPEAT
015f1a5b258a4e94a05d,CLEAN,CHAR_REPEAT
50fbd77be24b485ea095,CLEAN,ORIGINAL
cb7654bdb18148168dc7,CLEAN,ORIGINAL
4d6ecab4ae8248f29cfb,CLEAN,ORIGINAL
2c83c289a5d54852b0af,HATE,ORIGINAL
a2607b5be0b94580be80,CLEAN,TEENCODE
b4502bc92965481c987e,CLEAN,OBFUSCATION
19ed61a213b04770a192,CLEAN,PUNCT_NOISE
c1c64914083f4340b6ac,CLEAN,PUNCT_NOISE
1cfefc5b60134fa78166,CLEAN,ORIGINAL
f247c96070d94078a2c4,CLEAN,OBFUSCATION
0ef61bcd6e7c4839a46c,CLEAN,CHAR_REPEAT
e37ff4e1b2f747d18b4d,HATE,CHAR_REPEAT
34a24605d0a6477cbf37,CLEAN,MIXED
db8f22fc67884336857c,CLEAN,ORIGINAL
0fa5e3b9c8aa45eb9ce9,HATE,TEENCODE
54b379b9a962475c89c9,HATE,OBFUSCATION
5cf808be0d1c47fd9c8c,CLEAN,CHAR_REPEAT
e8340b4f9f9e4bb9b5f5,HATE,PUNCT_NOISE
70be0ebad219438f8ad0,CLEAN,MIXED
77e7313a1e9442ee978b,CLEAN,TEENCODE
025c7e8dc54b4be3b41b,CLEAN,CHAR_REPEAT
f335dd75c0674443b9e5,CLEAN,ORIGINAL
15be95eb53b4442eb9c1,CLEAN,NO_DIACRITICS
47a0066680af48df88f3,CLEAN,TEENCODE
2bf6e696bc5442aba1a2,CLEAN,CHAR_REPEAT
05cbdf3f3e1543de9904,OFFENSIVE,ORIGINAL
2dba779081594c7c890d,CLEAN,ORIGINAL
463c210d377648c7bca4,CLEAN,MIXED
341d8d2aeee84fa7b06f,CLEAN,ORIGINAL
9a3933ddbceb43059a14,CLEAN,PUNCT_NOISE
75d8f1fd9bf746f1b7bd,CLEAN,NO_DIACRITICS
921d0a5418de4c1e90c4,CLEAN,ORIGINAL
099149bc6bbd4de08189,CLEAN,ORIGINAL
0d342436e08541749c33,OFFENSIVE,NO_DIACRITICS
00614b7674a64d349152,CLEAN,MIXED
dbb32718e5cf41e99fa3,CLEAN,MIXED
367e81018cf844e885b0,CLEAN,CHAR_REPEAT
b4a2de65ed2f40a38c5e,CLEAN,CHAR_REPEAT
e5ca5c2f18944b38a864,CLEAN,ORIGINAL
397f42b8f4664feb93bb,CLEAN,ORIGINAL
6b581276862a42bebacc,CLEAN,PUNCT_NOISE
6a953639e8da40118e0f,CLEAN,OBFUSCATION
c1b807c251c2427aa8a5,CLEAN,ORIGINAL
d54f9777ecc34bcfbee8,CLEAN,CHAR_REPEAT
ba91ffe7acf64a0f880f,CLEAN,OBFUSCATION
87487a84af7b4ba29658,CLEAN,ORIGINAL
6ade5b17cbdd4655b21e,CLEAN,ORIGINAL
79a4316309a043fdb78b,CLEAN,ORIGINAL
02adf46c94af4cec932c,HATE,PUNCT_NOISE
1045d86b69fd450692ed,CLEAN,ORIGINAL
1cc9c269ef104948a14a,CLEAN,OBFUSCATION
6a62397d02564c99a599,CLEAN,NO_DIACRITICS
07f1586a6acb426ab1b4,CLEAN,ORIGINAL
1e9012b7fcac482383c9,HATE,OBFUSCATION
e891098bb5e144518261,CLEAN,ORIGINAL
5dab481b19df49bba8d3,CLEAN,PUNCT_NOISE
47685e8e1e9f4bf6a0e4,CLEAN,CHAR_REPEAT
9376528dab7b4ef58ace,CLEAN,TEENCODE
c8ad8bc55a85408bb9b5,CLEAN,ORIGINAL
4217691a52e643678f30,OFFENSIVE,ORIGINAL
0fc4a2d788924b89a9d5,CLEAN,CHAR_REPEAT
3d0e5ac290eb4aeaa4a4,CLEAN,ORIGINAL
74f96d91b13e4059a273,CLEAN,TEENCODE
dfd6c1238e1c453787e1,OFFENSIVE,PUNCT_NOISE
0067d81cbb4542e2b491,OFFENSIVE,ORIGINAL
416c41ff3f0f4cb6b062,CLEAN,ORIGINAL
682785f10ca8497ba303,CLEAN,CHAR_REPEAT
622bdc86387b4e03946a,CLEAN,ORIGINAL
e8ad6b53ab22463689a1,CLEAN,CHAR_REPEAT
15acd8c1662f44baaeeb,CLEAN,PUNCT_NOISE
82762eacbb7049468fe0,CLEAN,NO_DIACRITICS
e3fbc9c8228c4f3ba9cd,CLEAN,OBFUSCATION
6e704af45aa94007b8e4,CLEAN,NO_DIACRITICS
33d45fee3c464cd48a99,CLEAN,OBFUSCATION
98906426ebc044beb8e7,CLEAN,MIXED
c8c232335e8e495d8def,CLEAN,PUNCT_NOISE
d26c914e3bf54774b92f,CLEAN,NO_DIACRITICS
5f56a18301d74404b80c,CLEAN,CHAR_REPEAT
02fa1f13d7d04afa879b,CLEAN,ORIGINAL
573ea7b9894e494d9c21,CLEAN,PUNCT_NOISE
73069a0c18c3444aac3f,CLEAN,ORIGINAL
26b337e1ed6c4a4c890d,CLEAN,CHAR_REPEAT
af5ecc3c3ccd4473aab5,CLEAN,CHAR_REPEAT
0e6c098951304de29c25,CLEAN,CHAR_REPEAT
cdd2e6afb5fb44b9a619,CLEAN,ORIGINAL
a52f09386dc74264b1c8,HATE,MIXED
07c460c3474f4f22b6f0,CLEAN,MIXED
380f7533027e41a488c7,CLEAN,PUNCT_NOISE
3530bc6e419c457184e5,CLEAN,MIXED
fc968139635e4fc8bbe9,HATE,MIXED
d60fb4a696be46d4baa6,HATE,NO_DIACRITICS
570d31d90fa74f66b8ee,HATE,ORIGINAL
3d4e196db20e4d6fa50c,CLEAN,MIXED
dc88ab925d1b46ebb057,HATE,MIXED
140be149992844b98e18,HATE,ORIGINAL
3384152f4e8b41579c87,CLEAN,OBFUSCATION
202c8ac2d8df482095cc,OFFENSIVE,OBFUSCATION
8f85b78005fa401aaff2,CLEAN,OBFUSCATION
a832c7314636457a95d6,CLEAN,TEENCODE
af26f50911fc4a39b85c,OFFENSIVE,OBFUSCATION
a7209d66a6ed4f059594,CLEAN,ORIGINAL
ffc0365d917c44eea1f7,CLEAN,PUNCT_NOISE
b22ddad98b004f6c86cf,CLEAN,ORIGINAL
6fd5e37a757f47e0bb7e,CLEAN,NO_DIACRITICS
7d198286378746fcbf88,CLEAN,ORIGINAL
18050833b16a41f992d7,CLEAN,CHAR_REPEAT
34481973abc24998ad3b,CLEAN,TEENCODE
a664373f025d4a4da3d8,CLEAN,ORIGINAL
8f8d3081ac6b40618775,CLEAN,ORIGINAL
88f7e314179943baab90,CLEAN,MIXED
06b4d207c64346e5bc39,CLEAN,ORIGINAL
5cf6d7237cdd45d1b0f2,CLEAN,ORIGINAL
b604680d004a490ab85d,CLEAN,MIXED
c19a881ea123493287a2,CLEAN,MIXED
8bc1ba942fd54f84adfd,CLEAN,ORIGINAL
f41788fecc19406f9915,CLEAN,OBFUSCATION
9a9bb376d5724dbba972,CLEAN,PUNCT_NOISE
0166fccddb854ad9a93d,CLEAN,ORIGINAL
af9bca6540cd4fbc923a,CLEAN,MIXED
bfc7bba73b55427babc3,CLEAN,CHAR_REPEAT
0aa4155c85274edeb0c9,CLEAN,OBFUSCATION
6f673b915bf646308e12,CLEAN,CHAR_REPEAT
d11c9c8d9ea34691a88c,CLEAN,OBFUSCATION
06f67ffe0104401ba286,CLEAN,NO_DIACRITICS
9108dcfaaabf4d8ba17e,CLEAN,NO_DIACRITICS
cd8f345a07044195bec0,HATE,ORIGINAL
0e826d4fff9e472e9fb6,HATE,PUNCT_NOISE
0bc6111783214049b75f,CLEAN,PUNCT_NOISE
c8fe2e943d2846638119,HATE,ORIGINAL
9594952dc18d46688f11,CLEAN,ORIGINAL
e7cf56df156948c4840c,CLEAN,MIXED
a251aae090ed41179cbc,CLEAN,ORIGINAL
806d20d918104354a74b,OFFENSIVE,OBFUSCATION
c63b37edf3b44eb784e9,CLEAN,PUNCT_NOISE
cce1ee67d88445c1aa63,CLEAN,ORIGINAL
5833c646ef9f4297b4ee,CLEAN,MIXED
d59dd3abc961448b9184,CLEAN,ORIGINAL
3d8c22be7a1a4c9b9d8e,CLEAN,ORIGINAL
1fb1b4114c044a9f8b23,CLEAN,PUNCT_NOISE
65de9299d45b41f9920a,CLEAN,NO_DIACRITICS
21bb0457f7ad4bbeb463,CLEAN,NO_DIACRITICS
55bb039418264d06b8d1,CLEAN,ORIGINAL
7d6f80c7ce2f43679121,CLEAN,CHAR_REPEAT
5df4a692653f4ee39fd7,CLEAN,ORIGINAL
7a71b82fa49346cd9e2f,CLEAN,NO_DIACRITICS
25fad5077547441397df,CLEAN,NO_DIACRITICS
a80e8471110b43fda612,CLEAN,PUNCT_NOISE
4aeb6ddb29ab432399fa,CLEAN,PUNCT_NOISE
1be6cebcd828416a9e2e,CLEAN,NO_DIACRITICS
abada8c0e7cf462299ef,HATE,ORIGINAL
5a45a468a10d4546b773,CLEAN,PUNCT_NOISE
4cddeb047a474e779e67,CLEAN,NO_DIACRITICS
64db181cc9ab4b82bd64,CLEAN,ORIGINAL
bfbc1b8b31d84e0db195,CLEAN,MIXED
f78abc77cfc44f27a1fd,OFFENSIVE,ORIGINAL
372bdab640c44a6bbf60,CLEAN,OBFUSCATION
8c60ac9432404ea2b304,CLEAN,NO_DIACRITICS
0e65c8c69bb84f9ea469,CLEAN,MIXED
9c2f18f7c74b4f8ba0a9,CLEAN,NO_DIACRITICS
26833feacf55467bab9f,HATE,OBFUSCATION
3fda71b2c89a48ebb51f,CLEAN,PUNCT_NOISE
8490b140311b40428c42,CLEAN,MIXED
54a06eec9128440886dc,CLEAN,ORIGINAL
45f770adb02747eab44d,CLEAN,ORIGINAL
40f726eebae94625a699,CLEAN,TEENCODE
6cc3e80d9f134b72a41d,CLEAN,PUNCT_NOISE
688a0a8b807349dc85a5,CLEAN,OBFUSCATION
a99e003b32144ec4be06,CLEAN,ORIGINAL
f0bb89fe33eb4ec9bbcf,HATE,MIXED
0ea6ea4af546474a9860,CLEAN,OBFUSCATION
778c5eca8a0249e1958a,CLEAN,CHAR_REPEAT
c6a422dc3ad249e3b271,HATE,CHAR_REPEAT
1d131a505d484ef1aece,CLEAN,ORIGINAL
e0b87fbd744844448233,CLEAN,NO_DIACRITICS
c6e8e9d9fd304d22b07e,OFFENSIVE,ORIGINAL
d524edd5cbee4d2d8ccc,CLEAN,ORIGINAL
e61e293fc4254b5cbc88,CLEAN,OBFUSCATION
7885b6dbf06941498201,CLEAN,NO_DIACRITICS
ba27cbff353948b3ad6f,CLEAN,OBFUSCATION
98058e89f07642b1a8e7,HATE,OBFUSCATION
2c98492f48504444a6aa,CLEAN,PUNCT_NOISE
bda31ccdd2b94170b932,CLEAN,PUNCT_NOISE
2812a12933af452bbab8,CLEAN,OBFUSCATION
9f728f30493e4d498014,CLEAN,ORIGINAL
dc53fa71b74f44cebe09,CLEAN,ORIGINAL
92251a00baba45a788d5,CLEAN,ORIGINAL
8f4b589a6d5f4d2fb50a,CLEAN,PUNCT_NOISE
b052c42ab09c441f8781,HATE,ORIGINAL
926f091e8b7642b78be9,CLEAN,ORIGINAL
bd7b5011b63f45e5a374,CLEAN,MIXED
17a44f1c0809406abff9,CLEAN,CHAR_REPEAT
945ec58da59945db9e40,CLEAN,ORIGINAL
aab7be77ac224678a543,CLEAN,ORIGINAL
4c2a723b8bd84fc3a6e3,CLEAN,OBFUSCATION
6db702c938644546b9f3,CLEAN,OBFUSCATION
c6144f5c724542289e32,CLEAN,PUNCT_NOISE
e25c916fb0fe44b199d1,CLEAN,OBFUSCATION
96ed2d6799d848418d5f,HATE,CHAR_REPEAT
cb53853545e24d3fa8bb,OFFENSIVE,ORIGINAL
593294245da648bf989f,CLEAN,ORIGINAL
7aea3bafbd6a462e90ba,CLEAN,ORIGINAL
499f4c9b2547463098bc,CLEAN,ORIGINAL
fc5ff312e4d347188727,HATE,ORIGINAL
e25d9a82a4cd463b9425,CLEAN,PUNCT_NOISE
40bfa50c3fa241768285,CLEAN,MIXED
99bcd84fba774298b66c,CLEAN,OBFUSCATION
eb8c44c7866849b98e2c,CLEAN,MIXED
7d28be1725354e6ea01c,CLEAN,PUNCT_NOISE
53a0d2cf4230474c85fd,CLEAN,CHAR_REPEAT
b8ef0ee8a0ba4abfb146,CLEAN,CHAR_REPEAT
8bbb5ee423f34f30acc8,CLEAN,CHAR_REPEAT
d2346e8fbc6c4d23a1ff,CLEAN,CHAR_REPEAT
84b6d63374bd4b73a790,CLEAN,CHAR_REPEAT
370360a70c774789bad0,CLEAN,ORIGINAL
0022825327a44c569b3f,CLEAN,ORIGINAL
24d3a6082544479d9b5a,CLEAN,CHAR_REPEAT
8b8b68cacb704d35a7ee,CLEAN,NO_DIACRITICS
35244569cf324f13a300,CLEAN,MIXED
ee0499d3621a486f8418,CLEAN,NO_DIACRITICS
5ca6a2a7de964f5e9ff0,CLEAN,NO_DIACRITICS
1be4128fd8d24ee79bb0,CLEAN,NO_DIACRITICS
3bbdffb802c84898ad50,CLEAN,ORIGINAL
c5f67cc293fb4f80af60,CLEAN,OBFUSCATION
0e95941541e14683a57b,CLEAN,ORIGINAL
f688ce13a66e4519ac99,CLEAN,NO_DIACRITICS
2ebbd97f14a549999ea2,CLEAN,PUNCT_NOISE
a72db405ae07418caf66,CLEAN,OBFUSCATION
ee8c534ff21440b39706,CLEAN,CHAR_REPEAT
fc9f780b5fad45b3a8f1,CLEAN,OBFUSCATION
498650babb104292a7d7,OFFENSIVE,OBFUSCATION
49dec25d26e14d55b8d6,HATE,CHAR_REPEAT
093c3ffab67b437e8751,CLEAN,CHAR_REPEAT
17c4812dc4064bc6b8a3,CLEAN,CHAR_REPEAT
dc789ca23140453197a0,CLEAN,MIXED
c88643c4bb534701879f,CLEAN,MIXED
55b6b21aaba14552b340,CLEAN,NO_DIACRITICS
e1a008320d614829868c,CLEAN,CHAR_REPEAT
1e29753889754fb78921,CLEAN,CHAR_REPEAT
bfdc4988843f4205892b,OFFENSIVE,OBFUSCATION
5352bad54c4b4a6c8f65,CLEAN,ORIGINAL
63aae21190204c06bd7c,CLEAN,OBFUSCATION
405c8dcdf9a64e26b679,CLEAN,OBFUSCATION
72f28b0953544ee5ab88,CLEAN,CHAR_REPEAT
f8a2f5f3993040b49318,CLEAN,CHAR_REPEAT
e5bb6e98b49e419b8161,CLEAN,MIXED
028bf7a2c0ea469c9614,HATE,MIXED
df2ba49b769747dd9d54,CLEAN,CHAR_REPEAT
2ae6d945d9ee4e159e80,OFFENSIVE,CHAR_REPEAT
8f8d0d71fe1f4828b1d2,CLEAN,ORIGINAL
7197713ec94c49f9b762,CLEAN,MIXED
fe30829521384a58bb8b,CLEAN,CHAR_REPEAT
7631b91c83d24c15915a,HATE,NO_DIACRITICS
142291a2f52b4f1380f6,OFFENSIVE,ORIGINAL
2d5786bac7e2498a8ece,CLEAN,ORIGINAL
2c06852dac784979be3d,HATE,ORIGINAL
e27e72b2c2364dc1aedb,CLEAN,PUNCT_NOISE
041fa417c41b4948824c,OFFENSIVE,ORIGINAL
da9f3ee33a564df3bac4,OFFENSIVE,ORIGINAL
d53317b01c134d86991e,CLEAN,OBFUSCATION
9a1920792aa645f5a5b6,CLEAN,PUNCT_NOISE
daa4aa262a6c4068af2d,CLEAN,ORIGINAL
cf6af94b7daf466d969a,CLEAN,NO_DIACRITICS
f61e9e59e1144c93adb5,OFFENSIVE,ORIGINAL
bb27432ec347462ba488,CLEAN,NO_DIACRITICS
06fa77036163459eab52,CLEAN,ORIGINAL
50c4fd533e2c47fe98a7,OFFENSIVE,OBFUSCATION
cef8e28c2db3446fa239,CLEAN,MIXED
2e0487ba0f9d48699cf5,CLEAN,ORIGINAL
b3be9d845e26440ea48a,CLEAN,ORIGINAL
198ab19118644e03b4bf,CLEAN,ORIGINAL
0fb372cf3941458ba71b,CLEAN,OBFUSCATION
27f8de28c50c47bb8774,CLEAN,OBFUSCATION
d605a726dec04a65b515,CLEAN,OBFUSCATION
21957d5ca73e4c56a0f3,CLEAN,CHAR_REPEAT
1ec20611a7084c31993e,CLEAN,CHAR_REPEAT
cb439878b4004a9f9114,CLEAN,ORIGINAL
aa13f70462ef43118ce2,CLEAN,ORIGINAL
51da1771351b4610a283,CLEAN,CHAR_REPEAT
1d98c05ed12848ad9721,CLEAN,NO_DIACRITICS
e7898067129147669f86,CLEAN,ORIGINAL
e52b0384554c4b4389ae,CLEAN,ORIGINAL
85864bf07d4f40369284,OFFENSIVE,PUNCT_NOISE
163763733aff4871ab29,CLEAN,ORIGINAL
43f5bd98851b4090b928,CLEAN,PUNCT_NOISE
4e6e66fefe574146a274,CLEAN,TEENCODE
2eb679237e45496aa62b,CLEAN,PUNCT_NOISE
0dbff896df3d4952986d,CLEAN,PUNCT_NOISE
c7e1b2071dd04283afd9,CLEAN,NO_DIACRITICS
04f7f709b218493791d9,CLEAN,ORIGINAL
ea17b64c3c124d20b687,CLEAN,ORIGINAL
3b254ae8832f4f55ba11,HATE,ORIGINAL
fbfecbea9d574828adc8,CLEAN,OBFUSCATION
8f4fea1498cf4a9d996b,CLEAN,CHAR_REPEAT
8a1075e6b8214b36a0d2,CLEAN,ORIGINAL
5a7b114bab92452f8674,CLEAN,ORIGINAL
4e0ce0ac253943f8b8d1,OFFENSIVE,OBFUSCATION
c443f690fa0e4f45a553,CLEAN,CHAR_REPEAT
5205f446902444f7ac8b,CLEAN,PUNCT_NOISE
dcaf2397acff4e4d8841,CLEAN,CHAR_REPEAT
fcbcc04197954af083e8,CLEAN,NO_DIACRITICS
3861f59bd33a4fd3b87e,CLEAN,OBFUSCATION
77d0e036dad84f648098,CLEAN,ORIGINAL
c869441a9f2c4603a0e7,HATE,PUNCT_NOISE
b882e558387e43778f12,CLEAN,ORIGINAL
6866e2ea220f43deb76a,CLEAN,ORIGINAL
7b202b5a73aa485085c8,CLEAN,ORIGINAL
a53795615a4b412fb34d,CLEAN,NO_DIACRITICS
9a16284f04e64900ad4f,CLEAN,OBFUSCATION
2b5bce0b38b44c7db8cd,CLEAN,MIXED
2e84a179f7754244b2c3,CLEAN,PUNCT_NOISE
e678d5eddd324a54bc24,CLEAN,CHAR_REPEAT
eeedf01022f142c7b05a,CLEAN,PUNCT_NOISE
5adadcf6fdc94e16b5a6,CLEAN,ORIGINAL
afec63368f79492b9bdf,CLEAN,PUNCT_NOISE
9e9493ec94eb4d5a9b50,OFFENSIVE,ORIGINAL
2a12aa7325934ad9ada0,CLEAN,PUNCT_NOISE
91ddeccec7ab483e8ade,HATE,ORIGINAL
db68da47cf6d4f5c8eb9,CLEAN,PUNCT_NOISE
6aa5c8ba612145f5bb19,CLEAN,PUNCT_NOISE
d2122f348e254587ae99,CLEAN,ORIGINAL
9a8404069eca49e1b605,CLEAN,PUNCT_NOISE
7587c92873744b72a1bb,HATE,NO_DIACRITICS
27f39c626f1a421790cd,CLEAN,ORIGINAL
8bbd8304865841f0996e,HATE,CHAR_REPEAT
57b57111d524440496ad,CLEAN,ORIGINAL
6816645fcbb6477d9399,HATE,PUNCT_NOISE
57ad194cc5024e92951a,CLEAN,PUNCT_NOISE
6476d31126cf4dbeb5f2,CLEAN,OBFUSCATION
ef94c653272d400187aa,CLEAN,ORIGINAL
0bf4d435d2334388b1e3,CLEAN,OBFUSCATION
a1d76fa1777143cdb557,CLEAN,ORIGINAL
66a12d82c5734094b1fd,CLEAN,MIXED
806b718c95f643fdba32,CLEAN,OBFUSCATION
02603f040edb42908d62,CLEAN,NO_DIACRITICS
26b89b0a272341fc8e0e,CLEAN,OBFUSCATION
18739f835f804f41bfe6,CLEAN,NO_DIACRITICS
bbe13b806d2a44248392,CLEAN,OBFUSCATION
e358b13dc5214957a210,HATE,CHAR_REPEAT
bad7e9f58cfd4ab2ac7d,CLEAN,CHAR_REPEAT
06896677f04a42248977,CLEAN,OBFUSCATION
b0ddca5413474dacaf7f,CLEAN,NO_DIACRITICS
0ff84aee0dd249f39fe8,CLEAN,NO_DIACRITICS
2edfc5dd9eea4b2f8cb9,CLEAN,ORIGINAL
3c4033c2e2074fe5a7f3,CLEAN,OBFUSCATION
b5d485be576d463dbf94,CLEAN,PUNCT_NOISE
7e7fc9fc401e4fd89cff,CLEAN,OBFUSCATION
cb9db89b9ab5462a9b1f,CLEAN,OBFUSCATION
b3c4539f381f4d699422,CLEAN,PUNCT_NOISE
96ab1dec0d4f4b55b4db,CLEAN,NO_DIACRITICS
0e1d740894f5480cb8be,HATE,OBFUSCATION
e2868b713c254c9985eb,CLEAN,OBFUSCATION
381f183e3c16481b9505,CLEAN,CHAR_REPEAT
5e971329f70a49c891ab,CLEAN,PUNCT_NOISE
3dd7cf868f9a4c96a837,CLEAN,OBFUSCATION
136b43a47e3043eeade8,CLEAN,OBFUSCATION
75c0ee30ef684d058367,CLEAN,NO_DIACRITICS
016db68908ca4e40aa2b,CLEAN,PUNCT_NOISE
76c583538b764126aef7,CLEAN,ORIGINAL
130a289108ac4e6f94a4,CLEAN,CHAR_REPEAT
bc7fb2523a5248ce80cb,CLEAN,ORIGINAL
cfae5801a41f49a583bd,CLEAN,NO_DIACRITICS
d56b9959e0614acfb712,OFFENSIVE,NO_DIACRITICS
c5782bf78451417c9e6b,CLEAN,NO_DIACRITICS
59742245ec5044fb9fc0,CLEAN,MIXED
78198233652544cb8b7c,CLEAN,ORIGINAL
9918d65e81fb4544ad3b,CLEAN,CHAR_REPEAT
856fe3c1d3854770bb23,CLEAN,CHAR_REPEAT
9c652dfe19654ba38168,CLEAN,NO_DIACRITICS
ff0c3e5ce0c3422788a3,CLEAN,ORIGINAL
a91f9034992a4bf79322,HATE,ORIGINAL
5d14826ddccf4fbb8532,CLEAN,ORIGINAL
9de120984b284c23824b,CLEAN,PUNCT_NOISE
24b4597c588b4b868827,CLEAN,ORIGINAL
ee70f2c90ca74352b4e0,CLEAN,CHAR_REPEAT
d9ee8e589f514c89b0a2,CLEAN,CHAR_REPEAT
7e712563ac2b4d36ad79,CLEAN,OBFUSCATION
b118f00390f848a2806c,CLEAN,CHAR_REPEAT
e12d187105794a3e916f,CLEAN,MIXED
80588a4364064211869b,CLEAN,MIXED
7cc26acb5c7f49d49d75,CLEAN,ORIGINAL
ccf3e4e512dd4338b5bf,CLEAN,MIXED
2512404af67c4251b11b,HATE,NO_DIACRITICS
614255ce0d65484eae21,OFFENSIVE,ORIGINAL
5e73deba08af46d08ece,CLEAN,MIXED
d3bf4910699a4f7aa628,CLEAN,ORIGINAL
1d73ece5613d44be98f6,CLEAN,ORIGINAL
79b12f8d4466489ca33d,CLEAN,OBFUSCATION
1ebbb0f5a2b247e79912,CLEAN,ORIGINAL
5917dda3be8d4fafaf7f,CLEAN,ORIGINAL
5e8758d4e20e45c092cc,CLEAN,MIXED
771966e3b26d43949199,CLEAN,PUNCT_NOISE
c41fec7d76a64c738fb8,CLEAN,ORIGINAL
c1ba9cbb21b144f893f8,HATE,NO_DIACRITICS
bbfb62a7f2454acaa871,CLEAN,CHAR_REPEAT
63988cabe93347909b2d,CLEAN,OBFUSCATION
c4b4a09353d04746a297,CLEAN,NO_DIACRITICS
bfeba3a1a971467cb37a,CLEAN,PUNCT_NOISE
ca0c6b1660324cee9046,CLEAN,NO_DIACRITICS
bc2c58ffadde4f8fadeb,CLEAN,NO_DIACRITICS
93b6630e41264435b655,CLEAN,CHAR_REPEAT
e8ad8628f7a348159bb0,CLEAN,PUNCT_NOISE
5eca07ed2176441b81fc,HATE,CHAR_REPEAT
7c83140b226642a3b95f,CLEAN,MIXED
f2b8ee1a83b8481dbb49,CLEAN,NO_DIACRITICS
4f2f9adc5f06483ba5ce,CLEAN,MIXED
53eafd44b0544d56a812,CLEAN,NO_DIACRITICS
5d3962263701454e9ef4,CLEAN,NO_DIACRITICS
0752c65f91d94b6f81af,HATE,CHAR_REPEAT
f68a59fe06df4f11998b,CLEAN,TEENCODE
2b05335b89ee4ae08c7f,CLEAN,ORIGINAL
750e6021e7ff4ee4aba7,CLEAN,ORIGINAL
148f732d2aa94b888c1e,CLEAN,CHAR_REPEAT
33ec01e0e6e4438eacb4,CLEAN,ORIGINAL
f64e7b9ad2f34effaa09,CLEAN,ORIGINAL
ed00271c540d4989850f,CLEAN,ORIGINAL
8f165265b8da424fb535,CLEAN,NO_DIACRITICS
22978dab885e4eb481f7,CLEAN,OBFUSCATION
bbe76badf37d41ac8ba7,CLEAN,ORIGINAL
b2d110e242184d558ef4,CLEAN,ORIGINAL
e284a7a06e8548428b61,CLEAN,CHAR_REPEAT
132e2010c57349989c5e,CLEAN,PUNCT_NOISE
034e628130784aa78a74,HATE,ORIGINAL
bec9dd2993b646c0be7d,CLEAN,CHAR_REPEAT
4773dafd17b34ed6be2d,CLEAN,ORIGINAL
f411bab2d259488b80d8,CLEAN,NO_DIACRITICS
0e0ce002487643c596d1,CLEAN,ORIGINAL
5b04ee60a2864fb6b51c,CLEAN,MIXED
b6c250c16e7445319f70,CLEAN,CHAR_REPEAT
0ce973ef070d48298cc6,CLEAN,ORIGINAL
8604fa7767594eadaf54,CLEAN,TEENCODE
d9be37197b8b46e3a0f5,CLEAN,ORIGINAL
199eb835c804484392eb,CLEAN,ORIGINAL
64719400fc744624a286,CLEAN,NO_DIACRITICS
b09c0ae9ca324378b778,CLEAN,MIXED
1792a1eff8cf4af9aff5,CLEAN,ORIGINAL
0378fac8f25544a78bfb,CLEAN,MIXED
e1d40ba1228c40f786f2,CLEAN,ORIGINAL
0ce871b1d7eb48ec8be2,OFFENSIVE,ORIGINAL
16cc987be83447ebbfa0,CLEAN,CHAR_REPEAT
a568ce8c22eb4cdd84f6,HATE,OBFUSCATION
1f2d94c5945d4cf09379,CLEAN,PUNCT_NOISE
cd489268b3194ba3b60f,CLEAN,PUNCT_NOISE
e916bab2e74a43b3b8ee,CLEAN,ORIGINAL
455b9252c2064aa89482,CLEAN,ORIGINAL
0eecec2e925840f0a009,CLEAN,NO_DIACRITICS
bc35e8083b3c4884b95c,CLEAN,OBFUSCATION
12ff02ece29d4b06b95e,CLEAN,ORIGINAL
81ae933b8cda4587a2df,CLEAN,NO_DIACRITICS
152e0de1447b4b07a3de,OFFENSIVE,ORIGINAL
3815c40aa02f43738fbe,CLEAN,CHAR_REPEAT
59f37a0a71ea49c58677,CLEAN,OBFUSCATION
edc53d48bd214d56a2b3,HATE,CHAR_REPEAT
003dc87a27b64cf8ba2a,CLEAN,PUNCT_NOISE
c6d4bf218a024c7bbbe9,CLEAN,CHAR_REPEAT
553a59fc4f07429db0e5,CLEAN,OBFUSCATION
a0b9d3ec7394432bae2e,CLEAN,OBFUSCATION
70d575d5bea548c28e3f,HATE,NO_DIACRITICS
8c909d48f7ec480db907,CLEAN,ORIGINAL
b7d57b8a6f7a4cd893fa,CLEAN,NO_DIACRITICS
486100d8c44c4d028412,CLEAN,MIXED
0140d307428044198b1e,CLEAN,OBFUSCATION
b405a37411b142fd9d36,HATE,ORIGINAL
bddbab81c23c4c748cb6,CLEAN,NO_DIACRITICS
c015282f74864342b593,CLEAN,NO_DIACRITICS
906defa4ea3542cbae53,CLEAN,PUNCT_NOISE
ff80f8cfb1db4c75bbad,CLEAN,PUNCT_NOISE
41378b4a15cb45fd90c8,CLEAN,TEENCODE
1b69848cd5044afe8978,OFFENSIVE,ORIGINAL
e68e8ac6b4b24c1b8f27,CLEAN,ORIGINAL
ff50e3831f9747dba515,CLEAN,CHAR_REPEAT
958a275088c7490a94f8,HATE,MIXED
b2484827e16a4151a51b,CLEAN,ORIGINAL
f19914f1b13841648323,CLEAN,OBFUSCATION
86d065d418404885919e,HATE,OBFUSCATION
54b21ca0177549c78821,CLEAN,ORIGINAL
84254be890624612b29c,CLEAN,ORIGINAL
d2272eff46f446e8885d,CLEAN,TEENCODE
6c28a426ca424f09b897,CLEAN,ORIGINAL
d8b56b7ac1cf4b98818b,CLEAN,MIXED
27f8952fa10a4451bedd,CLEAN,NO_DIACRITICS
6274450d97494ab7ab74,CLEAN,CHAR_REPEAT
1653231664eb47f59b35,CLEAN,ORIGINAL
72c9d049f3624a49b06f,CLEAN,ORIGINAL
b0ea6e1088e54d4e8ac7,CLEAN,ORIGINAL
a26683fd3b134967a338,CLEAN,ORIGINAL
e36d7de4373d4b8b9e90,CLEAN,PUNCT_NOISE
fcf20402ca714ec69e29,CLEAN,ORIGINAL
2f5323e076cf4f0e8283,CLEAN,OBFUSCATION
bb699367528345b3b212,CLEAN,MIXED
6da993c248d74dde8b64,CLEAN,OBFUSCATION
a7c18530ae1c41f58446,CLEAN,NO_DIACRITICS
0dc2a9c11f0848459449,CLEAN,NO_DIACRITICS
5ee61f5f4ae94b5f8b6c,CLEAN,OBFUSCATION
fff550c0b03945dea63d,CLEAN,NO_DIACRITICS
aafea500ca004f9181fb,CLEAN,PUNCT_NOISE
e4211893c08f4264a035,CLEAN,ORIGINAL
f182a5b94d5045b58ed3,CLEAN,ORIGINAL
dccc191bc26541d6aa56,HATE,PUNCT_NOISE
0a631f12799b4b90a569,CLEAN,MIXED
20a9dc85757e4ac0a7bb,CLEAN,ORIGINAL
7b11eb2c7a46498ba4e2,CLEAN,NO_DIACRITICS
d70e65d8e6a24e30ba78,CLEAN,CHAR_REPEAT
c0158a4c69b4495a98dc,OFFENSIVE,CHAR_REPEAT
27997c9a896841ce810f,CLEAN,PUNCT_NOISE
ca70bbfcfad3442ab6a6,CLEAN,OBFUSCATION
f2ffe0de37434cfb958e,CLEAN,PUNCT_NOISE
336ef0b08f9a4c48a8cd,CLEAN,ORIGINAL
69f62a0da29145108c49,CLEAN,CHAR_REPEAT
8f56a44a14c84feb9f19,CLEAN,CHAR_REPEAT
edf5ca9b9b87427b8bf8,HATE,OBFUSCATION
f81339bf99d74639bdfa,CLEAN,NO_DIACRITICS
67f9abd1726e4feb90ca,CLEAN,CHAR_REPEAT
6190edf846a34e6eb384,CLEAN,PUNCT_NOISE
6271b4d53790464dbc3a,CLEAN,OBFUSCATION
6acb759d11b946de969f,CLEAN,NO_DIACRITICS
ea49dc4a57b84870b98a,CLEAN,PUNCT_NOISE
bbead47b306d471b9dec,CLEAN,NO_DIACRITICS
6ca9c30b32984decabe1,OFFENSIVE,PUNCT_NOISE
f7ce152a4ede4304b71e,CLEAN,ORIGINAL
5c94ed287f244c308113,CLEAN,MIXED
2047bd8725834b1f90b3,CLEAN,OBFUSCATION
786c6e3318474daf836b,CLEAN,OBFUSCATION
1c8f6a27e1f24a968ed7,CLEAN,PUNCT_NOISE
3e0cfb0d0f1c442a8b36,CLEAN,PUNCT_NOISE
4c0979dd95e443b2abee,CLEAN,OBFUSCATION
84afd2d6b94345b59006,CLEAN,NO_DIACRITICS
44f8b05d658645caaddb,CLEAN,NO_DIACRITICS
c2711de14b924023b11c,CLEAN,PUNCT_NOISE
0eac4c96df4148f8aea9,HATE,NO_DIACRITICS
3d8b5e314c8348b2a165,HATE,NO_DIACRITICS
812d5ef94f554bbcb370,CLEAN,ORIGINAL
9c5ebf43dc6c4094b99d,CLEAN,TEENCODE
04fc47e0b8ce4aa085c5,CLEAN,ORIGINAL
8c65872d7a214067b279,CLEAN,OBFUSCATION
8ca66f55a8984e1fb43f,CLEAN,NO_DIACRITICS
a559c2e973734a4c9aa3,HATE,PUNCT_NOISE
519e9a661c1a446a9e37,CLEAN,NO_DIACRITICS
f09bb8a30c4440508ffc,OFFENSIVE,OBFUSCATION
602cd29eddcb4d35b12e,CLEAN,ORIGINAL
54e055dbbad24ee8a744,CLEAN,ORIGINAL
dbc234180da649669e50,CLEAN,ORIGINAL
030c903f8e724acfad46,OFFENSIVE,NO_DIACRITICS
09c63850dab6447cb2f5,CLEAN,ORIGINAL
dcab204f9b8d4f6fbe8b,CLEAN,CHAR_REPEAT
4bd42a1f5d6846a184a5,OFFENSIVE,NO_DIACRITICS
4aafb396fde44d50b1a8,CLEAN,MIXED
c0ec7fca3ff141e082ef,CLEAN,NO_DIACRITICS
fa78b60e59b346f3a274,CLEAN,MIXED
ab532175e5584dcfbb2c,OFFENSIVE,OBFUSCATION
2204f686fb2540dfa607,CLEAN,OBFUSCATION
ec1a4c247fb448bca3ed,OFFENSIVE,NO_DIACRITICS
44e9bf13f2f44be4989c,CLEAN,CHAR_REPEAT
e4c7e72dbffa4cd19b90,CLEAN,NO_DIACRITICS
5fb2b967965b482c9946,CLEAN,CHAR_REPEAT
0e18811a38d64e97963e,CLEAN,OBFUSCATION
f6dedf59bcba49b9b0b4,CLEAN,ORIGINAL
9e243103d0c5432cb634,CLEAN,OBFUSCATION
d799cec46fcd45fa82a4,CLEAN,ORIGINAL
e7c89b156972484bba1b,CLEAN,ORIGINAL
d3045e561b614dd8912a,CLEAN,CHAR_REPEAT
448d5dfdbff24ef5b91c,HATE,ORIGINAL
e7cb373fc9074bf8a692,CLEAN,NO_DIACRITICS
12ba4afc02ab499cb11c,CLEAN,MIXED
9fc99292361340389cbd,CLEAN,ORIGINAL
d8d42b891f9c46d18e38,CLEAN,OBFUSCATION
69a54fa2d52d4b9f829f,CLEAN,NO_DIACRITICS
92fc00fac9e34984af6f,OFFENSIVE,PUNCT_NOISE
7b60e130918c44b5afb1,CLEAN,NO_DIACRITICS
b72b43f32ef84c8c89ea,CLEAN,OBFUSCATION
2569cfa10ad046849062,CLEAN,ORIGINAL
0bc77dd2d81c46b9861d,HATE,MIXED
59a7b8f47add416089af,CLEAN,NO_DIACRITICS
86b3f90271d1448c80d6,CLEAN,OBFUSCATION
7caa0af5336e40c19c70,CLEAN,ORIGINAL
a80c6a5e44f649b194f1,CLEAN,OBFUSCATION
9cca2728cc0c467ebe5a,CLEAN,OBFUSCATION
568e0050f76747b88aa1,CLEAN,ORIGINAL
89ccb3ca44cc4ec18ccc,CLEAN,ORIGINAL
1817ed55932e422196d6,CLEAN,ORIGINAL
26590e56a9694872b674,CLEAN,NO_DIACRITICS
02784696301b445c8713,CLEAN,ORIGINAL
998cf7e5534347f9a1e3,CLEAN,ORIGINAL
be400ba56e5e424c859c,CLEAN,NO_DIACRITICS
c95031cd751c412487bd,CLEAN,OBFUSCATION
ef452c24274d47d2a792,OFFENSIVE,ORIGINAL
42b6448c81ec43bba036,CLEAN,ORIGINAL
832d4793d3014402976d,CLEAN,PUNCT_NOISE
7a2d0a5b99ba427ab4a0,CLEAN,OBFUSCATION
ad021a3f60f7447d80a7,CLEAN,ORIGINAL
621dff23e27c4ceeb988,CLEAN,ORIGINAL
778a46beff3645d995ec,CLEAN,ORIGINAL
e59b037f59bd4a278395,CLEAN,ORIGINAL
2d732d523d9d4bdeabaa,CLEAN,CHAR_REPEAT
52ed3b6b2c784b369d52,CLEAN,MIXED
7fa463d86ffb45ddbb94,CLEAN,ORIGINAL
0a78c3e4882343e0a8ee,HATE,ORIGINAL
910de43e8fdd4a2596db,CLEAN,PUNCT_NOISE
b264639f1b9549eab3eb,CLEAN,CHAR_REPEAT
a9674ba364bb415eadf7,CLEAN,ORIGINAL
c525354bd1b0430ea38f,CLEAN,PUNCT_NOISE
0318161253db4aa9afc5,CLEAN,MIXED
415aa4a06c1e4eee93de,CLEAN,CHAR_REPEAT
19b7764617e540338d72,CLEAN,CHAR_REPEAT
fe31271a3248466eab3e,CLEAN,CHAR_REPEAT
7b7a7d4270294919bab8,OFFENSIVE,MIXED
e5cc5db13c8e4478a015,CLEAN,ORIGINAL
93c1c2fce4a04f2fb341,CLEAN,ORIGINAL
222717c2d0ff4aadbb54,CLEAN,MIXED
d0109b9d498b4690afa1,CLEAN,CHAR_REPEAT
4330450ff61640c5bdf2,HATE,CHAR_REPEAT
4e1751acecf540388d79,CLEAN,OBFUSCATION
467d30b3c700465aaf0a,HATE,NO_DIACRITICS
6dbf68be587149fd9c88,CLEAN,NO_DIACRITICS
cad2b55a951e4d469e88,HATE,ORIGINAL
af0e8e264f07409b933e,HATE,MIXED
aeef5072f1d940ccb702,CLEAN,MIXED
529b9a3f7c4947fda6ff,CLEAN,ORIGINAL
f1f2457e034c4f7f9a95,CLEAN,MIXED
6a90ca02b7604461b7bb,CLEAN,PUNCT_NOISE
4ec8d4f0aa634992b321,CLEAN,ORIGINAL
4c9505878604449096d3,CLEAN,OBFUSCATION
876e4f279ef74e5f9bb2,CLEAN,NO_DIACRITICS
326dd1fe45c24384832b,CLEAN,PUNCT_NOISE
4139c9ab0de240c7a0b5,CLEAN,OBFUSCATION
51e3f4306a9f4de3b033,CLEAN,OBFUSCATION
fc75cb17f7b345579a57,CLEAN,CHAR_REPEAT
91e55f40326148ab8506,CLEAN,NO_DIACRITICS
32c82fda594d41a69ff5,CLEAN,PUNCT_NOISE
231a5d9f84354197b7e6,CLEAN,MIXED
5ec8ca9173b5467a96b8,HATE,ORIGINAL
6f7cf78e18314839a37e,CLEAN,PUNCT_NOISE
c65781053e29463fbb59,OFFENSIVE,ORIGINAL
419696dc43d745ea8f15,HATE,OBFUSCATION
67046591528e40728cab,CLEAN,ORIGINAL
5739c5e1f1ef4d25ac86,CLEAN,ORIGINAL
100005fca5304c6fbf80,CLEAN,MIXED
7f8c0c3d573c47418444,CLEAN,CHAR_REPEAT
acd9569ca25f4980871b,CLEAN,CHAR_REPEAT
d926c3d743094a979c06,CLEAN,NO_DIACRITICS
67f3f320ef094bd481ad,CLEAN,CHAR_REPEAT
94adb4da363a4f919bfe,CLEAN,NO_DIACRITICS
2fd7d9bfe4b146fc8542,CLEAN,CHAR_REPEAT
0550e822888f497985da,CLEAN,OBFUSCATION
474afe4d70ee45b0b0bc,CLEAN,NO_DIACRITICS
a540c1859f2f4ae0bd49,CLEAN,MIXED
663a3be071764d1a8c7e,CLEAN,OBFUSCATION
7097a2a5bb694fc2bab3,CLEAN,PUNCT_NOISE
2d32355d8c294cb1a4c0,CLEAN,MIXED
18c0aa6ab99c4e7aa794,CLEAN,OBFUSCATION
62430f25c6d949188ff3,HATE,CHAR_REPEAT
d0299b6ebc71416f9c2f,CLEAN,TEENCODE
8a49e8dd90b1419bb2d6,CLEAN,OBFUSCATION
73c3dc6e9dfb48d4b425,CLEAN,PUNCT_NOISE
ec7565455f1944e08565,OFFENSIVE,MIXED
25343e76a79d4d78a830,CLEAN,TEENCODE
8df8aada344346b79069,HATE,MIXED
2870b97f1c4c4546bbe0,CLEAN,CHAR_REPEAT
bab31ad5d76240889ea0,HATE,NO_DIACRITICS
6cd03fdfebba4745a225,CLEAN,MIXED
3df868908c914f36b7b7,CLEAN,ORIGINAL
801811f8c2bf435cad82,CLEAN,ORIGINAL
fa3171f3eba84892bbb6,CLEAN,ORIGINAL
beaf13cb0e874ef298d0,CLEAN,ORIGINAL
e2be8ca387964f92ace0,CLEAN,ORIGINAL
2e7e013eed834c9cb8ea,CLEAN,ORIGINAL
e61bb7dc40984bfb9f30,HATE,ORIGINAL
30086a610a144cfcbb59,CLEAN,ORIGINAL
f2f8e864208e4a7f887b,CLEAN,ORIGINAL
43eecf756ca74c1fa6e8,CLEAN,MIXED
3c47e512655b43ecbb1c,CLEAN,NO_DIACRITICS
1759dccdc66542a19338,CLEAN,ORIGINAL
c10432f77e6d41c5ad26,CLEAN,PUNCT_NOISE
5b572d7812704ddfa24f,CLEAN,NO_DIACRITICS
d7dde160263644cb81c3,CLEAN,OBFUSCATION
3fdbe6aee6f44e2eb744,CLEAN,OBFUSCATION
2a64d4db76964a409c9a,CLEAN,ORIGINAL
803ce558849d41a29b66,CLEAN,MIXED
55dadec6bf7e413a81d8,CLEAN,CHAR_REPEAT
acd1ce969b2c4a0392ba,HATE,ORIGINAL
cb4f51f17b5e4d4996df,HATE,ORIGINAL
409d568f3a554ea1a431,CLEAN,PUNCT_NOISE
71555163bcf046cc90eb,CLEAN,OBFUSCATION
df4696b816234162b97c,CLEAN,PUNCT_NOISE
b7c1bb107b254207a6e4,CLEAN,MIXED
19dcd72777564bc98ada,CLEAN,OBFUSCATION
8f7781c94dd44ee8b5b8,CLEAN,ORIGINAL
1f514ee64a4042859a1b,CLEAN,CHAR_REPEAT
751fd1cbfef84eba8eed,CLEAN,NO_DIACRITICS
35cba448fad84602aa46,CLEAN,CHAR_REPEAT
63c3af6012294da3966e,CLEAN,NO_DIACRITICS
788758b43a2a424792a9,CLEAN,PUNCT_NOISE
ab5fb9dadb664fdb9c12,CLEAN,ORIGINAL
ed3cc162046548c496bb,CLEAN,ORIGINAL
2f1100df45244742a4ca,CLEAN,PUNCT_NOISE
ff02a01e9c6e43948137,HATE,CHAR_REPEAT
e5e3a5100ae24b2dac46,HATE,ORIGINAL
2810c0a92ccd4c4195ba,CLEAN,MIXED
b35b19461c9849d39650,CLEAN,PUNCT_NOISE
51df53200c704bfc92fb,CLEAN,NO_DIACRITICS
d7923a8cdb3d4d9dab5b,CLEAN,NO_DIACRITICS
e6b815298d7b40a78af5,CLEAN,PUNCT_NOISE
a0d45deda1ca41c88813,CLEAN,NO_DIACRITICS
9b446c620a9d490e9d72,OFFENSIVE,ORIGINAL
d27e5046098141a6b629,CLEAN,OBFUSCATION
fdb8b4b590e04a6b9fea,CLEAN,NO_DIACRITICS
a5eb2c1e534143209cde,CLEAN,NO_DIACRITICS
a8921bb5e9d6460da45e,CLEAN,CHAR_REPEAT
e316a1e1334040ec919c,CLEAN,OBFUSCATION
2737dcfd433f4eccb9a1,CLEAN,CHAR_REPEAT
b0e10745d2e241dca332,CLEAN,ORIGINAL
72286c6535cc4da8aa56,CLEAN,NO_DIACRITICS
07c055e6474e4c12af3d,CLEAN,CHAR_REPEAT
73e1b3d6c3cb46bc89ef,HATE,MIXED
17181f43780240d38b2b,OFFENSIVE,MIXED
d70e7319bfac4cc29bfe,CLEAN,CHAR_REPEAT
bec1261ff9ce484c840c,CLEAN,PUNCT_NOISE
761d3c9f16ec48439747,CLEAN,MIXED
f5b6b79ba99348c0ab36,OFFENSIVE,TEENCODE
06786609b1ff4da0a169,CLEAN,PUNCT_NOISE
488ad48b12f241e4a29c,CLEAN,OBFUSCATION
181cd712eca549bc954a,CLEAN,OBFUSCATION
4f2c404bce8f4540b277,CLEAN,OBFUSCATION
1d719ad4e6454e8fa9c8,CLEAN,MIXED
041a0c7037e14236a011,CLEAN,OBFUSCATION
e85f362d154a42938c38,HATE,ORIGINAL
32d063670a314539a435,CLEAN,PUNCT_NOISE
1fa549d487b74191b853,CLEAN,ORIGINAL
a991affb5bf547a9afbd,CLEAN,OBFUSCATION
4550397c16284f5aa761,CLEAN,CHAR_REPEAT
dacbd6a79be74bfd818f,CLEAN,NO_DIACRITICS
08351630779b4e7ba9c4,CLEAN,OBFUSCATION
e303b43f41dd48abb4fe,CLEAN,NO_DIACRITICS
161259555cd3483c9cd3,OFFENSIVE,MIXED
3a470e1753c14f0983c0,CLEAN,ORIGINAL
371d221d82ee486695da,CLEAN,ORIGINAL
a2f99d3f0a974c848d7b,CLEAN,ORIGINAL
9f4e5422a1624a8b9041,CLEAN,NO_DIACRITICS
4a1630e20c2e492d8628,CLEAN,ORIGINAL
9cac89139a164a528b98,HATE,ORIGINAL
5473ebf33bfb4007b3a4,CLEAN,NO_DIACRITICS
43022a857e804ca0bf19,CLEAN,ORIGINAL
7d095f4f2aee4fda90a7,CLEAN,ORIGINAL
7d4be27749ae4da5ab6e,HATE,ORIGINAL
ea98afea21494e6ea4fb,HATE,CHAR_REPEAT
3340e7b0a0464319b646,CLEAN,ORIGINAL
ec850355fd984b4fbfff,CLEAN,MIXED
d11a3756eb034e02a224,CLEAN,ORIGINAL
cbcf84e145e84cb3b4a8,HATE,ORIGINAL
204f5a81675a4eec853a,CLEAN,NO_DIACRITICS
55a57dc1888c48c882b4,CLEAN,MIXED
7f86101e5e7d4e2a9851,OFFENSIVE,ORIGINAL
92e3d07b82684f98af62,CLEAN,NO_DIACRITICS
4afb73549d0e480aa927,CLEAN,ORIGINAL
28720ae1e22f41dc9f32,CLEAN,NO_DIACRITICS
1c6b902e815944aebb99,CLEAN,MIXED
70dfba1075104f7099ba,CLEAN,PUNCT_NOISE
3e955d007b774d0abcac,CLEAN,ORIGINAL
46e56195f0a24524b0fc,CLEAN,CHAR_REPEAT
1f04a8a1a21542209344,CLEAN,ORIGINAL
275f398299c54646aadc,CLEAN,ORIGINAL
80ffb131b97f4f1b95d0,CLEAN,TEENCODE
01ace572fff444469f82,OFFENSIVE,ORIGINAL
9c53f0f1ba2c41e0b133,CLEAN,PUNCT_NOISE
524713869d7946d29a01,CLEAN,PUNCT_NOISE
d627e3b4bafe467f8827,CLEAN,ORIGINAL
b7050c3b8a6049ec9453,CLEAN,PUNCT_NOISE
7bb5503e65864e449b6d,HATE,CHAR_REPEAT
80eca8b694d146a98555,CLEAN,NO_DIACRITICS
e126a23455bf4d278d0f,CLEAN,MIXED
36a25b8277fe43e5b806,CLEAN,ORIGINAL
e7ecd2dc1757431e81dc,CLEAN,OBFUSCATION
703d2cd7c8344d0c8bff,CLEAN,MIXED
77ec581a6ef14e70b2db,HATE,CHAR_REPEAT
84138bf5dab840588e00,CLEAN,ORIGINAL
7770aa4f22f0419caeaf,CLEAN,CHAR_REPEAT
ce708ed68ab2404ba3c5,CLEAN,OBFUSCATION
06eb04e46efc43abb93e,CLEAN,CHAR_REPEAT
1063af4ccd0d4958b922,OFFENSIVE,CHAR_REPEAT
453b9b9bb27c43efad6b,CLEAN,MIXED
5fbb35a514de4b98bc11,CLEAN,CHAR_REPEAT
0138f2e7fcc043a78d69,CLEAN,ORIGINAL
a1cdb935a0084e94848d,CLEAN,PUNCT_NOISE
40ffda9695ce4cb6b71d,CLEAN,CHAR_REPEAT
487000456d1d4741a20a,HATE,ORIGINAL
f3ba7e636c124888b6d9,CLEAN,ORIGINAL
3bbda0a02c2645dca30e,CLEAN,ORIGINAL
f5f873a51bc04070bc1d,CLEAN,ORIGINAL
a18a92aac85844c69b2a,CLEAN,PUNCT_NOISE
9c4bc93b8170462ca6d2,CLEAN,PUNCT_NOISE
bd0791094ffd43a496bc,CLEAN,NO_DIACRITICS
d4232a5591ba4754a33c,CLEAN,CHAR_REPEAT
77dade21f694454ca2aa,HATE,ORIGINAL
46314b9952aa496eab95,OFFENSIVE,ORIGINAL
d6b667e25e25438d9e3e,CLEAN,CHAR_REPEAT
872114856d5c42e181bd,CLEAN,NO_DIACRITICS
47f60c9e0c8e4ca5b91a,HATE,ORIGINAL
23ae3d27d7724ff0b02f,OFFENSIVE,ORIGINAL
000339958d5141f0ae76,CLEAN,MIXED
acff0d3517cb413aadfb,CLEAN,NO_DIACRITICS
128bff50638c4892a211,OFFENSIVE,PUNCT_NOISE
ee9f124ac4984c72adf3,CLEAN,MIXED
a5524ffc27934a4ca3c3,CLEAN,MIXED
2dc71b1550704ba5bbd0,CLEAN,ORIGINAL
b20ac44fb58542bc9011,CLEAN,ORIGINAL
8dda72f049e14284be0f,CLEAN,NO_DIACRITICS
1d8d964d9bf94157a88b,CLEAN,NO_DIACRITICS
f6518713e51d4dd29257,CLEAN,ORIGINAL
66d77f995b3543e581d7,CLEAN,ORIGINAL
1c14fdb71ccb40dcb4f0,CLEAN,MIXED
414e5f20899c4f25bcc2,CLEAN,MIXED
7e3d0b965773413eb229,OFFENSIVE,ORIGINAL
9c838f616ae348d2b67e,CLEAN,CHAR_REPEAT
985da24374f0446b943c,CLEAN,ORIGINAL
08c89160bcd441b2a802,CLEAN,OBFUSCATION
75761bdfd37d463b93fc,CLEAN,MIXED
575eef861b994a9a802b,CLEAN,OBFUSCATION
32d9b95eaf3643e18526,OFFENSIVE,PUNCT_NOISE
0cb1476c6ed0444e8372,CLEAN,NO_DIACRITICS
eae05c27e0ad4c7bb829,HATE,ORIGINAL
7899d2f9eba2418c8291,OFFENSIVE,CHAR_REPEAT
02d3ab9e4b6642c483e8,HATE,PUNCT_NOISE
84c858a6697f4d56a999,CLEAN,PUNCT_NOISE
fab7e5eabbeb4d2baf0d,HATE,ORIGINAL
c3bbaa04074b42c5a1a2,CLEAN,ORIGINAL
4a84a6fd084240df8f74,CLEAN,PUNCT_NOISE
e855a8be3bbb448d8587,CLEAN,NO_DIACRITICS
8fea51b7bdf44e47854d,HATE,MIXED
4ae92d075ddc47d7a4fa,CLEAN,ORIGINAL
8e1cd8b1ff174fc599bc,CLEAN,MIXED
96e55e0631754230b7da,CLEAN,ORIGINAL
fd3f21c100c04895b792,CLEAN,ORIGINAL
4a874e98f3f14802ad93,OFFENSIVE,ORIGINAL
286aa6a1240547fca4da,CLEAN,NO_DIACRITICS
4830604c35d94821a5f6,HATE,ORIGINAL
9272608394114e828483,CLEAN,ORIGINAL
a3faa425b8e4447e861b,CLEAN,OBFUSCATION
a20087b67d554498b0cf,CLEAN,NO_DIACRITICS
47cce543917d49a2aa1d,CLEAN,MIXED
8ee218c81efe4316869c,CLEAN,CHAR_REPEAT
c376100ddbb74476849f,CLEAN,ORIGINAL
301f3933cd5842d58e97,CLEAN,NO_DIACRITICS
e4c7935c7ad249e2aa95,CLEAN,OBFUSCATION
2037ede732eb4550880a,CLEAN,ORIGINAL
76468ccc719e4687ae50,CLEAN,NO_DIACRITICS
62394b2ddf12432c8282,CLEAN,TEENCODE
a5c8853971954f2ebbbc,CLEAN,ORIGINAL
261901d9a5b34d5a86d3,CLEAN,CHAR_REPEAT
9e5d2780bde5444ca62d,CLEAN,ORIGINAL
e95e30c0870b4486a3b1,CLEAN,OBFUSCATION
12cb8a11390b4e25a83c,CLEAN,PUNCT_NOISE
35cd076e216040b38fc5,OFFENSIVE,ORIGINAL
679c66c5d1a746e589e9,CLEAN,MIXED
9bb9d610ff3b439589f5,CLEAN,ORIGINAL
3387e8778b1345049ebf,CLEAN,PUNCT_NOISE
41c7ef60e8e94e6f906b,CLEAN,ORIGINAL
c9c74a7fed4a4eddb962,CLEAN,ORIGINAL
78dfa8a9d86940919f37,OFFENSIVE,ORIGINAL
1a8e07af58984c5281ef,CLEAN,OBFUSCATION
d43deec4fcbb47258e83,CLEAN,PUNCT_NOISE
f625179a46f346bfb0d1,CLEAN,OBFUSCATION
7ff8f3ca35b64ba7be0a,CLEAN,MIXED
3bedb4fa51d844eeb61c,CLEAN,OBFUSCATION
6cd738d004594665bde2,CLEAN,PUNCT_NOISE
d40bbf81217247bd8f88,CLEAN,NO_DIACRITICS
f9889e9efb6c498ba8b6,CLEAN,ORIGINAL
23ed44b389734b3bb779,CLEAN,ORIGINAL
e369ad577c464013999d,CLEAN,OBFUSCATION
71f6ef22493a44da93c8,CLEAN,MIXED
e53c1f3115aa4af0b29a,CLEAN,OBFUSCATION
ede5f2a3559648c78852,CLEAN,ORIGINAL
64f1ff22a35d465bbbc9,CLEAN,NO_DIACRITICS
22052159d7af4a57b1c8,CLEAN,NO_DIACRITICS
a949a332d7bc48039b96,CLEAN,ORIGINAL
7d04f05e4cca4c84ae02,CLEAN,MIXED
3ad5bde5e3524c898231,CLEAN,PUNCT_NOISE
d09717ecba904233bae2,CLEAN,MIXED
510135d0606e4616900d,CLEAN,ORIGINAL
ccc29c92a72e4594b8ac,CLEAN,NO_DIACRITICS
fa7ce3e53d3948809c6f,CLEAN,PUNCT_NOISE
d62ee4d000a645688803,CLEAN,ORIGINAL
4a330115b5ef4c3fb65b,CLEAN,MIXED
ab1a01638b1843878036,CLEAN,ORIGINAL
c9275d923fc8449a90f7,CLEAN,ORIGINAL
9fbf96bb595e401796ab,CLEAN,CHAR_REPEAT
e87bec77abaf4a759aa7,HATE,MIXED
ef5b9fe2557c44309a6b,CLEAN,OBFUSCATION
cf7e889a5dc04397a3d8,CLEAN,CHAR_REPEAT
b1f9a6c000144f2c988b,OFFENSIVE,MIXED
88bc1237f1554091b747,CLEAN,ORIGINAL
e1731e5b653c4c3db6d0,CLEAN,CHAR_REPEAT
87678f8a2b15491aad53,HATE,OBFUSCATION
3b8c462ff66d401fb223,CLEAN,ORIGINAL
85937d268ce24737a900,CLEAN,CHAR_REPEAT
757798551e314bcfaa60,CLEAN,ORIGINAL
603469fd3ed245cabdbb,CLEAN,PUNCT_NOISE
087fabddfd5b4eb493f3,CLEAN,NO_DIACRITICS
b3e33c6af51b4bd6acd1,CLEAN,MIXED
0c4337df7c404da5a9c1,OFFENSIVE,CHAR_REPEAT
2ee3a41b3af64986b16b,CLEAN,CHAR_REPEAT
137a0627b0df4d13ab9e,CLEAN,NO_DIACRITICS
f0139b72ee414d928e5f,HATE,PUNCT_NOISE
c12363026d914860b3e5,CLEAN,ORIGINAL
032ead2c181449638bd5,CLEAN,CHAR_REPEAT
ff67a379f90e49e4aac0,CLEAN,ORIGINAL
50aa93b7871640feb72e,CLEAN,ORIGINAL
24145717f2fa4d21ac7b,CLEAN,MIXED
784e1872640a40a0b310,CLEAN,ORIGINAL
3c64f165765b47aa8547,OFFENSIVE,NO_DIACRITICS
38269794f3024005a742,CLEAN,PUNCT_NOISE
5e72ed5f50b1483293ae,CLEAN,ORIGINAL
593babac4bc74fb1bf46,HATE,OBFUSCATION
be215da692e04c0eacfa,CLEAN,ORIGINAL
0684161da2154942bab9,CLEAN,OBFUSCATION
8b68f2077fc94e1698ed,CLEAN,CHAR_REPEAT
fd73d972222a4c6f986e,CLEAN,OBFUSCATION
710ab0c16a564af7b460,HATE,ORIGINAL
52bd166503404eb8b212,CLEAN,CHAR_REPEAT
f071c9740415442ebe55,HATE,ORIGINAL
2b5205e95b6d454eac92,CLEAN,ORIGINAL
a99b6beeb7264046ae34,CLEAN,MIXED
d9975712350740aaa801,CLEAN,OBFUSCATION
349d38f4e7d042a8ac7f,CLEAN,NO_DIACRITICS
222dda4f108f445c8260,CLEAN,OBFUSCATION
ec652aeca3c140ca8e84,CLEAN,CHAR_REPEAT
020a8ae4e10e47fda3b3,OFFENSIVE,MIXED
31cab2e1e71a4364a88c,CLEAN,ORIGINAL
1815f371293546ca8502,CLEAN,NO_DIACRITICS
b7ebceec2bad4449a166,CLEAN,CHAR_REPEAT
d1f5fe1a31df466d9a18,CLEAN,CHAR_REPEAT
644bccd43b684ca78f60,CLEAN,TEENCODE
db42e079494d4d098498,CLEAN,ORIGINAL
44315d5e2a0040e5bf28,CLEAN,NO_DIACRITICS
c674a8db8c934305a78d,CLEAN,OBFUSCATION
df1be4b92acf461b9790,CLEAN,PUNCT_NOISE
2945e971e12e49e681b0,HATE,MIXED
3519bb68e2c746aabe20,CLEAN,NO_DIACRITICS
bf0c7faf70c342b6bed5,CLEAN,OBFUSCATION
5d60d0aba9a145429b47,CLEAN,PUNCT_NOISE
06e01c356170462faf96,CLEAN,CHAR_REPEAT
e557aa412684412eb9e4,CLEAN,OBFUSCATION
38111691eb53473e9ecc,CLEAN,MIXED
81a57c56dab04ae4abf9,CLEAN,NO_DIACRITICS
00cdeabddc0e4cd9bed2,CLEAN,CHAR_REPEAT
4f7a806b8d994333b014,CLEAN,CHAR_REPEAT
163fbbeef0c04aa78535,CLEAN,ORIGINAL
3492d068f5f54e989305,CLEAN,ORIGINAL
8925e462d6664fd39a48,CLEAN,PUNCT_NOISE
220d9accac1e43fa9296,CLEAN,CHAR_REPEAT
6af697cef48843a996e0,CLEAN,NO_DIACRITICS
0390a01c1143487b9988,CLEAN,ORIGINAL
6779a25694ef4f4da38b,CLEAN,ORIGINAL
89b840713bf2470dafb3,CLEAN,TEENCODE
c44baa429aa74379ac19,HATE,ORIGINAL
390baf159e574474b3b7,CLEAN,NO_DIACRITICS
223151c72c4a4b78a39d,CLEAN,OBFUSCATION
c1bb9a02119c47c8a06c,CLEAN,NO_DIACRITICS
a7e3aa04df634cd99f7d,CLEAN,PUNCT_NOISE
f9902636df7e4b939a06,OFFENSIVE,ORIGINAL
48e25250277b42ffa652,CLEAN,ORIGINAL
08d9722f9a824eda8ccc,CLEAN,PUNCT_NOISE
c9f2fd1fe7b34642bb29,OFFENSIVE,ORIGINAL
a49cbdcf04084e28912d,CLEAN,NO_DIACRITICS
b708f747ddc848949a75,HATE,ORIGINAL
c4eb5bc8684547e8803e,HATE,MIXED
d418edcc68514be49134,CLEAN,OBFUSCATION
8ad4345011434c039475,CLEAN,ORIGINAL
15481f49609e48edb4e4,HATE,MIXED
9cbe79aa2130486fb091,CLEAN,ORIGINAL
697bfa058b7a4944b8d5,CLEAN,ORIGINAL
c4ec0ee0245346a9ab72,CLEAN,OBFUSCATION
168d6a8829a145e7a42d,CLEAN,CHAR_REPEAT
3dc1c87b5c7d40b59722,CLEAN,ORIGINAL
4ad8e86574074e0db9ec,CLEAN,CHAR_REPEAT
df95bf92b8fa4473b000,HATE,PUNCT_NOISE
9a005ec7567e49a58b44,CLEAN,ORIGINAL
f0798f7468d8402a9531,CLEAN,NO_DIACRITICS
06b76fb12b2b41e7b789,CLEAN,TEENCODE
9db9e663b2cd4508a9b2,CLEAN,ORIGINAL
23c07aef897c4d329ef9,CLEAN,ORIGINAL
d8fd28ce7dff42a0adbd,HATE,MIXED
90856dd9d2044c6fb9b3,CLEAN,OBFUSCATION
662772e64ffd4f118044,CLEAN,ORIGINAL
7fae12f3b8fa413e9560,HATE,ORIGINAL
a13486faafa348eb8a00,CLEAN,OBFUSCATION
934e659fee544dd28ce1,CLEAN,TEENCODE
1b6c84fe2583426f979c,CLEAN,PUNCT_NOISE
87b2e654eb5e4651af19,CLEAN,PUNCT_NOISE
df8eedc35d154ffa848b,CLEAN,PUNCT_NOISE
5f29baa37a2442629983,CLEAN,MIXED
bc8b7258346641e3941e,CLEAN,TEENCODE
8d2eef12a51c461eb089,CLEAN,PUNCT_NOISE
3484443cb26c48ae9bd4,CLEAN,CHAR_REPEAT
f8b0800d4257462a8c3c,CLEAN,OBFUSCATION
25506943bc014c01948e,CLEAN,ORIGINAL
1fee7e7b59ca40dcaeca,CLEAN,NO_DIACRITICS
3bf3383a6f7b4e71bef1,CLEAN,PUNCT_NOISE
dcd77482a1054348831d,CLEAN,ORIGINAL
115535ad2493429abead,CLEAN,TEENCODE
5da7f83bd28440a3a02b,CLEAN,PUNCT_NOISE
2035369da75d4f5cbdb7,CLEAN,ORIGINAL
150c5be17ebe4a13a3a7,CLEAN,ORIGINAL
48ce174d10ff4d4bb037,CLEAN,CHAR_REPEAT
f79bd36fd5504b7cbe64,CLEAN,TEENCODE
4ceb785376244a478812,CLEAN,PUNCT_NOISE
4d58f96f585046daa06b,CLEAN,NO_DIACRITICS
da545c9454a743d0b388,CLEAN,ORIGINAL
aa387f4e8a38427da919,OFFENSIVE,NO_DIACRITICS
c5160a87f156410a8f1d,CLEAN,ORIGINAL
336c7b5f1fa043bd8f92,OFFENSIVE,ORIGINAL
063738875e8b413c962e,CLEAN,PUNCT_NOISE
49208c6ce52d4c16932c,CLEAN,ORIGINAL
84c23811d69548938942,OFFENSIVE,ORIGINAL
8dbc2be7747046ae959f,CLEAN,CHAR_REPEAT
af484d669a094c33baa5,CLEAN,ORIGINAL
a22699eabca84d50b18d,CLEAN,NO_DIACRITICS
a0cdf171a45b46d89659,CLEAN,ORIGINAL
39584392dd1d4bf4ac3e,CLEAN,CHAR_REPEAT
9eaa11cfc464436399c9,HATE,ORIGINAL
46ba328c848a40efaeb7,CLEAN,NO_DIACRITICS
ad7c577352da4e7fb649,CLEAN,ORIGINAL
9d3f5501d83347059c29,CLEAN,OBFUSCATION
92e3f1c58ebe4737b7b9,CLEAN,ORIGINAL
29c7fb2b87b846178dce,CLEAN,ORIGINAL
6eec9938fcb243308f8d,CLEAN,CHAR_REPEAT
93356bbde4f747e4bd84,OFFENSIVE,PUNCT_NOISE
eddf3cccaf8f491bae26,CLEAN,CHAR_REPEAT
f4a331f063774a5d8ffb,CLEAN,MIXED
8001282424724eb59bf3,CLEAN,NO_DIACRITICS
023df6dd9eba40248fba,HATE,MIXED
e1fbba482d844982be79,HATE,CHAR_REPEAT
8329e21fa7264ddfb8df,CLEAN,ORIGINAL
4b442c075112432aa0dc,CLEAN,ORIGINAL
84eb169eb4014b5d93fb,CLEAN,ORIGINAL
f5ba6118dd854b22aec7,CLEAN,ORIGINAL
3fb6dc4b9f8d4c288513,CLEAN,CHAR_REPEAT
b73af47bc4fd4a8ba700,HATE,NO_DIACRITICS
f7fe35ccaaa0494c9647,CLEAN,ORIGINAL
74960ffd52764c69b4d6,CLEAN,OBFUSCATION
64559f1842c94c829cf6,CLEAN,MIXED
4a1b38ac447a4a7d9ce1,HATE,OBFUSCATION
5dcee1db38b24070bbbe,CLEAN,ORIGINAL
4f1790e84e5a4b059591,CLEAN,ORIGINAL
84686dc1128249c384fb,CLEAN,ORIGINAL
311ee7a655d648e5a78b,CLEAN,OBFUSCATION
6cebc5c881784006b656,CLEAN,PUNCT_NOISE
3f5ac249c5af4060aade,CLEAN,TEENCODE
07255d3309a74900916f,CLEAN,PUNCT_NOISE
6b05cf4c2ab94ea88399,CLEAN,CHAR_REPEAT
69b20ecca3144f3fab0e,CLEAN,OBFUSCATION
d45063e1d0b34a219f56,CLEAN,ORIGINAL
76416a50ca274872a966,CLEAN,MIXED
161500f560ea46ca90f5,CLEAN,MIXED
57e706dedf80441cac67,OFFENSIVE,CHAR_REPEAT
4bc10e551f1542d6b72c,CLEAN,OBFUSCATION
079e3e183860425bb626,CLEAN,PUNCT_NOISE
f27294a985884680823d,CLEAN,MIXED
0fe24ff9ccdc434a82e4,CLEAN,CHAR_REPEAT
0174e234a1b642298891,HATE,ORIGINAL
a164f056034042b68499,OFFENSIVE,PUNCT_NOISE
9ee10a14299e4b59b5e2,CLEAN,NO_DIACRITICS
0ea3788e895d4df98c80,CLEAN,ORIGINAL
1e6a49a841f64e00a856,CLEAN,PUNCT_NOISE
ab4eeb8f75fe4ab2b9a9,CLEAN,CHAR_REPEAT
b5d76a39f0624de6856d,HATE,ORIGINAL
282e7f0bdad84b64b1e4,HATE,OBFUSCATION
78ab089cabf940c9a1e5,CLEAN,MIXED
d7548fe0c7db4968bd63,CLEAN,PUNCT_NOISE
622421a274a0441d869f,CLEAN,NO_DIACRITICS
cf6cf5f9b43c41a687a2,CLEAN,TEENCODE
742ec4dbb52c4713a939,CLEAN,PUNCT_NOISE
ed1000936aa248619667,CLEAN,ORIGINAL
00f655e8fd1e42bb84c3,CLEAN,ORIGINAL
d830e414fac840d28151,CLEAN,MIXED
5d10068f1d2e4d16b33e,CLEAN,ORIGINAL
d50ece50b04c42d5bc09,CLEAN,ORIGINAL
bb05aa794b324f11a6d2,CLEAN,NO_DIACRITICS
113384cf4e364458b5f1,CLEAN,MIXED
eb8c6acede9a49acb4d3,CLEAN,OBFUSCATION
9a53b976c9e94da0b7cc,CLEAN,PUNCT_NOISE
70bf07eb71bd457a8d3b,CLEAN,NO_DIACRITICS
e1c4ea91a7b54269a3f7,CLEAN,ORIGINAL
f0884daf18244073916a,HATE,ORIGINAL
a6e1cada73754d1d9447,CLEAN,MIXED
cd06fd4b04b04c2081da,CLEAN,MIXED
e07df88124ec429d8c1a,CLEAN,ORIGINAL
ebcc2df87fd347878d11,CLEAN,MIXED
bad9396125424a81ad4e,CLEAN,NO_DIACRITICS
87cd5bfb12df4ef5ba8f,HATE,TEENCODE
c6a8352b41324b8f9022,CLEAN,OBFUSCATION
f801db4667f041349e98,CLEAN,OBFUSCATION
c2c018f753454958b4d3,CLEAN,ORIGINAL
007d07610322441dbb1b,CLEAN,ORIGINAL
c914a42a36484fae99d8,CLEAN,NO_DIACRITICS
2f5b87336ddc4094b6b3,CLEAN,CHAR_REPEAT
1af340dc59ca4f19a188,CLEAN,OBFUSCATION
85a29c0ebc834ab78ccd,OFFENSIVE,PUNCT_NOISE
1ca99347d6d04826806d,HATE,MIXED
cc13e91ec05445ee9cbe,CLEAN,ORIGINAL
d4c11b1b80504dca9007,CLEAN,ORIGINAL
0fce3036ffd847768c6d,OFFENSIVE,OBFUSCATION
cc1da48c942e423c8c90,CLEAN,ORIGINAL
a80ad139f39344f78157,CLEAN,ORIGINAL
764a1f45c03e46e4bd88,CLEAN,NO_DIACRITICS
3b452992f4f447b78200,CLEAN,NO_DIACRITICS
8a00b2ec6ff74cd8a511,HATE,PUNCT_NOISE
5613e47a233c4ddd802c,CLEAN,PUNCT_NOISE
c0a7eebb12a94f2fb9d6,HATE,PUNCT_NOISE
7dcffda59ad94674b2c2,CLEAN,MIXED
dac09433c78c4d33b7c1,CLEAN,ORIGINAL
9322d65310714958b938,HATE,NO_DIACRITICS
8cf7a1dc80c94546ba93,CLEAN,ORIGINAL
b00231be4ce74daf975a,CLEAN,MIXED
6849ed9550cb4a929c34,CLEAN,ORIGINAL
9cf5181135244ed3b0d5,CLEAN,PUNCT_NOISE
08e3d62b03354697863c,CLEAN,MIXED
1c81c2ecce6c41498a74,OFFENSIVE,CHAR_REPEAT
c602914c811f45c0940d,OFFENSIVE,CHAR_REPEAT
035447cea41a4c3fbbf4,CLEAN,ORIGINAL
b4c371cd0f034465a8f1,CLEAN,NO_DIACRITICS
89a7ede815564e36898f,CLEAN,ORIGINAL
df2bbc667a9a4792ba92,CLEAN,CHAR_REPEAT
82fdaccae08e43a594ea,CLEAN,PUNCT_NOISE
ab2ab7e314b641929a94,CLEAN,TEENCODE
eaea7fb8181444dbb5ad,HATE,NO_DIACRITICS
737827f672a04cd38562,OFFENSIVE,CHAR_REPEAT
8f35948c79094d288fa6,CLEAN,NO_DIACRITICS
fe6d618dabb54d9aa857,CLEAN,OBFUSCATION
eb7fca22fe2f4e19b207,CLEAN,TEENCODE
794263236c494145b468,CLEAN,PUNCT_NOISE
993c71a5f9414e89a45b,CLEAN,PUNCT_NOISE
969c514fa8034566828b,CLEAN,ORIGINAL
87ab3e8085ef407c9aaf,CLEAN,PUNCT_NOISE
58b94b25f251411e8a77,CLEAN,CHAR_REPEAT
5a55b3164c79407db5a0,CLEAN,PUNCT_NOISE
2e7414ec18844d729193,HATE,MIXED
b6f565a3481b406d9b7c,CLEAN,NO_DIACRITICS
eb471af20e594c57a4b4,CLEAN,CHAR_REPEAT
f358bad276ec447095ca,OFFENSIVE,OBFUSCATION
190c71f52138486b8347,CLEAN,PUNCT_NOISE
6653c24db57a41bfb6da,CLEAN,OBFUSCATION
43d71b456b3c408f8c1d,CLEAN,PUNCT_NOISE
931bdccba16a42b383a3,HATE,NO_DIACRITICS
df07e02f5f7c4a259d84,CLEAN,CHAR_REPEAT
568b0a46a14e49548339,CLEAN,NO_DIACRITICS
1dae454f65404fa1adc5,CLEAN,PUNCT_NOISE
9ca8b1bdb7cb4cb1afff,OFFENSIVE,MIXED
6fe7bc81ea064c60a971,CLEAN,ORIGINAL
9e594c4c023a454298e5,CLEAN,PUNCT_NOISE
e6187a329b5e4509a3d0,HATE,ORIGINAL
be0b91743d7d428f8b58,CLEAN,NO_DIACRITICS
4cf602e8dd4a4c30a894,CLEAN,CHAR_REPEAT
359889513da0443680f6,OFFENSIVE,ORIGINAL
8d13a41015cb4d55a5ed,CLEAN,ORIGINAL
2839a28468f54736bb17,HATE,ORIGINAL
a921cf505da54fe19899,CLEAN,CHAR_REPEAT
c74a82d94c034a31890d,CLEAN,ORIGINAL
2a0ff25c16f142fbb481,CLEAN,PUNCT_NOISE
04bd2cc4893c4198b958,CLEAN,NO_DIACRITICS
87a498b393934781b37f,CLEAN,ORIGINAL
f7547c86f3b5476ab469,CLEAN,NO_DIACRITICS
7c60986ffaae4c029465,CLEAN,ORIGINAL
fdd2c5e5db6a4bfcac45,CLEAN,PUNCT_NOISE
8193c5743fa94a9b9edd,CLEAN,NO_DIACRITICS
b71483a357f047b39858,CLEAN,OBFUSCATION
7ab2e6570ad145baa2ef,CLEAN,PUNCT_NOISE
5b0ce15616df432a9267,CLEAN,MIXED
c2fa8ef34b3a405c8414,CLEAN,PUNCT_NOISE
bb778accac434e32bddb,CLEAN,ORIGINAL
ac9875c8cf694000844f,CLEAN,ORIGINAL
d47a412643e14685882f,CLEAN,ORIGINAL
573e1d5fa56443a898f4,CLEAN,ORIGINAL
1d1eae9e037d49fd99f1,CLEAN,ORIGINAL
f950898ccc0d4bb1bf34,HATE,PUNCT_NOISE
a43fd03501e54d4ab6c6,CLEAN,PUNCT_NOISE
0871faffccec44cf8d9e,CLEAN,MIXED
4a033027ca024fb589d3,CLEAN,NO_DIACRITICS
15fb4d3b3ba84b4d92d8,CLEAN,MIXED
f4c66f27b08240bd89dd,CLEAN,CHAR_REPEAT
c3a5768252da47a5ad15,CLEAN,CHAR_REPEAT
333522e4acdd44e98abe,HATE,OBFUSCATION
836694f8479f4c4c82e5,CLEAN,PUNCT_NOISE
b8f31a0953c1419fb2ff,CLEAN,MIXED
8b05c05718494b968862,CLEAN,ORIGINAL
6f81fbd0106b4fcb8ea8,OFFENSIVE,ORIGINAL
11a551ad2e5d4db59a47,CLEAN,ORIGINAL
41042e11b3554ddc8664,CLEAN,ORIGINAL
01c4ad1cc82645e4a26e,CLEAN,OBFUSCATION
6f548165a1e2492db539,CLEAN,NO_DIACRITICS
c4ff993f214a4de78089,CLEAN,ORIGINAL
4840b5dbf35c45339adf,CLEAN,ORIGINAL
5db211e4087f4146a9bf,CLEAN,ORIGINAL
f10f46eca05047cda7a9,HATE,ORIGINAL
70f368d1682a4ee38354,HATE,TEENCODE
e823e9b80ce944fda5a2,CLEAN,ORIGINAL
b617c4e1cf1b42daa941,CLEAN,ORIGINAL
e39c594111bc46eba081,CLEAN,OBFUSCATION
