id,pred_label,pred_noise_type
6181d0125ebf42cd8929,CLEAN,ORIGINAL
b1ece505cf2d4925bedc,CLEAN,ORIGINAL
65a88e6e26fe43ec9875,CLEAN,TEENCODE
73b81435a9b74ebb9c7d,CLEAN,ORIGINAL
60f34e336ddc44d4856e,CLEAN,OBFUSCATION
d999ce4dd684428ab788,CLEAN,ORIGINAL
8ac65a53914544f1bf7d,OFFENSIVE,ORIGINAL
6f8ebdb77dec4b829b62,CLEAN,OBFUSCATION
cc3eaa082e0b44c7850d,CLEAN,ORIGINAL
646d449e76dc48ccbab6,CLEAN,OBFUSCATION
d62bcbf676604024a8bf,CLEAN,PUNCT_NOISE
931b7998834945a38d9f,CLEAN,MIXED
0bd705844bbd42e8815e,CLEAN,TEENCODE
9fc771c1bb7a4ada9953,CLEAN,CHAR_REPEAT
2371ee522f3c4c7483f9,CLEAN,TEENCODE
8100ec307de94f4a9fae,CLEAN,CHAR_REPEAT
d65e005837b5485f8f48,CLEAN,CHAR_REPEAT
ba81ef0ae43841ea9c27,CLEAN,ORIGINAL
26e657753da44cb998d4,CLEAN,TEENCODE
8b2c9b73364743e5b3ca,CLEAN,NO_DIACRITICS
8b6558f69bcd401084e5,CLEAN,TEENCODE
d263066fcf184425bb62,CLEAN,MIXED
415a2391b04a4e28bebd,CLEAN,ORIGINAL
3c0f3d6753034953aa39,CLEAN,NO_DIACRITICS
791b8e2c17ca4259930f,CLEAN,OBFUSCATION
15b73c746c9c45f49412,CLEAN,TEENCODE
3d00708b99c04bddb78b,CLEAN,ORIGINAL
5a560af8cdbc4e98bc7b,CLEAN,ORIGINAL
82780e65bb4a491e887e,CLEAN,MIXED
179e8df4fd0b41478520,CLEAN,CHAR_REPEAT
dd08330a73d64620b483,HATE,CHAR_REPEAT
bac29d8b3d2f4735b703,CLEAN,ORIGINAL
8167022ea8754f5291dc,CLEAN,ORIGINAL
4cf2ceb274454e778222,CLEAN,ORIGINAL
0f744fdb44e04a10bcd1,CLEAN,CHAR_REPEAT
a2f8da6cd7a84640803e,CLEAN,ORIGINAL
c0cad916966a463cb554,CLEAN,CHAR_REPEAT
384aba3d8e03471da7f2,HATE,NO_DIACRITICS
969447c339b04aa4af6e,CLEAN,PUNCT_NOISE
0569271962894088bce7,CLEAN,ORIGINAL
2347f6211dc74624967e,CLEAN,NO_DIACRITICS
c9b3254a5cb74ec2bf4a,CLEAN,CHAR_REPEAT
2f562e26d94a4702a9e9,CLEAN,CHAR_REPEAT
764129efd6164481aee8,CLEAN,MIXED
3196ef64206e4b509a87,OFFENSIVE,ORIGINAL
821e3d290a9441b59749,CLEAN,OBFUSCATION
3b0c9c394dbe4680abc1,CLEAN,ORIGINAL
84cb4d3dd0dc4272a243,CLEAN,PUNCT_NOISE
6448d159a11744a78297,HATE,CHAR_REPEAT
f61f6780c9954e079e1b,CLEAN,ORIGINAL
c826e4109ec14f9bb342,CLEAN,ORIGINAL
c6d79539b70a4693b42f,CLEAN,NO_DIACRITICS
c86b44810d594c0fb3ab,CLEAN,ORIGINAL
52992d100bfb4f4d8c15,HATE,ORIGINAL
eec464e30c86430a9e8c,CLEAN,PUNCT_NOISE
c427900c02784882ab74,OFFENSIVE,MIXED
31bb73c181a74f92bd33,CLEAN,ORIGINAL
2c99dd15a4124ed39d48,CLEAN,ORIGINAL
9ff613fafea1412e82a5,CLEAN,NO_DIACRITICS
89d0705ad64440e692ab,CLEAN,NO_DIACRITICS
6d9155fd54924f3c9c11,HATE,PUNCT_NOISE
8254c7ac2a8b498fbfd3,CLEAN,CHAR_REPEAT
52bf48b3830a40aaa628,CLEAN,PUNCT_NOISE
56970c33b6ba4fcea064,CLEAN,TEENCODE
98cd678bb62e48a28326,CLEAN,NO_DIACRITICS
cf6da9961ce442239ec7,CLEAN,ORIGINAL
cbd749cd516441299120,HATE,ORIGINAL
88fc5fa89b8f43ca892a,CLEAN,ORIGINAL
f14190338fc94ab4966b,CLEAN,NO_DIACRITICS
37e898e54477471c8eb2,CLEAN,ORIGINAL
63c647994f09453eaaaf,CLEAN,ORIGINAL
fc788522abcd41a8be07,CLEAN,ORIGINAL
efcb421711e44811bea2,CLEAN,ORIGINAL
ff3f619d70364254af4a,CLEAN,ORIGINAL
5bb615ae307848ac8970,CLEAN,ORIGINAL
88577971b7cc49b4af1e,CLEAN,NO_DIACRITICS
43082f670a0f4246bef9,CLEAN,OBFUSCATION
7e6470a8267f4d9bba2a,CLEAN,OBFUSCATION
b2f64cf8b172460d9134,CLEAN,TEENCODE
843eba162d344e43a6f3,CLEAN,NO_DIACRITICS
7bf8819f60c14b938638,CLEAN,NO_DIACRITICS
be63a4c6c6194e83abb1,CLEAN,CHAR_REPEAT
a4e65c2d651c443d90d6,CLEAN,CHAR_REPEAT
ec31f26abd7344bbbe60,HATE,ORIGINAL
ae8cc0896a8f4a7a8fc3,CLEAN,ORIGINAL
e579d47f016c4a269b6f,CLEAN,MIXED
14b40e5f770942e692a5,CLEAN,PUNCT_NOISE
5a2ff4effed349099466,CLEAN,ORIGINAL
0af31f832838482c9d7e,OFFENSIVE,PUNCT_NOISE
7d5a544198d042d88a9e,HATE,OBFUSCATION
658c434b68954ceb8689,CLEAN,CHAR_REPEAT
bcbfec317f734076b791,CLEAN,NO_DIACRITICS
9860af12ba22487aa621,CLEAN,CHAR_REPEAT
4406e15eb71a47b2b9a9,CLEAN,NO_DIACRITICS
7d79e84b32704dd8b2e2,CLEAN,MIXED
79da16a0ea6a42d9b2e7,CLEAN,OBFUSCATION
3921f16086b144a99ff9,CLEAN,OBFUSCATION
81e69b24f43c42b6934d,OFFENSIVE,PUNCT_NOISE
2e331760324548349f98,HATE,ORIGINAL
8c249bec7d57485c950f,CLEAN,NO_DIACRITICS
2e7b522af26b49cb89d4,CLEAN,CHAR_REPEAT
e4c0500994644ab38916,CLEAN,NO_DIACRITICS
6b5a09446d554e389635,CLEAN,ORIGINAL
0b0418302b9e4c96b8d8,OFFENSIVE,PUNCT_NOISE
8028177ba6624eb08223,HATE,PUNCT_NOISE
a12d6c5985da4ad49a90,CLEAN,ORIGINAL
8b1b40093d1746169212,OFFENSIVE,ORIGINAL
713f856fb19c45a68466,CLEAN,ORIGINAL
06632c6b018c425285a8,CLEAN,PUNCT_NOISE
9c6a8812d367442d977e,CLEAN,ORIGINAL
6bc672908f4947309e31,HATE,ORIGINAL
0dfb9a1fd20849dca555,CLEAN,ORIGINAL
4e6bc65fbc354e10b2d1,CLEAN,NO_DIACRITICS
cc72ce68685343fd9ba2,CLEAN,OBFUSCATION
050892ace29241159e2c,CLEAN,ORIGINAL
8fd9d066222a48e8a9f9,CLEAN,NO_DIACRITICS
c996763ec00946be99bb,CLEAN,OBFUSCATION
241afe09b1434cb39582,CLEAN,OBFUSCATION
4b7c71255bfb405385c6,CLEAN,MIXED
21dddb783a324f339ea7,CLEAN,ORIGINAL
01a88765f28a4ec0a8ae,CLEAN,NO_DIACRITICS
d5329b7453c545a5925b,CLEAN,ORIGINAL
6c9da84a67ef4dd7a4ff,CLEAN,MIXED
fcf501b229f94fc1bc28,CLEAN,NO_DIACRITICS
b874867267384ba99726,CLEAN,NO_DIACRITICS
3776997fde704f70b940,CLEAN,PUNCT_NOISE
14e83b466af941bcac6c,CLEAN,MIXED
3f7fa72a80f94200bce3,CLEAN,CHAR_REPEAT
e5a102b6222547c881ac,CLEAN,OBFUSCATION
c52670a53e004d7cb641,CLEAN,ORIGINAL
35995163014441df9f37,OFFENSIVE,NO_DIACRITICS
cc66211835de4839b708,CLEAN,CHAR_REPEAT
63a588fd91a5463cbab0,CLEAN,ORIGINAL
cf4b11afc7da4c09a9d5,CLEAN,ORIGINAL
dccadd2252834ed6be06,CLEAN,OBFUSCATION
db1fa2d86d814ef19766,CLEAN,ORIGINAL
9778d5c2abad4aefb7d8,CLEAN,NO_DIACRITICS
582c03ee00f243b4846c,HATE,NO_DIACRITICS
c3f6229ee2c6422287bf,CLEAN,ORIGINAL
5acf8a998ac0448d9b76,CLEAN,OBFUSCATION
dd18dc545c554fda86ba,CLEAN,NO_DIACRITICS
97209ef968614f0ca927,CLEAN,ORIGINAL
c3be6c3d343a429d85d3,CLEAN,ORIGINAL
1d013567f69e4605a864,CLEAN,PUNCT_NOISE
7da7a6960fcd4c998a26,CLEAN,OBFUSCATION
0ba31b2892c04d9ca13f,CLEAN,ORIGINAL
f35fd2bef91f4ef588cc,CLEAN,TEENCODE
761eeecc376f45dc8b46,CLEAN,OBFUSCATION
f51ea620065e4ee68c66,CLEAN,CHAR_REPEAT
2314d65302624ffd9663,CLEAN,OBFUSCATION
004fe9ca10834aa2b3f5,HATE,NO_DIACRITICS
8f67aa0dcfe447e8844c,CLEAN,ORIGINAL
1fc1733367c045f8b9e5,CLEAN,ORIGINAL
e7c2cd5850894f588333,CLEAN,MIXED
2e2122ec7bc446c98f87,CLEAN,ORIGINAL
de2aeb24183c44cfb47e,CLEAN,NO_DIACRITICS
29681c592122462e823e,CLEAN,OBFUSCATION
f58107cc4bba41699340,CLEAN,CHAR_REPEAT
5be9893af71e49f09acc,CLEAN,NO_DIACRITICS
c8d042873f804983867d,CLEAN,CHAR_REPEAT
bbcedbf8121842d98480,OFFENSIVE,ORIGINAL
2c710eb409d84d95b0e6,CLEAN,CHAR_REPEAT
4e966898f2f24909823a,CLEAN,OBFUSCATION
20e8ebeb01484f3aab69,CLEAN,MIXED
97a943a3121248d99a8c,CLEAN,OBFUSCATION
3612c25b71b5465fbd92,CLEAN,ORIGINAL
1e5d157fb0e0433e9dc4,CLEAN,ORIGINAL
2a14aea368f347df843f,CLEAN,TEENCODE
3c39d5054b2e41028c6f,CLEAN,MIXED
b7ee7911502e46f6b5fd,CLEAN,NO_DIACRITICS
1470f781185742d6b148,CLEAN,ORIGINAL
ec398d21e4374456baec,CLEAN,PUNCT_NOISE
c8344352034c45978f82,OFFENSIVE,OBFUSCATION
9413c01e221a4b10aba6,CLEAN,OBFUSCATION
384f27c15c4f4c66a37c,CLEAN,NO_DIACRITICS
97adcfafb93b4a6586fb,CLEAN,ORIGINAL
345a078010a24c5982c4,OFFENSIVE,ORIGINAL
9c84d6951d37481db437,HATE,PUNCT_NOISE
399aa59e9bb54d2d859e,CLEAN,OBFUSCATION
daa7438cadc9407e98c7,CLEAN,ORIGINAL
8267ba6d6c094b659fd3,OFFENSIVE,ORIGINAL
5046ff86073a4d9c98a6,CLEAN,PUNCT_NOISE
a9c4f391233e49018d79,CLEAN,ORIGINAL
2c25df662c2349e7a290,CLEAN,NO_DIACRITICS
494369acdec5484fb4f9,HATE,ORIGINAL
d8f7a1b3649a4ec692af,CLEAN,PUNCT_NOISE
ff24bc4390c34e8dbb3d,CLEAN,PUNCT_NOISE
d0bc5777ef7243aab399,HATE,OBFUSCATION
04b139db4ad144219e07,CLEAN,ORIGINAL
b7a7f0ee65bc4f88a065,CLEAN,NO_DIACRITICS
341af0c0234947d48962,CLEAN,OBFUSCATION
c681d1b402a949568de3,CLEAN,NO_DIACRITICS
0fccb2161dc34fe0bf13,HATE,ORIGINAL
25ccc28a69264673b3b1,CLEAN,OBFUSCATION
33da4390b72f45f8b259,CLEAN,TEENCODE
1dff5a4a1b5c42fe955e,HATE,ORIGINAL
61442dc194a44a73ae3d,CLEAN,NO_DIACRITICS
bb462cee73d0497a9b14,CLEAN,PUNCT_NOISE
c7b8bbfba08744c4b3bd,CLEAN,OBFUSCATION
d98c6d376a2e41538c14,CLEAN,ORIGINAL
781a9a9bcc0645fcbc3d,CLEAN,CHAR_REPEAT
bdfa201b39b1496db6b3,CLEAN,OBFUSCATION
817928ae47f746458ce1,CLEAN,NO_DIACRITICS
1e96e11406824418bee5,CLEAN,ORIGINAL
a5118ab0d13c4f0fbf94,CLEAN,CHAR_REPEAT
5ac398b7033145219be9,CLEAN,OBFUSCATION
f21967ac7394487f9200,CLEAN,OBFUSCATION
3314be7924a543d086da,CLEAN,MIXED
5932fe4465fa4656ac34,CLEAN,ORIGINAL
5ff338c50cb74183abb3,CLEAN,ORIGINAL
672db80b579d41d881a2,CLEAN,NO_DIACRITICS
a0eaba1da5f44d2bafe0,CLEAN,ORIGINAL
5f95f65075df4e6b9d43,CLEAN,PUNCT_NOISE
430dc1795f1542e0a4d9,CLEAN,OBFUSCATION
4ccfa3cf21b3424eb418,CLEAN,TEENCODE
0f72059089894ea1b46b,CLEAN,NO_DIACRITICS
6a46ecc357f647bfa1e6,CLEAN,CHAR_REPEAT
cd6015deb29d4bfb9563,CLEAN,ORIGINAL
61b4e57ad0764357bc92,OFFENSIVE,PUNCT_NOISE
ba175f3868d24509acfe,HATE,CHAR_REPEAT
39d1a087010049fd8d7a,CLEAN,CHAR_REPEAT
594b9fd794414cf79ec5,CLEAN,ORIGINAL
ed60abf3bc874001a511,CLEAN,CHAR_REPEAT
9e3a0cab893c4753a58d,CLEAN,ORIGINAL
95ef1a43418847789143,HATE,MIXED
21dbc0a0ef274f919470,CLEAN,NO_DIACRITICS
f74610a252ed410b8f56,CLEAN,OBFUSCATION
b38118df7f1b4f18bbb1,CLEAN,OBFUSCATION
df3acbabb7ea45738c95,CLEAN,ORIGINAL
9c4e53947ef944c7aadf,CLEAN,CHAR_REPEAT
b4979e5751eb41f6a37b,CLEAN,MIXED
c6fb408eead747c7b825,HATE,CHAR_REPEAT
fa5c7b7e209341f7b68e,OFFENSIVE,OBFUSCATION
efdebea6c51347429975,HATE,MIXED
b51d5706145a4bccbceb,CLEAN,ORIGINAL
2ac761d4e682404fa8ff,CLEAN,NO_DIACRITICS
ca9469493fc54d619acc,HATE,NO_DIACRITICS
c1eee09241c54abc9702,CLEAN,OBFUSCATION
35319d9858914d669d4c,CLEAN,OBFUSCATION
fa5e17fa36ca4f7aa328,CLEAN,ORIGINAL
1ea28a035f054d989ef2,CLEAN,OBFUSCATION
755ba7c5738f4c62ac5f,CLEAN,MIXED
26c3b8edf6764c4b8c44,CLEAN,NO_DIACRITICS
0fab741de53845eba826,CLEAN,MIXED
56d08cd00b874cfea90a,CLEAN,ORIGINAL
86f7c999693544929aad,CLEAN,ORIGINAL
0b784c4f06614a919a66,CLEAN,NO_DIACRITICS
c9bcc23d8e26408c94cd,CLEAN,OBFUSCATION
0cbc8e6dd9e34bac8df5,CLEAN,MIXED
dc83d28ffc2a4db2b92a,HATE,PUNCT_NOISE
2a738e69d4a84f98920d,CLEAN,OBFUSCATION
f88ff897867844ef8173,CLEAN,PUNCT_NOISE
af9811d1bb014782b5bc,CLEAN,CHAR_REPEAT
8ee3a4156eea4070a935,HATE,ORIGINAL
22e68cff863842d2968d,CLEAN,CHAR_REPEAT
d976109c7b814adb8d5c,CLEAN,OBFUSCATION
bb566b736a574fb38cc2,CLEAN,ORIGINAL
ef3081e5dbf54c76b852,CLEAN,NO_DIACRITICS
ad1d0defa3ef41cdaee1,CLEAN,OBFUSCATION
c1124a289b214a528053,CLEAN,NO_DIACRITICS
818bbf3185d04209b20b,HATE,ORIGINAL
3e9380dd0cd54618943a,OFFENSIVE,NO_DIACRITICS
ec18c0f808c44bc78217,CLEAN,PUNCT_NOISE
2b4a194b07d2408e95b4,CLEAN,ORIGINAL
61805b2dc10a47d69327,CLEAN,ORIGINAL
e81060c27e5340f8bc64,CLEAN,ORIGINAL
cb3f6101053c4bfe9525,CLEAN,ORIGINAL
96ade2daddea4574a48d,CLEAN,CHAR_REPEAT
e727fa082a4b421bbc3a,CLEAN,ORIGINAL
e088b604aed743d09891,CLEAN,CHAR_REPEAT
ff3bee32bc0a47b994d0,CLEAN,MIXED
33c5e71e7ad1485194a6,CLEAN,ORIGINAL
313394b5801f437781ce,CLEAN,ORIGINAL
069730ebd8fb4302ba78,HATE,ORIGINAL
cc2c4fe22b2346979417,CLEAN,NO_DIACRITICS
6272a0534aa045c7a6db,CLEAN,MIXED
dce53ac99ceb4ad9ade1,CLEAN,OBFUSCATION
955f5bf1a45747a1ac80,CLEAN,ORIGINAL
1837cf69b73442d09cd7,CLEAN,ORIGINAL
2c8d26c6c8b54b4591d1,CLEAN,ORIGINAL
7cf1891e0e4348389e0a,CLEAN,OBFUSCATION
69557c54d8f8456da9e3,CLEAN,ORIGINAL
ee92a4d0f1824ed589e1,CLEAN,ORIGINAL
d33ff0bdbff84fbc9881,CLEAN,OBFUSCATION
a415b833f13f4386bfc1,CLEAN,ORIGINAL
d3231bef9e804b2a9d42,CLEAN,NO_DIACRITICS
0da5fde10a154d939cbe,CLEAN,ORIGINAL
c8065b87ea6b4aa49a1c,CLEAN,OBFUSCATION
9aae5087c4d14924802c,CLEAN,NO_DIACRITICS
5f3fddf814ba49ad81b1,CLEAN,NO_DIACRITICS
125f1fdcf88041b3a20a,CLEAN,OBFUSCATION
756f111c11ba4404bbc3,OFFENSIVE,NO_DIACRITICS
65ad29412317482a8839,CLEAN,CHAR_REPEAT
fe1a36d6451e41f8a8b1,CLEAN,ORIGINAL
296d3cb07810494a9156,CLEAN,MIXED
2f4a4a35493a4fffbda3,OFFENSIVE,ORIGINAL
76e7c04b1cd24d829f4b,CLEAN,PUNCT_NOISE
61a4c4f7cda24f1bacc2,CLEAN,ORIGINAL
a44073e2d9b546c0941a,CLEAN,CHAR_REPEAT
179e244bd29248019388,HATE,ORIGINAL
ee8231114fdb4fd582f4,OFFENSIVE,ORIGINAL
e6d5d690e1c44c13ae0d,HATE,PUNCT_NOISE
757d3940472e467a9f67,CLEAN,OBFUSCATION
0b014191c90c41ea814e,CLEAN,CHAR_REPEAT
916cc342681a49ec90a5,CLEAN,PUNCT_NOISE
76aa43e1152f40f08abd,CLEAN,ORIGINAL
14720e42d5814c07ac1b,CLEAN,ORIGINAL
324b5903db02496bb26a,CLEAN,NO_DIACRITICS
73512aa16b694e8d9f77,CLEAN,CHAR_REPEAT
c60197ee119f42bbaa86,CLEAN,ORIGINAL
f415a81c290b43c1b55d,CLEAN,ORIGINAL
d4d51492d7cf4cafaf04,CLEAN,ORIGINAL
9221ea48cf09433e8e76,CLEAN,ORIGINAL
4cdf1d99a5cb427a92fd,CLEAN,ORIGINAL
c4de6c54c80d46c597c4,CLEAN,ORIGINAL
a3325312e6e345dd8a4e,CLEAN,CHAR_REPEAT
e0604ca6c99f4c5ab7bd,CLEAN,ORIGINAL
91f6a574f1fa461385bc,HATE,ORIGINAL
ed82690dd2264cfeae43,CLEAN,TEENCODE
113a13a695f44c3e9a4e,CLEAN,ORIGINAL
a35fea7fe49d459c8561,CLEAN,OBFUSCATION
96f11bb802e44d5a93cf,CLEAN,ORIGINAL
24b5372bc5914673a529,CLEAN,CHAR_REPEAT
14dbce276c964ecb8b6e,HATE,NO_DIACRITICS
0b4f95c3d2c741828f01,CLEAN,NO_DIACRITICS
10175a48f7a44647be2a,CLEAN,CHAR_REPEAT
1fed9280d7874a39a7a5,CLEAN,ORIGINAL
5a5c26775f4f46779bf1,OFFENSIVE,MIXED
6fea6298e99c43a49b9a,CLEAN,NO_DIACRITICS
91f4c44cb5094493b9ab,OFFENSIVE,CHAR_REPEAT
5b3dc0976cd84d70a607,CLEAN,PUNCT_NOISE
fbc9ad82357640bfbbb7,CLEAN,PUNCT_NOISE
7d39f093301746d99ef0,CLEAN,ORIGINAL
cd6920cb05e64ad8a8f0,OFFENSIVE,NO_DIACRITICS
4c8e27f396bc430b9cb8,CLEAN,ORIGINAL
4048eed05b7e4ee6acac,CLEAN,ORIGINAL
898002022dd146e28f9c,CLEAN,CHAR_REPEAT
b8f884426cb44b78a4e7,CLEAN,ORIGINAL
352e908d8f134e9fa0b0,CLEAN,ORIGINAL
d94f06670b9042289074,CLEAN,PUNCT_NOISE
783884d1731141ae9846,CLEAN,PUNCT_NOISE
af92260a22a94ce59741,CLEAN,ORIGINAL
26b007badb6c423d90c0,CLEAN,NO_DIACRITICS
6796c2d6be594e40869f,CLEAN,NO_DIACRITICS
df74bf594c9e47068d6f,CLEAN,OBFUSCATION
8463086d8d5e44a2af0c,OFFENSIVE,ORIGINAL
ff7733f2bf454fbc9740,CLEAN,MIXED
dd55e8f92f5b41b29cac,CLEAN,PUNCT_NOISE
24aa1048eafc404f9d78,CLEAN,NO_DIACRITICS
caf632dfb4a2459298a2,CLEAN,NO_DIACRITICS
9e00303a67f3412d99aa,CLEAN,NO_DIACRITICS
d557879298254103a1ba,OFFENSIVE,ORIGINAL
e7dad58afe9b4b2fa5d8,CLEAN,ORIGINAL
85f2ba2aee054c6b84c3,CLEAN,NO_DIACRITICS
10e6b21d7f70405eb53e,CLEAN,MIXED
5ca6598b721442358a2c,CLEAN,ORIGINAL
cc9331b920dc427f9c23,OFFENSIVE,ORIGINAL
5e1b26c4a2e641e98c9f,CLEAN,NO_DIACRITICS
21b3db8c5e8147d2bdda,CLEAN,PUNCT_NOISE
a00ef6f68e204320a4bf,CLEAN,OBFUSCATION
5e3c82df59524b918bb5,CLEAN,ORIGINAL
c93b395340f941b98397,CLEAN,ORIGINAL
7fa0e7263fd8485f883b,OFFENSIVE,ORIGINAL
20275d98fef343fba544,CLEAN,MIXED
392c9a3e3eef4041a977,CLEAN,OBFUSCATION
07fb559571354da48703,CLEAN,CHAR_REPEAT
8f90b08149b441b2b54c,CLEAN,CHAR_REPEAT
90712a8539d84486aa57,CLEAN,CHAR_REPEAT
c1d83ba8c2cc4605a0f3,CLEAN,TEENCODE
5e578b7477824024a057,CLEAN,CHAR_REPEAT
e28e5026889a4ee8bce2,CLEAN,ORIGINAL
d8f72251c1774c2f8097,CLEAN,OBFUSCATION
1a5e98400b454e3ab4f6,OFFENSIVE,MIXED
9e7352f359f74881b863,CLEAN,ORIGINAL
fb0df824e77a4520937f,CLEAN,MIXED
83c9dd3e5a574d248f99,CLEAN,ORIGINAL
57af5a2f4b4d4152a432,CLEAN,ORIGINAL
0771a6f65c7447a7ac49,CLEAN,ORIGINAL
48fcddc007774df8b428,CLEAN,PUNCT_NOISE
8f66ee49db4b4a038e86,CLEAN,PUNCT_NOISE
41024d9d737a438783a3,CLEAN,NO_DIACRITICS
b0424cfa9e7842dfae4a,CLEAN,TEENCODE
eba679ad4dbd4d27b676,CLEAN,CHAR_REPEAT
0a1cbe32af734ee6869f,CLEAN,NO_DIACRITICS
e2ebe4aaf35a4ec4ba28,CLEAN,CHAR_REPEAT
92f4acaf71c44471bc57,CLEAN,ORIGINAL
f7bbdb6993e54fac910e,OFFENSIVE,TEENCODE
ba69c0e1e1c948b7a4cf,OFFENSIVE,NO_DIACRITICS
d12496806a354c3da79c,CLEAN,ORIGINAL
a5f7fad6f97147369bee,CLEAN,ORIGINAL
bf467288e4d64747a626,CLEAN,PUNCT_NOISE
7714ea1b69c1437fbb14,CLEAN,ORIGINAL
ded2bf8dbba842c4accb,CLEAN,NO_DIACRITICS
8339f614d2284ce79d32,CLEAN,OBFUSCATION
c0cec404b6164cacbdf2,CLEAN,ORIGINAL
010c5c8cf33d408cbf03,CLEAN,PUNCT_NOISE
6077e85cc81a4158bc18,CLEAN,TEENCODE
9fe9afdbc3074d7b89d6,CLEAN,PUNCT_NOISE
5dd10a0ad3884350bb59,CLEAN,ORIGINAL
6b31765b1a834a91927a,CLEAN,ORIGINAL
aa69a1cc8a944cc484c5,CLEAN,OBFUSCATION
67c69f2d42e44e4ab6d2,CLEAN,ORIGINAL
1e8dbbb4279545db85da,CLEAN,ORIGINAL
b9f073c3af0840f39f56,CLEAN,ORIGINAL
ad7fddae112547d6a9ac,CLEAN,PUNCT_NOISE
fe585c96158e4268835a,CLEAN,OBFUSCATION
aa61a533e5304b9995a3,CLEAN,ORIGINAL
7c23ccf5399c4a529b2f,CLEAN,OBFUSCATION
86301d9099714307bf2e,CLEAN,ORIGINAL
507598c86f5042a6b922,CLEAN,ORIGINAL
a42d7e3555f34bb6bb7e,CLEAN,TEENCODE
679c14b71a714423b3be,CLEAN,ORIGINAL
ae4a7f0f53534646a3b2,CLEAN,CHAR_REPEAT
df6b3698d06f49daa4a4,CLEAN,NO_DIACRITICS
388715d7c323489e8860,HATE,ORIGINAL
63c50270a1694769add2,CLEAN,OBFUSCATION
4d7fd2791e684dcfb6ad,CLEAN,TEENCODE
896c44f8aa3f4294b596,HATE,TEENCODE
09163ea60ca2442db80a,CLEAN,OBFUSCATION
e8305e20125b465b944b,CLEAN,ORIGINAL
c21af21be968499dbd8c,CLEAN,PUNCT_NOISE
0e3deffbd92d4692904f,OFFENSIVE,CHAR_REPEAT
e427e7be498f45958bc4,CLEAN,MIXED
2155ef3680454a9ba45d,CLEAN,MIXED
4a7b9c0daa864b938c0d,CLEAN,ORIGINAL
cfb45fd7071e47ef8a2f,CLEAN,OBFUSCATION
50af0b5a7948499fabce,CLEAN,OBFUSCATION
a8a5912b16104578853a,CLEAN,CHAR_REPEAT
3115945c6181417fb913,HATE,OBFUSCATION
80f6ef4a2f174161bb28,CLEAN,CHAR_REPEAT
ee2abcfc156a41918a84,CLEAN,ORIGINAL
e55bc712aef2497c97bf,CLEAN,ORIGINAL
023c8cc764b24f648ab1,CLEAN,ORIGINAL
37b93901fca349e68356,CLEAN,ORIGINAL
5051a722c2ec466896ac,CLEAN,PUNCT_NOISE
153c64476ddd4f90a279,CLEAN,NO_DIACRITICS
079040d175fa4948ab6a,CLEAN,PUNCT_NOISE
e7845434b0cf488c8fed,CLEAN,OBFUSCATION
b7b40aec482d4255a1c8,CLEAN,MIXED
bbb7f46fe053487eb1f8,CLEAN,CHAR_REPEAT
9817f8ac4a534f728ab7,CLEAN,OBFUSCATION
4501ca9522c84363bd2b,CLEAN,NO_DIACRITICS
b11e32c41ba74e28b1be,CLEAN,CHAR_REPEAT
d9cee28c7b78446cb98b,CLEAN,ORIGINAL
d964ed0287484c7cb088,CLEAN,ORIGINAL
ecd79a3459734365b49e,HATE,NO_DIACRITICS
d80310de522d42c799e3,HATE,CHAR_REPEAT
f895ac178fed4e68b922,CLEAN,ORIGINAL
76962b479abf4571bf02,CLEAN,OBFUSCATION
9dcb313fc36840f89f5a,CLEAN,ORIGINAL
268e67d9ef964942a888,CLEAN,CHAR_REPEAT
f1feefc6891a4087a332,CLEAN,ORIGINAL
945b2cb652bf4b1bbf3b,CLEAN,ORIGINAL
9d4d6df5b28041ed9bc5,OFFENSIVE,NO_DIACRITICS
5751c7eae32d45278874,CLEAN,MIXED
1d0bd3e5bb274adfa585,CLEAN,MIXED
0695c6b0e8db48dcb3fb,CLEAN,PUNCT_NOISE
97ecada5944041218688,HATE,PUNCT_NOISE
4eb8d394775a42a0aa6b,CLEAN,CHAR_REPEAT
9f1ea415e1dc479eb6a5,CLEAN,ORIGINAL
01d54ff8d18e4c15aaad,HATE,MIXED
4990b1901e354badbb5a,CLEAN,OBFUSCATION
71158a6247834566bee4,CLEAN,OBFUSCATION
9ce1f8fd69ac47baa1f5,CLEAN,OBFUSCATION
8c262eb014f84bb58560,CLEAN,CHAR_REPEAT
6f4f2b1b8d4e48359d04,OFFENSIVE,NO_DIACRITICS
a9bafed064ad494d9fc2,CLEAN,NO_DIACRITICS
a0d6936545b64961af20,CLEAN,ORIGINAL
3520d4d40962488db671,CLEAN,OBFUSCATION
91aa9b3f051040bebf6f,CLEAN,NO_DIACRITICS
fba32ef4138249e79b51,CLEAN,ORIGINAL
2054e92c3892439bb09a,CLEAN,NO_DIACRITICS
b1314eba18ab4a3a9796,CLEAN,OBFUSCATION
210bbc54d4f14b0f90f7,CLEAN,CHAR_REPEAT
c29ee9ac2eca4f33b68b,CLEAN,ORIGINAL
e998e0df4f7845f88931,CLEAN,PUNCT_NOISE
cabce5f1576c427c9877,CLEAN,NO_DIACRITICS
f63b8fe1a9704fedaddb,CLEAN,PUNCT_NOISE
9f69ed3a4b91423caa57,CLEAN,NO_DIACRITICS
dda301c2b6e245158fa7,HATE,ORIGINAL
43776702145b4c6fa493,CLEAN,MIXED
8cbab81f98ec49e39ea2,OFFENSIVE,TEENCODE
31ffcffd42524ba4b55f,CLEAN,ORIGINAL
158698c0957d429b809b,CLEAN,PUNCT_NOISE
e1388f61af2247d8a347,CLEAN,CHAR_REPEAT
ec834fa2d0cb4b858e35,CLEAN,ORIGINAL
4bcd8441d91341058895,CLEAN,MIXED
2e3b0ec42a2d46c7a387,CLEAN,PUNCT_NOISE
4af2226f78dd44b88bd3,CLEAN,OBFUSCATION
03296aa4a42c4b958934,CLEAN,NO_DIACRITICS
69f7dbd182a64b4388dc,CLEAN,MIXED
4219020f4e294643abbe,CLEAN,NO_DIACRITICS
f9943eeb277349bb9409,CLEAN,PUNCT_NOISE
d42827f8b72d4abcae00,HATE,ORIGINAL
ea3a8c2626cf438481c3,CLEAN,TEENCODE
69a5d0c5b7224b1588d8,CLEAN,ORIGINAL
c8e988a093324d47b312,HATE,PUNCT_NOISE
ea6fddf13727476e81a2,CLEAN,NO_DIACRITICS
18182c3ff5d84731bed5,CLEAN,ORIGINAL
f1f7b8a14003449397be,CLEAN,CHAR_REPEAT
535108ae9c64408b9ab8,CLEAN,NO_DIACRITICS
f1a482ff9e794d26962a,CLEAN,PUNCT_NOISE
80c4a66e58c746999470,CLEAN,ORIGINAL
bfc1d9232659437b8637,CLEAN,ORIGINAL
99de49ab67e84e42a5ed,CLEAN,ORIGINAL
8d45097381df4349975f,OFFENSIVE,ORIGINAL
1ad6d8dbd8bb489b8e66,CLEAN,MIXED
d7b1d8d45df9405dae6f,CLEAN,MIXED
8e7ab6f0aa144f5bb525,HATE,TEENCODE
af128da7028347e4831e,CLEAN,CHAR_REPEAT
1524aa898b4f4ae78f8a,CLEAN,ORIGINAL
df76fc35d35649cb921e,CLEAN,CHAR_REPEAT
a808c6ade4774492b62a,CLEAN,PUNCT_NOISE
80e99d9cea164db1b07d,CLEAN,ORIGINAL
1fea469862c7421cbd39,CLEAN,ORIGINAL
721d8fee712a4bf6941a,HATE,NO_DIACRITICS
cc51e52e5a454b378a40,CLEAN,ORIGINAL
8374cd726f1c4f23a32d,CLEAN,OBFUSCATION
2dec1e20b6fe49278d83,CLEAN,MIXED
4e22072d131a4342895e,CLEAN,OBFUSCATION
858ab307339a4a99a0ec,CLEAN,TEENCODE
f6cef488ab0e4f2796a4,CLEAN,MIXED
b9e8b7ce3104454aa860,CLEAN,OBFUSCATION
00dc85ec9d2d43bf92ea,HATE,ORIGINAL
f54af652d0664ec8bb1b,CLEAN,CHAR_REPEAT
04a8d792316b45929a46,CLEAN,ORIGINAL
eb8a54351c7b4e87bf0a,CLEAN,ORIGINAL
9641489e9a5546c19e86,CLEAN,OBFUSCATION
cd1d63a955c94299a195,CLEAN,NO_DIACRITICS
4fad48d393154f21b05b,CLEAN,CHAR_REPEAT
ba640227ba8844bca9f7,HATE,OBFUSCATION
a7523cbc820e40eb9f19,CLEAN,OBFUSCATION
6a0624deb02b46f5a0c8,HATE,ORIGINAL
72c6cd12710e49938fbe,HATE,CHAR_REPEAT
1c3955f766004dfb8f7e,CLEAN,OBFUSCATION
18544dd217e14fbf8210,CLEAN,ORIGINAL
5d0777bb2a5a43fe9389,CLEAN,NO_DIACRITICS
a05f2f1e59f846549b41,CLEAN,TEENCODE
e3e381c7204a4737891d,OFFENSIVE,CHAR_REPEAT
f5955e50905244038e57,CLEAN,ORIGINAL
ad3f36379c2444aaaebc,CLEAN,ORIGINAL
307d8718591d4530a578,CLEAN,PUNCT_NOISE
fab64e914e5e4c068530,CLEAN,ORIGINAL
3844b4c5e9bf489d8aed,HATE,MIXED
bfe259f3947c494ba7f1,CLEAN,NO_DIACRITICS
f004f0bf7d8f491db123,CLEAN,NO_DIACRITICS
a9bed82c7ed34e9ba276,CLEAN,ORIGINAL
1be76bd8fcc2415dae36,CLEAN,NO_DIACRITICS
3d0a0cdc9f1d43d5827d,CLEAN,ORIGINAL
6d00881a58954138b7f8,OFFENSIVE,NO_DIACRITICS
99485d27762f4fbc8368,CLEAN,ORIGINAL
c89c8233037d4df89ab6,CLEAN,NO_DIACRITICS
e39b3a06bf8e483c9250,CLEAN,CHAR_REPEAT
a2d02c3473f74debacb3,CLEAN,MIXED
1e63756c12a74e93b3be,CLEAN,CHAR_REPEAT
a1e3633091c34ed3bad3,HATE,ORIGINAL
cfa47dd6d9244d52917e,CLEAN,OBFUSCATION
e02caab51f244a15b428,CLEAN,NO_DIACRITICS
a1a63fe1b4e04edc89e6,OFFENSIVE,OBFUSCATION
30e1a306efe7472c9ebd,CLEAN,CHAR_REPEAT
e58803ffb67941ab9068,CLEAN,PUNCT_NOISE
3c2f8789f14d4806bb11,CLEAN,CHAR_REPEAT
f01989c5d60f44d39553,HATE,NO_DIACRITICS
c3b2f3283fdd49c4a474,CLEAN,ORIGINAL
fa93366e1c8940ee8f8e,CLEAN,PUNCT_NOISE
a804201ec65a4ca08991,CLEAN,CHAR_REPEAT
c0d43c0623b34e26a775,CLEAN,TEENCODE
ea73487ccd8a4532a3b4,CLEAN,MIXED
6221229da43d4666b720,CLEAN,NO_DIACRITICS
58ecdf3a197c4c0ab31a,CLEAN,CHAR_REPEAT
011a318aa9214d899ecd,CLEAN,OBFUSCATION
5853305f44ef445b91b5,CLEAN,ORIGINAL
48895532f00d4ffdb19c,CLEAN,ORIGINAL
f2e857d4f4114f5cbe0e,HATE,OBFUSCATION
aabfd1d623eb4ce5b9b7,CLEAN,ORIGINAL
1671274e7e804b9ca4f2,CLEAN,ORIGINAL
2c72f787fe8b487e922d,CLEAN,OBFUSCATION
f703f3c07d7740469d37,CLEAN,ORIGINAL
44abc477754a451295d5,HATE,NO_DIACRITICS
8c3473e771294e369e25,CLEAN,NO_DIACRITICS
57c80ae7640c42c79f18,OFFENSIVE,NO_DIACRITICS
ff1c56b6b113404f880b,CLEAN,ORIGINAL
38b40d3cbdbd42c99960,CLEAN,ORIGINAL
ad7d76f86ad344d1bf13,CLEAN,PUNCT_NOISE
29808f9a5c9c46069ece,CLEAN,CHAR_REPEAT
57b934b9808d49ef9b77,CLEAN,ORIGINAL
88b6062c3cd642bc90e0,CLEAN,ORIGINAL
8cf4c42442224e3ba02d,CLEAN,OBFUSCATION
962af0f828064933ac2a,CLEAN,PUNCT_NOISE
0345b9e52ba641228278,CLEAN,NO_DIACRITICS
0fba5f4fd7d04446a0d6,HATE,ORIGINAL
dfabcf0374c142aaab94,CLEAN,ORIGINAL
5175c7d95c1d48828e88,HATE,PUNCT_NOISE
638a768637234003bfc3,HATE,PUNCT_NOISE
a098c1c8435c428195bc,CLEAN,OBFUSCATION
c52538897b5a45e2be0f,CLEAN,NO_DIACRITICS
c7683e48d4cf4e72b50a,CLEAN,OBFUSCATION
a5c6beb9cd6e4a008f53,CLEAN,OBFUSCATION
f18cbe278a1642fbb4e0,HATE,OBFUSCATION
08b1fe7c5e6e4cf184ea,CLEAN,ORIGINAL
358b35dc07ae4c13a029,CLEAN,CHAR_REPEAT
19d904ad471a4d3d8868,CLEAN,MIXED
256e7f03a7fa4477b949,CLEAN,PUNCT_NOISE
acbf4dfea1aa43cebdea,CLEAN,MIXED
ea12b3fb2f8c4a409782,CLEAN,NO_DIACRITICS
22d2d70b46b04c5dac7f,CLEAN,CHAR_REPEAT
e3daa1d0fccd42749664,OFFENSIVE,PUNCT_NOISE
f6ebdc8f692f46dcbbfa,CLEAN,ORIGINAL
9e463862a6e4468ead17,CLEAN,ORIGINAL
2747731267454d74b4a2,CLEAN,OBFUSCATION
7b8c054314b643afba7e,CLEAN,ORIGINAL
0ee5889f4b814d649ded,OFFENSIVE,OBFUSCATION
9c7b27694dd944d7ac75,OFFENSIVE,ORIGINAL
28565da3177e4dffa6ee,CLEAN,ORIGINAL
b072d025cfb64f40ab2a,CLEAN,MIXED
ac2314824032444db709,OFFENSIVE,ORIGINAL
3ce30fd959fa48f99f50,CLEAN,OBFUSCATION
76ace12f299f47ddad12,CLEAN,ORIGINAL
582c63f5c7a043ef9229,OFFENSIVE,MIXED
61a222fd13f3423eb0ac,CLEAN,OBFUSCATION
ce20bf74cd744ed5b07d,CLEAN,ORIGINAL
a226ff21649e4df79ef6,CLEAN,OBFUSCATION
2a2be9fbfa5d4d3786c7,CLEAN,PUNCT_NOISE
83091c0961e14664b00d,OFFENSIVE,OBFUSCATION
57b05145d9724b738c4e,CLEAN,OBFUSCATION
08d5cf64a5e14c8eb55e,CLEAN,ORIGINAL
ce4b97feec9645868e78,CLEAN,OBFUSCATION
de49d2b399c84931aac0,HATE,ORIGINAL
3a0a3360c3374520babc,CLEAN,ORIGINAL
1e50128933aa4646b532,CLEAN,NO_DIACRITICS
2380eb2b7e814da1b99d,CLEAN,CHAR_REPEAT
f2b43a7b3a2e4658990d,CLEAN,CHAR_REPEAT
f2e3c62df17545d4819b,CLEAN,CHAR_REPEAT
71c836f2cbd0438ebdca,CLEAN,ORIGINAL
828d180256b6426fb7c0,CLEAN,ORIGINAL
e6ee34d9b7d7426b897d,HATE,ORIGINAL
c668714c119542bf8248,CLEAN,ORIGINAL
88dc38bfe96e43bf85b9,CLEAN,ORIGINAL
836ba3d150f74304ae44,CLEAN,ORIGINAL
91a1ea65333545d2990f,CLEAN,ORIGINAL
2dea6e80efbc437e8477,CLEAN,ORIGINAL
6f727317f1bc44e4854a,HATE,CHAR_REPEAT
68038eb7bf174e55906f,CLEAN,TEENCODE
e8f39a21a6e448da8484,CLEAN,ORIGINAL
e76f2cbdeccd4ee68b9b,OFFENSIVE,CHAR_REPEAT
3d2e772a5b8042baab6e,CLEAN,CHAR_REPEAT
d4c6c04ce4e644678172,CLEAN,ORIGINAL
f58021b1850347ee849b,HATE,ORIGINAL
7e5ac3796f054af6b488,CLEAN,OBFUSCATION
ce39b552258745ee9972,CLEAN,ORIGINAL
f06496ca578d4317bb5d,CLEAN,NO_DIACRITICS
272a45cf7b5642c29583,CLEAN,MIXED
53633e18a0614d64b7ed,HATE,CHAR_REPEAT
93ce00aa1c2d49429fd3,CLEAN,PUNCT_NOISE
8262550f2ab54c229f4a,CLEAN,OBFUSCATION
19bc751bd2644c559254,CLEAN,OBFUSCATION
3d1a18bd60664e90956f,OFFENSIVE,ORIGINAL
5402a419774d4a7fb6cb,CLEAN,ORIGINAL
79a020f6d53c4baaa523,CLEAN,CHAR_REPEAT
9fd5d489092e42399336,CLEAN,NO_DIACRITICS
b163310be8b647debbbf,CLEAN,ORIGINAL
0b5d1df2d7fd46e5ab27,HATE,OBFUSCATION
30c83f8e15bd4e15a408,CLEAN,ORIGINAL
d65e69f5cd664ea79431,CLEAN,PUNCT_NOISE
131853e026844d3bb0ac,CLEAN,ORIGINAL
c1c22aac2fd14eeb96e7,CLEAN,CHAR_REPEAT
38206a9789c246e28ee2,CLEAN,OBFUSCATION
6298688fc7674c469781,HATE,OBFUSCATION
cc2ce03ace454e88be7c,HATE,PUNCT_NOISE
1188cde190c1476aa803,CLEAN,ORIGINAL
0a40beb230d64549a4e8,HATE,NO_DIACRITICS
ac776cdb64664fe3aace,CLEAN,ORIGINAL
7f382618feec4b2282a7,OFFENSIVE,TEENCODE
ff987773ddef43868168,CLEAN,MIXED
bfbf2e7fb3f245c895f7,CLEAN,NO_DIACRITICS
4a598167bbda47bcbe23,CLEAN,ORIGINAL
fb71e68c02b74fdb8cfb,CLEAN,OBFUSCATION
847fea5bf42844e38db8,HATE,ORIGINAL
38b942a02ff647c88530,CLEAN,MIXED
a2db99f3d5b0491ba29c,CLEAN,ORIGINAL
b3ef8179017e4ef0a85e,CLEAN,ORIGINAL
c8a10537d0174d39bf7f,OFFENSIVE,PUNCT_NOISE
8ece2b294ab543ad8b09,HATE,MIXED
e0e204cf21c649eca922,CLEAN,TEENCODE
9b877b49c928439b943c,HATE,ORIGINAL
dc43cb500435497abadd,HATE,PUNCT_NOISE
461064e8eb3045b0b566,CLEAN,ORIGINAL
78749a04e0fe470fb6f2,CLEAN,ORIGINAL
312a0e5743744e1882ea,HATE,OBFUSCATION
a28c0ec237304235af00,CLEAN,OBFUSCATION
74b639d881194d6baf91,HATE,MIXED
97fc7cfe74ca41698475,CLEAN,PUNCT_NOISE
5fca934192ed4f61b016,OFFENSIVE,PUNCT_NOISE
161a956c2e6d4ea888e8,CLEAN,ORIGINAL
02af0698cd0444afad64,CLEAN,NO_DIACRITICS
8465dc9253b64f248f2a,CLEAN,NO_DIACRITICS
f687e50e702e4285be68,CLEAN,ORIGINAL
96019f7a94914f34b902,CLEAN,TEENCODE
80440d0a1ff54264b444,OFFENSIVE,ORIGINAL
7486f1b9f02242cd92bf,CLEAN,OBFUSCATION
5d930d0c161b4672a36d,CLEAN,PUNCT_NOISE
ae0b3fb65c7e4ec2ac40,CLEAN,PUNCT_NOISE
9495576167904265a912,CLEAN,ORIGINAL
693b1c064d184984b91a,CLEAN,CHAR_REPEAT
6947c0e49961431e913d,CLEAN,TEENCODE
5da62a2b2a11428ca293,OFFENSIVE,NO_DIACRITICS
35ae864d5e4d4881a7d6,OFFENSIVE,MIXED
56782f9f0519433c9e01,CLEAN,OBFUSCATION
693ebf5931af4bf0909e,CLEAN,OBFUSCATION
bc99c4827531490e8805,CLEAN,NO_DIACRITICS
a3560cc6968742feadb5,OFFENSIVE,CHAR_REPEAT
2d5c28918cec42feb09d,OFFENSIVE,ORIGINAL
383e54f8e8cb4549bd3b,OFFENSIVE,OBFUSCATION
18ddc7ea172a48aaa4ac,CLEAN,CHAR_REPEAT
d0e2e996b69846fb830f,OFFENSIVE,OBFUSCATION
52f4bff0b4b345bab1ed,HATE,ORIGINAL
7c9c23fbfc504fa9bdfb,CLEAN,PUNCT_NOISE
652a1666dce34bce879f,CLEAN,NO_DIACRITICS
5e5c3cf97aac47daa84f,CLEAN,NO_DIACRITICS
39f2b7bab77a453ebe73,HATE,PUNCT_NOISE
ebc84725aa8c42a78197,CLEAN,PUNCT_NOISE
b79b548be69d41a0bc54,CLEAN,OBFUSCATION
e5e461bce0cb4377b972,CLEAN,ORIGINAL
457f6ee32a7d4b6d85bd,OFFENSIVE,OBFUSCATION
d4c46df49e2c454b9d36,CLEAN,ORIGINAL
7b3839262c444449a5bf,CLEAN,PUNCT_NOISE
4edfd9876c1e41fa97f6,CLEAN,TEENCODE
3dac19e6c1634435afee,CLEAN,CHAR_REPEAT
58042e6da4b74e78bf53,CLEAN,PUNCT_NOISE
b294eae86b084363bfa9,CLEAN,MIXED
d1a4532274ad4ec7a228,OFFENSIVE,ORIGINAL
02ae4b3ab879425e9da5,CLEAN,TEENCODE
1096d85492674adc8f15,CLEAN,CHAR_REPEAT
44c6f33881d0481d9495,CLEAN,ORIGINAL
8250c6486b12427e95b7,HATE,ORIGINAL
37f1513e863a4c8c904d,HATE,ORIGINAL
639102f3ad05453180e4,CLEAN,PUNCT_NOISE
3d5fb95034284321856b,CLEAN,PUNCT_NOISE
81dd370e89d74de7b297,CLEAN,MIXED
c0b66b8703e9437d9fc1,CLEAN,MIXED
18ab1f31c18b4334a9b7,CLEAN,NO_DIACRITICS
19eb42a377eb40cfbdfa,CLEAN,ORIGINAL
a8109f9bf6c94438949e,CLEAN,ORIGINAL
4b1b059b7d244fbcaf1d,CLEAN,ORIGINAL
cc161d5d04f741589d71,CLEAN,ORIGINAL
e30b0bcde43647ad9237,CLEAN,OBFUSCATION
430d91282c764afd863a,CLEAN,ORIGINAL
c1c949e3aa6b44c49477,CLEAN,MIXED
b330594afa8b43ae8415,CLEAN,NO_DIACRITICS
0d9923937c1a4472a2cb,CLEAN,ORIGINAL
592526fe9df140e89ac5,CLEAN,CHAR_REPEAT
8ff4a9fb2e264ba3bbb7,CLEAN,MIXED
5a6921068e6b481a8301,CLEAN,ORIGINAL
7fb5f5313deb4c069c8a,CLEAN,CHAR_REPEAT
4048a0707dd443e493a4,CLEAN,CHAR_REPEAT
1fbddf4a5e71449fa6d1,CLEAN,MIXED
5b96e4f6bca94decb479,CLEAN,ORIGINAL
4554b1f66be64b5fa266,CLEAN,CHAR_REPEAT
fee0135fb26247cca101,CLEAN,MIXED
fa26f4b628fe4aa1a9e0,CLEAN,CHAR_REPEAT
d5dbb7f9d364454c84a0,CLEAN,ORIGINAL
ed262548a6a249d7a98a,CLEAN,ORIGINAL
0cbdff4003744eafa813,CLEAN,CHAR_REPEAT
a56acd69f8334f8f8874,HATE,ORIGINAL
8cd23d8b45ae41f4874d,CLEAN,OBFUSCATION
025514860d204cbeb1fe,CLEAN,PUNCT_NOISE
6bc5c06265624dcfb33f,CLEAN,NO_DIACRITICS
17cf03d7064a4ecda521,CLEAN,ORIGINAL
48aac1e37d0e4d6d9443,CLEAN,CHAR_REPEAT
5b01bee2208b467a8617,CLEAN,PUNCT_NOISE
49e5dc4cf4a749b8bc7e,CLEAN,NO_DIACRITICS
0b87e50598154adab2c8,CLEAN,PUNCT_NOISE
d48667cba4b2453e9efc,CLEAN,NO_DIACRITICS
5a304a963c6c4fff97db,CLEAN,OBFUSCATION
e16b1b63d7264cde82a2,CLEAN,ORIGINAL
10b31b96bfd84f96aa89,CLEAN,PUNCT_NOISE
684473f5cd6449518c80,CLEAN,OBFUSCATION
8a7d1262649c431dbf1d,CLEAN,PUNCT_NOISE
d73b4217619e4a45af3d,HATE,MIXED
671f61f8de1d4b80950e,CLEAN,TEENCODE
44350a1c88034a688195,CLEAN,NO_DIACRITICS
d7e0d473a58a4ef1a7c1,OFFENSIVE,NO_DIACRITICS
cd5f869fafe3456191e0,HATE,ORIGINAL
e53a2da9dc404153a5bc,CLEAN,PUNCT_NOISE
4220e4f09d05486c91a7,CLEAN,TEENCODE
cb8a36cf6b264244bba8,HATE,OBFUSCATION
40e27ccccfe549b896d3,CLEAN,OBFUSCATION
84bc1b30acba474ca5c9,CLEAN,ORIGINAL
20416585db0846c78b28,CLEAN,NO_DIACRITICS
7caa07119b3f4402ad45,CLEAN,CHAR_REPEAT
5e095583e7724580b38d,CLEAN,TEENCODE
3856f420d30f40f98e17,HATE,CHAR_REPEAT
739f5d2dade1464681e4,CLEAN,ORIGINAL
af4c2a9e1a5d440fbcc0,CLEAN,ORIGINAL
b1f1e27846b84aa4ac63,CLEAN,ORIGINAL
507fe469399a49558ec3,HATE,ORIGINAL
f9d9e93836964c1eb1ef,CLEAN,ORIGINAL
e7c87d88910c433e8d73,CLEAN,ORIGINAL
5f754cfb2f3540379379,CLEAN,ORIGINAL
4510745b2a0d433fa558,HATE,NO_DIACRITICS
f2fdc1139cfd431588a6,CLEAN,MIXED
9645541f09634d0aa484,CLEAN,ORIGINAL
533a3f2ee2254860b3b2,CLEAN,ORIGINAL
4824eca63d26461aa05d,CLEAN,TEENCODE
bb84b87255f94b5688c3,CLEAN,ORIGINAL
b9ed4a9112134e548db9,CLEAN,ORIGINAL
88566087c31242b79cc5,CLEAN,OBFUSCATION
335e23ce469849be9a12,CLEAN,MIXED
f928795c98224ec8b0ff,CLEAN,PUNCT_NOISE
0e7ae525fc92482e8d65,HATE,ORIGINAL
7177846ff21649bf8380,CLEAN,ORIGINAL
b04f99712a164a52adcd,CLEAN,PUNCT_NOISE
19a0e660af484b749409,CLEAN,CHAR_REPEAT
fb15b443fd7744eab40a,CLEAN,OBFUSCATION
b2fdd1dfb9854689adc3,CLEAN,ORIGINAL
3fde74f5181a45f599d3,CLEAN,ORIGINAL
cfddb55fca1646308a3a,CLEAN,OBFUSCATION
829acd9db569445b8d78,CLEAN,ORIGINAL
09557b55c87c4e52b0e6,CLEAN,NO_DIACRITICS
d9bbe11625b943318266,CLEAN,PUNCT_NOISE
c7219cbd71be4aae9a5e,CLEAN,NO_DIACRITICS
0abef6a36a2e4425ba07,OFFENSIVE,PUNCT_NOISE
53ba3f81396648d2a4db,CLEAN,ORIGINAL
d76aba7431014415bcb3,CLEAN,CHAR_REPEAT
3c761a10d7f04800be0f,CLEAN,MIXED
5eaf74d31b3144688d11,CLEAN,ORIGINAL
941da33b95c94ea4a3e9,CLEAN,ORIGINAL
fb9f1000cb2a40bda30e,CLEAN,ORIGINAL
ead99ea71a794bce9d4e,CLEAN,OBFUSCATION
ced6b75f5cb14b91890c,HATE,OBFUSCATION
217b7d30f24d4dca9247,CLEAN,ORIGINAL
c22cf839f78044fbb854,CLEAN,NO_DIACRITICS
1f9d1faf68fc4ef9af70,CLEAN,CHAR_REPEAT
24dd50f1e6ce461996ce,CLEAN,CHAR_REPEAT
cb3bb1df54584a8a9b38,CLEAN,MIXED
07ea4f5bf0fa46458ba1,CLEAN,PUNCT_NOISE
6fe25bc762034c17a592,CLEAN,NO_DIACRITICS
35b9826ef7eb4f8eaac5,CLEAN,MIXED
15bdd056f5714c21a191,CLEAN,ORIGINAL
703cd6799e8d43738712,CLEAN,PUNCT_NOISE
01a4a94d72754a288fa3,CLEAN,MIXED
89b18c6a6c0b41b88741,CLEAN,ORIGINAL
400e02789b9244d89c37,CLEAN,MIXED
1f0f74474d134a55874b,HATE,ORIGINAL
c3cd4a5a035346daab14,CLEAN,NO_DIACRITICS
2f6791d7ceae4f60a0b3,CLEAN,OBFUSCATION
21f2051aeba24d4e84fc,CLEAN,TEENCODE
b934833bf802457c9c1c,CLEAN,PUNCT_NOISE
86d1e79078d14f57ae2d,CLEAN,ORIGINAL
bf3be2eddd1b4f7592e8,HATE,PUNCT_NOISE
3c384a99b20348dea444,CLEAN,ORIGINAL
45e7d1f3ebfc43ffa458,CLEAN,ORIGINAL
258937d3013c4361bf57,HATE,OBFUSCATION
749a1bca5b4b4ec4b813,CLEAN,ORIGINAL
63edaf6e0a304f2fb4b9,CLEAN,PUNCT_NOISE
c1677f29fc874bfd9f78,CLEAN,PUNCT_NOISE
8b3796b06911420c817f,CLEAN,ORIGINAL
1d0505c4987b4dbb8788,HATE,NO_DIACRITICS
873d2c7d788c4b0ebfa3,CLEAN,ORIGINAL
bb7cb2852e394a39967b,OFFENSIVE,MIXED
3e815a09890b47e6ab5b,CLEAN,OBFUSCATION
49134fc52008457da615,CLEAN,NO_DIACRITICS
04f6826d0e6745a2abe9,HATE,NO_DIACRITICS
9714119493fd468eba06,CLEAN,OBFUSCATION
9d53017ae06e40849e51,CLEAN,NO_DIACRITICS
76e26dbb76ed45e9a860,CLEAN,ORIGINAL
60e947bd0c7d43118ca5,CLEAN,PUNCT_NOISE
03cf269da2d24452a380,CLEAN,PUNCT_NOISE
b3013c0ba7af43519fbf,HATE,NO_DIACRITICS
518beec46a174db0a387,CLEAN,NO_DIACRITICS
ec1ef588d9e04e3db395,HATE,ORIGINAL
9834c3d71d174c9ca47b,CLEAN,MIXED
c3de4c70bb8b4443b341,CLEAN,ORIGINAL
12e2afbd7fe644b0b136,CLEAN,ORIGINAL
f4482f72c1bb438587a1,CLEAN,NO_DIACRITICS
439f71b761e048d18503,CLEAN,NO_DIACRITICS
92012ab9e87f49bf902a,OFFENSIVE,OBFUSCATION
1d42a2d201064839815b,CLEAN,ORIGINAL
76dc21a27291492fae29,CLEAN,ORIGINAL
7e237afbd96c468fa65e,CLEAN,ORIGINAL
49acb500ec704923ad05,HATE,NO_DIACRITICS
ceeb5dd3450f4b7c8b06,CLEAN,ORIGINAL
51be609e2d4049f39553,CLEAN,NO_DIACRITICS
8b1c21e11c3d435880c9,CLEAN,MIXED
c38fd96253ca49fba81e,CLEAN,ORIGINAL
ff830bad3580413fba64,CLEAN,OBFUSCATION
8f92a60008f842e19439,CLEAN,PUNCT_NOISE
da1a204f5ecb4854b374,CLEAN,CHAR_REPEAT
16edd008b20f4dd99d3c,CLEAN,TEENCODE
33dd13f708154c55941d,CLEAN,ORIGINAL
072da6ab82f84d50af13,CLEAN,MIXED
ba1cfac13510405390d3,CLEAN,CHAR_REPEAT
62c887f31a5f4051a2ba,OFFENSIVE,PUNCT_NOISE
14b159f87b6341f68e2a,CLEAN,ORIGINAL
62e94f8d6716418e8552,OFFENSIVE,NO_DIACRITICS
39b947f9d01a4c2eb5de,HATE,ORIGINAL
31647712304e4248acd6,CLEAN,MIXED
c7d06ed4456c4daab4ba,CLEAN,ORIGINAL
b43921f637f2455691b3,CLEAN,MIXED
c5eb0adcc74d40279d19,HATE,NO_DIACRITICS
83fad240755845fca79a,CLEAN,ORIGINAL
e2540ccba8544316aadf,CLEAN,ORIGINAL
af26e9812d3349cba1fc,CLEAN,OBFUSCATION
87efce6f1f714417a29f,CLEAN,ORIGINAL
f5756471828c4a25b887,OFFENSIVE,PUNCT_NOISE
34c15236533c463f91f9,CLEAN,ORIGINAL
b01d857efa2b4ecc836e,CLEAN,ORIGINAL
2a035fcfccf645a49f2a,CLEAN,PUNCT_NOISE
d3abb35f5b3448a0b1df,CLEAN,ORIGINAL
d7cf922b2f0f443cb288,CLEAN,CHAR_REPEAT
f82f3fa4384843a68c35,CLEAN,OBFUSCATION
1d8946f15484492eb187,CLEAN,OBFUSCATION
1cb39bc8b0fa40108abf,CLEAN,MIXED
f68b573df66c4438b45a,HATE,ORIGINAL
b5a02f0f11a64f59ac13,CLEAN,ORIGINAL
5aaa53195ec94c20b2d9,CLEAN,PUNCT_NOISE
bafa80aa30fa42cc8a06,CLEAN,CHAR_REPEAT
f7f60aa13de4435fa06c,CLEAN,ORIGINAL
9528fce9dcb5405da9a5,HATE,ORIGINAL
dfdc5a8e9ee74190b124,CLEAN,ORIGINAL
89e2e2a2f38941a8824c,CLEAN,OBFUSCATION
596404ff7eb44c6b8470,CLEAN,ORIGINAL
6974abf65d73445ca9d8,CLEAN,NO_DIACRITICS
b42e55c47f8d47c7818f,CLEAN,ORIGINAL
f226129b80d54c36bbc1,CLEAN,NO_DIACRITICS
8fbdd9703c9449579195,CLEAN,TEENCODE
43342f5ee04841b7b4ad,CLEAN,OBFUSCATION
2375c49871004cc5820b,CLEAN,NO_DIACRITICS
38665eb2916a42108ba3,CLEAN,PUNCT_NOISE
4fe2cc1314bf4daabb0a,CLEAN,CHAR_REPEAT
3533b4b577324163a892,CLEAN,PUNCT_NOISE
c906a3a40f0243f79a67,CLEAN,MIXED
97644363aff84a03a1eb,CLEAN,MIXED
ec331ff7eead4f498e17,CLEAN,ORIGINAL
8360e0d6113c4add82d0,CLEAN,ORIGINAL
a1279d25fc354ba9a246,CLEAN,MIXED
f77ffb1bc12946dd946d,CLEAN,CHAR_REPEAT
d470d070eaa94b8fac99,CLEAN,ORIGINAL
eff9be4665d04a179a64,CLEAN,NO_DIACRITICS
17cc30c5ab5a474eadd4,CLEAN,TEENCODE
55eed98a97504ca0baa0,HATE,NO_DIACRITICS
0ca1ba85abb94b4f8589,CLEAN,PUNCT_NOISE
b4d7668d4b1b4d7698eb,CLEAN,NO_DIACRITICS
155acbbf9a494ab8af79,CLEAN,MIXED
1659344ce85d46b9a353,CLEAN,NO_DIACRITICS
b958b4512b8c4341b829,CLEAN,ORIGINAL
b8466c39c17a44a0b2a2,CLEAN,MIXED
96a9f5801702485a9746,CLEAN,NO_DIACRITICS
9f983d21e47b428582a0,HATE,MIXED
0d1ae8fbc0b049179ea6,CLEAN,MIXED
a59cce8813204bd2889e,CLEAN,TEENCODE
564902fae1004c56b218,OFFENSIVE,ORIGINAL
93fadea33dcc4c8abed6,CLEAN,PUNCT_NOISE
77e5256bffb442669f8c,HATE,CHAR_REPEAT
926ce496c73d4255bdd6,CLEAN,MIXED
6ce343bc4826459b873c,CLEAN,MIXED
b86cb368a159478dad4f,CLEAN,ORIGINAL
e306742e42ef46ca9d86,CLEAN,NO_DIACRITICS
d0495ad2919641b99715,CLEAN,PUNCT_NOISE
5009749857134ce9810c,CLEAN,ORIGINAL
b04eb0991b4e4d428958,CLEAN,PUNCT_NOISE
58dccf67e9a443119c79,CLEAN,ORIGINAL
dc27e36e90324a888b3e,CLEAN,ORIGINAL
5f5d6856dc374b60bd9e,CLEAN,PUNCT_NOISE
dec038b2bb6a48a1917a,CLEAN,ORIGINAL
8757b0ce17cc4ad48461,CLEAN,OBFUSCATION
ee06ec5bc2d241d085ab,CLEAN,CHAR_REPEAT
d93bef6476004ea89ab5,CLEAN,OBFUSCATION
db0279052b2e46aa864b,CLEAN,ORIGINAL
dade4d263a494b3b8cd7,CLEAN,MIXED
9beeafe332884a2f80fc,CLEAN,NO_DIACRITICS
27e42e36d60e4631bde3,CLEAN,CHAR_REPEAT
6f7e8c7dbb2f452e815e,CLEAN,MIXED
fb56cab9ad984900914f,CLEAN,NO_DIACRITICS
9f8fef8d2766480fb9cc,CLEAN,OBFUSCATION
5d0eaae9973b45318c28,CLEAN,PUNCT_NOISE
abdabe603a91456f8385,CLEAN,ORIGINAL
f7edde1a32b348fa89d5,HATE,ORIGINAL
73df19e1fa7d40b79fb3,CLEAN,ORIGINAL
c8bb652a9e4b44b489f2,CLEAN,MIXED
422636f7586d4a8aa21d,CLEAN,ORIGINAL
b816ccfa5bbe46c28f26,CLEAN,MIXED
293f00c013fc4a78b6b4,CLEAN,ORIGINAL
5d126b8b07b5446795d2,OFFENSIVE,PUNCT_NOISE
25c694e3b27744969532,OFFENSIVE,OBFUSCATION
217974af4dc24726bb00,CLEAN,PUNCT_NOISE
d21f92f6ddd2408491cc,CLEAN,PUNCT_NOISE
811e758958e6409993cd,CLEAN,NO_DIACRITICS
609aaffea826408cae22,CLEAN,CHAR_REPEAT
d06675b1e521400782c8,CLEAN,OBFUSCATION
b013537910f34249be4f,CLEAN,CHAR_REPEAT
07e13aa2899a4bf0894b,CLEAN,ORIGINAL
29395382873041459ea8,CLEAN,NO_DIACRITICS
cc1ccacdf92e44ecb21c,OFFENSIVE,PUNCT_NOISE
c9ed492f859c45b8ad59,CLEAN,CHAR_REPEAT
38b8a6c2435843b8ba86,HATE,ORIGINAL
20f74eb3c9e147c78edb,CLEAN,CHAR_REPEAT
9d7d004189b3444ab96b,CLEAN,ORIGINAL
3272431bd1f44abaa74a,CLEAN,MIXED
043e8c154dec466ab7cc,CLEAN,MIXED
563d3a59b2184e419200,CLEAN,OBFUSCATION
e48eddfd9e3b4aa59dc4,CLEAN,NO_DIACRITICS
2311c4c057d24bd8a538,CLEAN,ORIGINAL
d0853b49fbfb4607a00a,CLEAN,TEENCODE
3183713f16a34e25bd1c,CLEAN,PUNCT_NOISE
94ca00d941d946f985f4,CLEAN,NO_DIACRITICS
c5b71339ed00448d8b8b,CLEAN,PUNCT_NOISE
f1f7ae08b1014896b8d4,CLEAN,OBFUSCATION
8c39a2e3ec934296a63d,CLEAN,OBFUSCATION
811e847b73d049e2b4cf,CLEAN,ORIGINAL
051218c2a9634c17b821,CLEAN,ORIGINAL
d11c26f7720c4a6f988c,OFFENSIVE,ORIGINAL
a1d304d4566b4109af8d,CLEAN,OBFUSCATION
99162ea5557b4b39b4bf,CLEAN,ORIGINAL
434c643b507343d3a68f,CLEAN,ORIGINAL
c6264aad68534b4796a6,CLEAN,CHAR_REPEAT
bfe00d8e021441d8b61e,CLEAN,NO_DIACRITICS
ecfc3ed8f86743d1b0c3,CLEAN,OBFUSCATION
af7f17e3314644319d0b,CLEAN,TEENCODE
cbf8937cd5d744369627,CLEAN,PUNCT_NOISE
5bb3a6768f1c47568599,CLEAN,CHAR_REPEAT
182b094fed584822a3c8,CLEAN,ORIGINAL
c89a25939d1a4981b8c0,CLEAN,ORIGINAL
d5805e56047c43d486c7,CLEAN,MIXED
a5df60bc19ce498cb0d9,CLEAN,OBFUSCATION
2dc65a5c22374a8fabf0,CLEAN,OBFUSCATION
a56befbd9b0b4ae09f42,HATE,NO_DIACRITICS
7a01ac922aaa4e80a402,CLEAN,NO_DIACRITICS
81ff33379e05498199fd,CLEAN,OBFUSCATION
34bf89518560467c9046,CLEAN,NO_DIACRITICS
32cdecc2262042ca83bc,CLEAN,ORIGINAL
0c6cb18b7edc4d8caf20,CLEAN,OBFUSCATION
08b4cf10f1ff40c0ae42,CLEAN,CHAR_REPEAT
ad58dbece3824521a69b,CLEAN,CHAR_REPEAT
50516eb4fbee47a68cb4,CLEAN,OBFUSCATION
a4f23e6e566d4e638277,CLEAN,ORIGINAL
9a51452a6d644c4a9361,CLEAN,CHAR_REPEAT
d26941e59b18473693a8,CLEAN,PUNCT_NOISE
f3823278dab347d88c38,CLEAN,OBFUSCATION
54984d93238846ceaa41,CLEAN,MIXED
2904b1619d6a411a8584,CLEAN,CHAR_REPEAT
67ac2034beb547499a5d,CLEAN,NO_DIACRITICS
63db75461aa2429f9c32,HATE,MIXED
d6b84acdfaea4117b2f3,CLEAN,PUNCT_NOISE
2e93a608b3454804848c,CLEAN,ORIGINAL
c463c4bc70d4431db619,CLEAN,ORIGINAL
ad8f7318e0434890bb0a,CLEAN,OBFUSCATION
2a3f9ddd8fde45b7bf56,CLEAN,ORIGINAL
224cc694060f4934aa34,CLEAN,OBFUSCATION
4e54bb4e67654b488eb5,CLEAN,ORIGINAL
3adfd36fea4f4ca6b82d,CLEAN,OBFUSCATION
19d8dbb7a98847849079,CLEAN,ORIGINAL
8bf0ea2d35e04263ad8b,CLEAN,ORIGINAL
6ac867b1e4804cd7b557,CLEAN,ORIGINAL
33f5768c0aa74232b9f2,CLEAN,NO_DIACRITICS
64cfc58e9a80476c818d,CLEAN,ORIGINAL
31840110dad64fffaea2,CLEAN,CHAR_REPEAT
6a7e06b3ad224045a095,CLEAN,ORIGINAL
e09a4bbbba184a8787bd,CLEAN,ORIGINAL
fc8054df5fc444058e8e,CLEAN,CHAR_REPEAT
1fceb7c32fb646778283,CLEAN,PUNCT_NOISE
6e35d3b48a704493a50a,CLEAN,CHAR_REPEAT
96d2f9fec5084c019d38,CLEAN,ORIGINAL
e0ca9ab9294b45699278,CLEAN,NO_DIACRITICS
b4e12601b22c45f0839c,CLEAN,MIXED
3d09982b3d064d3aaa99,OFFENSIVE,NO_DIACRITICS
17b9f42ae96e4c80b14a,CLEAN,ORIGINAL
4beff71fb8a343b5b6ff,HATE,CHAR_REPEAT
9a4ef32caa474cc3beb0,CLEAN,OBFUSCATION
31b93b393b54404cbb20,CLEAN,ORIGINAL
63fd836c9dcf4eb08380,CLEAN,NO_DIACRITICS
3ef14229f6644bdbad0f,CLEAN,NO_DIACRITICS
16eed0c3d8f64bb59126,CLEAN,ORIGINAL
120a34dc7f3f4382b461,HATE,PUNCT_NOISE
ac1795444c7742118c35,CLEAN,PUNCT_NOISE
e9a108ae8e1146b2bab9,HATE,ORIGINAL
6127a0e6499f4ac49911,CLEAN,NO_DIACRITICS
15eaf0e433474be0ba2b,CLEAN,CHAR_REPEAT
1c5d02e60af145ec9e9e,CLEAN,PUNCT_NOISE
eb63f6cfe1dd4f6e916d,CLEAN,ORIGINAL
c5b8fb43e193418886e9,CLEAN,ORIGINAL
d563878bab1241fba026,CLEAN,OBFUSCATION
a909775db1ef480fa357,CLEAN,MIXED
d8fbf58eb5b445e39929,HATE,TEENCODE
1e5d8973de7543a88d7d,CLEAN,NO_DIACRITICS
fbaf6ee8bc9a479bb835,OFFENSIVE,MIXED
947f0cf54e604276812b,CLEAN,NO_DIACRITICS
988defacd6f14470b55d,CLEAN,OBFUSCATION
971c0933182b4836bee9,CLEAN,ORIGINAL
e97b2c552fa94b41bc49,CLEAN,ORIGINAL
13c26b7ba47a456a89a6,CLEAN,ORIGINAL
107390e2b7824ef7b364,CLEAN,PUNCT_NOISE
23ca7337383846068a48,CLEAN,ORIGINAL
851c93b9560d4d538549,CLEAN,ORIGINAL
3439737e954f46c1919e,CLEAN,NO_DIACRITICS
8b4ace5c58bd4f3ab27b,CLEAN,ORIGINAL
d9a4aea0651043c4bc59,CLEAN,PUNCT_NOISE
1bae6bdb16d5421fb2fa,OFFENSIVE,PUNCT_NOISE
c9f1ae2a159042ae890c,CLEAN,ORIGINAL
e85d395f17c84206aaac,CLEAN,ORIGINAL
ff0078a2a75442e0b360,OFFENSIVE,NO_DIACRITICS
a8aeef188e154d58b7b8,CLEAN,NO_DIACRITICS
3a27cb55dc174e5681b7,CLEAN,NO_DIACRITICS
22eb6c548dfc4439a5f3,CLEAN,ORIGINAL
6910a48c01c64eb891e8,CLEAN,OBFUSCATION
3c2c57bbbe98449b8774,CLEAN,CHAR_REPEAT
11b153592a824d61b92c,CLEAN,NO_DIACRITICS
a9e134f1e2d8444f8fa2,CLEAN,MIXED
04e6925616d6424391e6,CLEAN,CHAR_REPEAT
695dd515117549f9a2b4,CLEAN,CHAR_REPEAT
f4daa78da49f40b19fd0,CLEAN,NO_DIACRITICS
9b3023805ecc47a0ba2a,CLEAN,NO_DIACRITICS
0ea0a94be0a847a1b149,HATE,TEENCODE
eb0bfd50687a4a1d8875,CLEAN,OBFUSCATION
1dc829281a554daca3a3,CLEAN,ORIGINAL
8025166cb4294a639948,CLEAN,MIXED
6c3fbb20ec394887bbfd,CLEAN,NO_DIACRITICS
1a883e250dae4ba9a818,CLEAN,ORIGINAL
100dffd4f4704549aeef,CLEAN,NO_DIACRITICS
c347c4546b9e46be8461,HATE,MIXED
606ec428c1e346df85c4,CLEAN,MIXED
abc96f9212254b948fed,CLEAN,CHAR_REPEAT
93d366ed49164ca6a17e,HATE,ORIGINAL
c067c49eb8fd4dfc9f0b,CLEAN,NO_DIACRITICS
1258cdc9ee564f628378,CLEAN,MIXED
dd90157d90dd45cc8a27,CLEAN,PUNCT_NOISE
85181fba69454c3d8864,OFFENSIVE,TEENCODE
a9bc77dbcb804f41bb0f,CLEAN,ORIGINAL
7d56121778364ffa94d4,CLEAN,TEENCODE
10268a69fae147f19fd0,CLEAN,ORIGINAL
64f64c8e2519482f82e2,CLEAN,OBFUSCATION
39e402b1fb794fe9960a,CLEAN,ORIGINAL
4c49c066ac7e4e20a175,CLEAN,ORIGINAL
060bf9358cd34ce888e2,CLEAN,ORIGINAL
b1df7ce9f8454b0bb7a9,OFFENSIVE,CHAR_REPEAT
cc10f85896c04e49bfbc,CLEAN,ORIGINAL
3024cbc1ed4c4bcf9375,CLEAN,MIXED
716e23b225f149a18144,OFFENSIVE,MIXED
56f73ec2e6594a06b5e5,CLEAN,OBFUSCATION
e0fe0e282346484785db,CLEAN,ORIGINAL
9511be6471e241ffad03,CLEAN,PUNCT_NOISE
4c16597f9df64565b218,CLEAN,OBFUSCATION
da24f8cf41334a8a8eab,CLEAN,MIXED
859bd7e61b81495e90a9,CLEAN,ORIGINAL
2ce482dcdf58484991f6,CLEAN,TEENCODE
bc4ee4b40e9f4bea81eb,CLEAN,CHAR_REPEAT
7744944a93a143388eed,HATE,PUNCT_NOISE
123f8d6fb8274a5db42b,CLEAN,ORIGINAL
e1b9eacce4994feea803,CLEAN,ORIGINAL
03665b9dfb05464fb3a4,CLEAN,OBFUSCATION
098deaf6192f45039b5d,CLEAN,OBFUSCATION
3afe03ca274143bf9788,CLEAN,ORIGINAL
44f99b31fa6a463b9eac,HATE,OBFUSCATION
faeae33604154ca283ca,CLEAN,PUNCT_NOISE
9490dac294cf44d7ade7,CLEAN,PUNCT_NOISE
557b01a4fb8c48f3bfce,CLEAN,MIXED
68a76dfb49d84202a359,CLEAN,OBFUSCATION
89536c546f3d40e9b5fe,CLEAN,ORIGINAL
aba06b73d5ec4fc8ae5d,CLEAN,PUNCT_NOISE
20aa0067a4c74f78b6ab,OFFENSIVE,ORIGINAL
ed440d405cf14c709a7f,CLEAN,MIXED
538c0d9a76d247af85d5,CLEAN,NO_DIACRITICS
e84cd5ec47644fa0947f,HATE,ORIGINAL
eb03011aaf5549efa650,CLEAN,ORIGINAL
7f41dc1c71b94fcdb4eb,CLEAN,ORIGINAL
385acf78e7d44b168f68,CLEAN,NO_DIACRITICS
dbba25157dae4c678730,CLEAN,ORIGINAL
77014fa793214d5f8b89,HATE,CHAR_REPEAT
625ce4f81c1d42f6818f,CLEAN,CHAR_REPEAT
548fe0ac11bb4062bea1,OFFENSIVE,OBFUSCATION
d51d4909f65946c4aee8,CLEAN,PUNCT_NOISE
78ea9613f42849f2baa2,CLEAN,ORIGINAL
7442853e11b74ee8b714,CLEAN,MIXED
46aa5199694743a18417,CLEAN,NO_DIACRITICS
921195b9b15448aea910,OFFENSIVE,PUNCT_NOISE
63e9f0fed04c42e69533,CLEAN,NO_DIACRITICS
59175d2427ff4b30b369,CLEAN,NO_DIACRITICS
2a3c398fbce34fd39d9a,CLEAN,ORIGINAL
01026a325334471ea9e9,CLEAN,ORIGINAL
db6430ee6e3145ef86f9,CLEAN,ORIGINAL
1926ae0254e4480bb5c8,CLEAN,CHAR_REPEAT
788ca41d52694d608b6f,CLEAN,ORIGINAL
fa34c298e24047dab698,CLEAN,ORIGINAL
c0af1c62e4eb4f8ba756,CLEAN,ORIGINAL
0a44293992dd457e833f,CLEAN,NO_DIACRITICS
4f7d14a8889b4ad4bdd6,CLEAN,CHAR_REPEAT
57d037c20cfb47b0a19b,OFFENSIVE,OBFUSCATION
808c24805bae4a1c93aa,HATE,PUNCT_NOISE
90e24b0db70d483498d3,CLEAN,OBFUSCATION
fba2214f54b04d55b0f0,HATE,NO_DIACRITICS
b0e4435f9e94475fb7c3,OFFENSIVE,TEENCODE
e4de945f414d49c08634,CLEAN,CHAR_REPEAT
a3492e8782534f7d9fb3,CLEAN,ORIGINAL
64dac72d62eb482484cd,CLEAN,PUNCT_NOISE
a79a1893761e4070b3b1,CLEAN,NO_DIACRITICS
d3c17d39875549e292f2,CLEAN,OBFUSCATION
0e0e6f8e41f547f49ddd,CLEAN,NO_DIACRITICS
6a20e0e4184c48dc95c2,CLEAN,ORIGINAL
861106e581624432b3b8,CLEAN,PUNCT_NOISE
35c9ce97f7364c91a7bf,CLEAN,CHAR_REPEAT
90e99eb44f674c98a69a,CLEAN,TEENCODE
7dde586fbddb4c1bbf35,CLEAN,PUNCT_NOISE
ac179f837f0547e7867c,CLEAN,NO_DIACRITICS
9d064a360c5147d4878d,CLEAN,OBFUSCATION
793351a7f6d9472b9b5c,CLEAN,ORIGINAL
cd6df391bbcd4eceb849,CLEAN,ORIGINAL
5c91732ad0f64b7283b1,CLEAN,NO_DIACRITICS
217a3b5aaca24d6fa171,CLEAN,ORIGINAL
a87e092aaf294ef2930e,CLEAN,ORIGINAL
d12fc39cd6184f8ab1e5,CLEAN,ORIGINAL
9ee8216214ba4eb9bb8c,CLEAN,MIXED
c2337759668b4d57bab2,CLEAN,MIXED
5ea8ccd246204c9f9fd1,CLEAN,ORIGINAL
3e6b1c6c70db40259765,CLEAN,ORIGINAL
43cbab0c9ce64f088ef2,CLEAN,ORIGINAL
3b72f0850853430aa310,HATE,MIXED
2a5d69446bb94406bc54,HATE,OBFUSCATION
a304a5153a874f74a6af,HATE,ORIGINAL
b8474973b2394726b689,CLEAN,PUNCT_NOISE
2caa0bc0d1134d42aa2f,CLEAN,ORIGINAL
aa3295ac25c745c8b425,CLEAN,MIXED
2fb53c73c4534c7daeb4,CLEAN,MIXED
b9b2b7efabb74db1bd00,CLEAN,OBFUSCATION
060bc1c49ef0414aba44,CLEAN,NO_DIACRITICS
066dd0d4e4e44fc9817c,CLEAN,OBFUSCATION
6ae3f953a56647eab490,CLEAN,PUNCT_NOISE
1e6b3d08adf74a52a4ec,CLEAN,NO_DIACRITICS
57b0b425a0024c738868,CLEAN,ORIGINAL
185e91d86b674708a6cb,CLEAN,ORIGINAL
64fd410e68544e9797f8,CLEAN,PUNCT_NOISE
6a89f8e751a540b5aba7,CLEAN,OBFUSCATION
647c1026ec564f2fabfd,CLEAN,ORIGINAL
f8fd98f54db54e38a502,CLEAN,OBFUSCATION
68e8d5bc326141468622,CLEAN,ORIGINAL
30db94c886044a42a4b6,CLEAN,MIXED
1d3fa9fe81d740cf9267,CLEAN,PUNCT_NOISE
f4e5e72affaf4bf5a727,CLEAN,ORIGINAL
bb6ac6fb1ba3405b994f,CLEAN,PUNCT_NOISE
b1e8da9563764965aec3,CLEAN,NO_DIACRITICS
d4b850613e6c426daec3,CLEAN,CHAR_REPEAT
79f44b1ebc114322b13d,CLEAN,PUNCT_NOISE
0dff1893104449c38aac,CLEAN,NO_DIACRITICS
cc14dacbedc248f89da4,CLEAN,OBFUSCATION
e961436c95b5483d891f,CLEAN,PUNCT_NOISE
4426048d031240b1a052,CLEAN,ORIGINAL
401c0162521b471cbb0e,HATE,MIXED
c32a2df877974e46a75d,CLEAN,NO_DIACRITICS
7928413396c84fdc9a62,CLEAN,ORIGINAL
5ef484adc3924db9a98c,CLEAN,MIXED
6303643d253241b2b941,CLEAN,OBFUSCATION
08c02f74918f4ed1ad19,CLEAN,MIXED
1385ecac4a814800bc38,CLEAN,OBFUSCATION
594bf5c2980a4392a567,CLEAN,PUNCT_NOISE
cb671f76f2fe45f0bf02,CLEAN,OBFUSCATION
cffc2237a82f4ab1ad9c,CLEAN,ORIGINAL
6c11fe56628a42378677,CLEAN,MIXED
0f21162a86ed459ebdeb,CLEAN,TEENCODE
77793abfe52748ea82dc,CLEAN,TEENCODE
77369cfe27fc49af9051,CLEAN,NO_DIACRITICS
9e1f20963b9d4763bcfb,HATE,ORIGINAL
b6bb9607574643d8a8e9,CLEAN,CHAR_REPEAT
f8e309a768d84d4ebe32,HATE,PUNCT_NOISE
2ce11979d4774b2c8eca,CLEAN,PUNCT_NOISE
5eda77b939eb4491b7ed,HATE,CHAR_REPEAT
72d8da706e1f4ae0845b,HATE,OBFUSCATION
55ac643f5fbc489fb613,CLEAN,ORIGINAL
97c4016553ab4a34bdab,CLEAN,CHAR_REPEAT
96589f14a0f84b69ab30,HATE,ORIGINAL
33e008237b5c4f3281cb,CLEAN,CHAR_REPEAT
acc2b1151d99412c8fda,CLEAN,PUNCT_NOISE
c5948720f86a4ed39103,CLEAN,ORIGINAL
947e4624495b439ea855,CLEAN,ORIGINAL
4736f0586f004be3ab81,CLEAN,CHAR_REPEAT
2583db2aeb544978afe7,CLEAN,NO_DIACRITICS
03d39644cff44581971a,CLEAN,ORIGINAL
f2d8c7da285840c0a350,CLEAN,ORIGINAL
cef62dd05ea940478084,CLEAN,ORIGINAL
cd83baa7f1d74b438914,CLEAN,OBFUSCATION
3ca57e46d3734e87a70d,CLEAN,ORIGINAL
5e356aca62a846dc8521,CLEAN,ORIGINAL
dbdeb6668deb48fb99bf,CLEAN,MIXED
394afbec09494247abad,CLEAN,NO_DIACRITICS
4f3ea996bde1482f9599,OFFENSIVE,ORIGINAL
7aab35e2e862475baab7,CLEAN,CHAR_REPEAT
7fad486be63e4850ae79,CLEAN,NO_DIACRITICS
f07f7eafeedc47fd98a7,CLEAN,ORIGINAL
e3ca50f54f774f50aa72,CLEAN,OBFUSCATION
128e82089ba3460b80c7,CLEAN,PUNCT_NOISE
4c5180fb175f4a31b1c0,HATE,NO_DIACRITICS
8b67311809334fe7b4ff,CLEAN,MIXED
3d669ff24d6749018457,CLEAN,ORIGINAL
af2ce0788e8a40bf946c,CLEAN,PUNCT_NOISE
e8f69a64cfeb49d79126,CLEAN,OBFUSCATION
e6eb4a3c03c64360a813,CLEAN,ORIGINAL
fa7c86b82e784821bde2,CLEAN,CHAR_REPEAT
e0ebea41bcb14ca3926c,CLEAN,NO_DIACRITICS
453dcec7348f4fedbcd7,CLEAN,ORIGINAL
11f7365b468244fb8b48,CLEAN,CHAR_REPEAT
c25635c8fb9a41cfbf78,HATE,OBFUSCATION
b2bdc48c757941488639,CLEAN,CHAR_REPEAT
f8815f20ccc74600ac18,HATE,NO_DIACRITICS
1491e914424b4fa2aae2,CLEAN,ORIGINAL
e2e4b79086f24b808af2,CLEAN,ORIGINAL
d1d025f793ef4882afee,CLEAN,OBFUSCATION
cf9652f3428148969a15,CLEAN,ORIGINAL
a43fa2f57cef407fbdc8,CLEAN,ORIGINAL
25cd3266262248b88585,CLEAN,PUNCT_NOISE
0131fc0d4a8c4335bc4e,CLEAN,MIXED
1448337dfbf840febdf6,CLEAN,CHAR_REPEAT
26d6e427fac84bb9a1b6,CLEAN,ORIGINAL
9d3b91237f1f498ea3eb,CLEAN,ORIGINAL
aed3eeaf88ae4256ac96,CLEAN,OBFUSCATION
24226fcb64f241ba8679,CLEAN,MIXED
90c592a462644c399047,CLEAN,ORIGINAL
2c9ada63339844c4b7b1,CLEAN,TEENCODE
f1eb09f4ae1c44579b7a,CLEAN,MIXED
4c668e057f024953ab5f,CLEAN,ORIGINAL
525cc801e2ed41b9a225,CLEAN,ORIGINAL
10d06fd0f4ca4b05bd14,CLEAN,ORIGINAL
9995739fb65846f98e7f,HATE,ORIGINAL
d6dee78c00f147eea036,CLEAN,CHAR_REPEAT
5ae460da93b44f2ea336,CLEAN,CHAR_REPEAT
be9b0f95876d441699ab,CLEAN,CHAR_REPEAT
82e2ed7760b747159a4a,CLEAN,ORIGINAL
33fdc4679ed349728d3d,CLEAN,PUNCT_NOISE
b40c9d7fe88947dd8d32,CLEAN,ORIGINAL
28e853747ce648f78090,CLEAN,PUNCT_NOISE
3e957256b5ff4e1d954b,CLEAN,CHAR_REPEAT
ee3ddcf0bfe046e3be50,CLEAN,ORIGINAL
f4c0c1b90db7422eb111,CLEAN,OBFUSCATION
6d0c0f103b744cfd9480,CLEAN,NO_DIACRITICS
a97bd9e76fa843dbadba,CLEAN,ORIGINAL
5d2821fae5014d1abaf4,CLEAN,MIXED
bda37b824c1c4f68bd97,CLEAN,NO_DIACRITICS
eac361475c284119afdb,CLEAN,ORIGINAL
e32711cd61d34b609630,CLEAN,NO_DIACRITICS
5332b186085640378964,CLEAN,NO_DIACRITICS
c14f5a6324ca4f649d68,CLEAN,CHAR_REPEAT
cde6b48972f145059c62,CLEAN,OBFUSCATION
09da0efdb9674b678bc8,CLEAN,ORIGINAL
6dbf030d62074eb09525,CLEAN,OBFUSCATION
7020b7b588ff4403a848,CLEAN,MIXED
51ad251d115842f0b80c,CLEAN,ORIGINAL
41598155a8e444d99ebb,CLEAN,ORIGINAL
588c9324db6d4c58b9dc,CLEAN,MIXED
3e13e244de8a4c7ca5ad,CLEAN,MIXED
a96e5083cac44a4badbb,CLEAN,PUNCT_NOISE
cbcc60bd728e41a8a539,CLEAN,CHAR_REPEAT
0cd34b4af78f4f7fb868,HATE,TEENCODE
84347500d61c41458a4b,HATE,OBFUSCATION
c83360af18ee4b70bb14,CLEAN,PUNCT_NOISE
04ff0b269fb64e18bc13,CLEAN,ORIGINAL
ec2017cc9eec47cea768,CLEAN,PUNCT_NOISE
3512ba3377c54e5f81a7,OFFENSIVE,MIXED
fca258b571e848ffa6b6,HATE,OBFUSCATION
78ec7ec137a1437cbd32,CLEAN,PUNCT_NOISE
8ea2bb60251e4c8fa0f6,OFFENSIVE,NO_DIACRITICS
f9bb02fbad5d475a808e,CLEAN,NO_DIACRITICS
0a80a07c29b34fd3b354,HATE,ORIGINAL
62eee8cf2b5b4b2daf16,HATE,PUNCT_NOISE
531479ddd8c34f7fa248,CLEAN,ORIGINAL
7f1d650fa19044529e27,CLEAN,NO_DIACRITICS
8d65096eb45f42dc8d4f,HATE,NO_DIACRITICS
f1a4eef67f9e40ba9d80,CLEAN,PUNCT_NOISE
044ac81cdbeb4711a17a,CLEAN,NO_DIACRITICS
ea9fb4011cb14da3a431,CLEAN,OBFUSCATION
3d66ca707e2e420b864e,CLEAN,PUNCT_NOISE
51c91647247d4be2a4de,CLEAN,ORIGINAL
4258e47e54184cbbb9af,HATE,NO_DIACRITICS
508905643a9847baafb1,HATE,ORIGINAL
2357fcd1846a46d8b5c3,CLEAN,CHAR_REPEAT
a1bc0dfe92ab490ca084,CLEAN,ORIGINAL
548a0256e0994cf38094,CLEAN,ORIGINAL
e47cef75708243a89995,CLEAN,PUNCT_NOISE
ad626f954c7749aaaa65,CLEAN,CHAR_REPEAT
33df9bdc3cc34fd69b00,CLEAN,OBFUSCATION
bec2a80fd1e94860a287,CLEAN,PUNCT_NOISE
a5c7eb79d7874b10986d,CLEAN,CHAR_REPEAT
64bab4039d964e0e92ad,CLEAN,MIXED
97f3bcf5ad734f6c9b01,CLEAN,ORIGINAL
8fdadb6fffdb4a298483,CLEAN,PUNCT_NOISE
9202e2491efe40499bb0,OFFENSIVE,ORIGINAL
e40183ccf505456eafa0,HATE,ORIGINAL
0956dba423c547af873a,HATE,ORIGINAL
7b819d023f9e41f6adc9,CLEAN,ORIGINAL
c6b0323628e74c8e9b2c,CLEAN,CHAR_REPEAT
bbf6fafef75240e4b491,CLEAN,TEENCODE
208d8ea615f244b18a6e,CLEAN,OBFUSCATION
0d4a1d74cab64eb0b4de,CLEAN,ORIGINAL
b2453d5473604ec39fd0,CLEAN,NO_DIACRITICS
758406bcbdc94674be0d,CLEAN,NO_DIACRITICS
183d84fbdc4f474ebbbe,CLEAN,TEENCODE
aadd7c66d00e49b782cb,CLEAN,CHAR_REPEAT
d56604a2640242aeb692,CLEAN,PUNCT_NOISE
4f4a3e472fd94881ad67,CLEAN,ORIGINAL
5aad712bd9dc486abb13,CLEAN,ORIGINAL
bbb99df4a5504048a50b,CLEAN,NO_DIACRITICS
cb09b5397bb241c98796,CLEAN,OBFUSCATION
0c15ff926c3d41c18863,CLEAN,OBFUSCATION
390a567f1d3743989943,CLEAN,NO_DIACRITICS
c540a6d8a5d24be78b6c,HATE,OBFUSCATION
a8c29a27fbca451c9959,CLEAN,ORIGINAL
576f23e8ec77402a867c,CLEAN,NO_DIACRITICS
575e77a1d0014530890d,CLEAN,OBFUSCATION
b9981290c71a44208177,OFFENSIVE,MIXED
7723b415af664bbeb06e,CLEAN,CHAR_REPEAT
78e44da9f63e4be39db9,CLEAN,ORIGINAL
c0d3c8572757457c9dab,CLEAN,CHAR_REPEAT
f9eab673e9b74510abd7,CLEAN,ORIGINAL
21bd58bd70b645a48519,CLEAN,ORIGINAL
a8466b992cc74606b14c,CLEAN,ORIGINAL
3dffb6af54ed498b86bb,CLEAN,PUNCT_NOISE
6dd9ed0fcf8a4db78e39,CLEAN,NO_DIACRITICS
ab19dd9266d348a6b3c6,OFFENSIVE,PUNCT_NOISE
5fa763a51e1b44599ee5,CLEAN,PUNCT_NOISE
cc482871bfc24dc0a283,HATE,CHAR_REPEAT
9aed5bcce692460586c9,CLEAN,TEENCODE
3a63b690f68747618bfc,CLEAN,ORIGINAL
618eff488f5c4e94b887,CLEAN,MIXED
d478dfd3031d4455a1fb,CLEAN,ORIGINAL
0f98079a89814111862e,CLEAN,ORIGINAL
08c5019b6520468d976c,CLEAN,OBFUSCATION
d8613f5f93c84043a4dc,OFFENSIVE,NO_DIACRITICS
181d3217739642bfb568,CLEAN,CHAR_REPEAT
f92cdda684014c39af24,HATE,CHAR_REPEAT
28d4efcd559c406ba172,HATE,ORIGINAL
063edaab402f4ade8cd7,CLEAN,ORIGINAL
792559f91e32423cbc51,CLEAN,MIXED
9487250eaf4642f9a1a6,CLEAN,MIXED
89dbcda499854b2b95f9,CLEAN,NO_DIACRITICS
472f27dc347c42d681a6,CLEAN,NO_DIACRITICS
d6e2f2c1c2934609a7cd,CLEAN,OBFUSCATION
e9aa941484d340778979,CLEAN,ORIGINAL
63147d439d264d8abb25,CLEAN,ORIGINAL
2134c946025244598b53,CLEAN,OBFUSCATION
2b675a16bafd4df59158,CLEAN,ORIGINAL
984b8800652247c79ceb,CLEAN,NO_DIACRITICS
f5afee8dd37248e598b5,CLEAN,ORIGINAL
c8f76a816ba043a0b82f,CLEAN,ORIGINAL
dee8b40f5dfb46ec807f,CLEAN,MIXED
b415e025370c41ab9709,CLEAN,CHAR_REPEAT
78348289cc9c4ccfa55d,CLEAN,MIXED
e7b2227a2e874a55b188,CLEAN,ORIGINAL
aa1b6f2068804d66a22e,CLEAN,CHAR_REPEAT
f85ab59f8eaa4220a213,CLEAN,PUNCT_NOISE
e5305252c602457189fe,CLEAN,NO_DIACRITICS
323886f8387b418897ba,HATE,PUNCT_NOISE
77373c116fc241d7b9a2,OFFENSIVE,TEENCODE
037dd4b1a8444a11a2fe,OFFENSIVE,CHAR_REPEAT
dc1f6a3804e14498a526,OFFENSIVE,NO_DIACRITICS
336ffabf72b34d9bb5ad,HATE,CHAR_REPEAT
a97c769446a043ab81ad,CLEAN,CHAR_REPEAT
13f9d72ee73149be9ffb,CLEAN,ORIGINAL
de75b4f7430442e2a28e,CLEAN,NO_DIACRITICS
26416090d01a4a4d99af,HATE,CHAR_REPEAT
c4e1c50ee73046bba874,CLEAN,TEENCODE
699890d52159469d8c91,CLEAN,ORIGINAL
6eb693dbeac14939b37a,CLEAN,ORIGINAL
3b04d20c32fc4b3090f8,CLEAN,MIXED
efbe7afd42e14e588056,HATE,OBFUSCATION
1c90ecc8b2c0449ca98a,CLEAN,ORIGINAL
ab1319222e164486bebe,CLEAN,MIXED
91f4ee06e31a4950b663,CLEAN,ORIGINAL
6f4350e65c6247239c45,CLEAN,NO_DIACRITICS
e96f3e74e2f54895ab38,CLEAN,TEENCODE
068d1686e01e4eb6a4e2,CLEAN,ORIGINAL
aff14228c2fc4d9ebcab,CLEAN,MIXED
6a0741e71ecf4502a58c,CLEAN,NO_DIACRITICS
9fa4ab5aa7784ddf931a,CLEAN,NO_DIACRITICS
b0e39f23a2c54e0cabe6,CLEAN,MIXED
b84e9a583a4b4efba4a5,OFFENSIVE,ORIGINAL
7a4475219f9d4416bb43,CLEAN,ORIGINAL
2f40f6fb43904a37a91d,CLEAN,NO_DIACRITICS
34eb014b37fa478892f0,CLEAN,MIXED
16b7be75c31d4de5ad56,CLEAN,ORIGINAL
e1b2caa4169e48db875d,CLEAN,NO_DIACRITICS
5367ab43fc754c619377,HATE,NO_DIACRITICS
90288398c5b04307922c,CLEAN,PUNCT_NOISE
4cb4658b13a64a298d0b,CLEAN,NO_DIACRITICS
40fc2124d9a84d4e8b91,CLEAN,ORIGINAL
6f6d47b1566f43b09642,OFFENSIVE,MIXED
92157a0761c94ac281e1,HATE,OBFUSCATION
397c48813f184104864c,CLEAN,MIXED
4a08ce308cca4bbdbdca,CLEAN,TEENCODE
0bb130e9004642498bba,CLEAN,ORIGINAL
a5547ffd59c34fe7ba96,CLEAN,PUNCT_NOISE
108c7bb0a4e0442d858b,CLEAN,OBFUSCATION
29923ec8f24d405b91fa,CLEAN,CHAR_REPEAT
d3b82fd10c4f49aab8a5,HATE,MIXED
c1b1fea26a04438da46e,CLEAN,CHAR_REPEAT
49954f50fde94793bbe6,CLEAN,ORIGINAL
688467f4eed449279278,CLEAN,MIXED
e5e21a8e668546faadac,CLEAN,ORIGINAL
1fb6effb748542d392c8,CLEAN,NO_DIACRITICS
331a172442944596b347,CLEAN,CHAR_REPEAT
471626cc1d2d4956a767,CLEAN,CHAR_REPEAT
d87984aa443042fe9387,HATE,ORIGINAL
2e5f198ceab7442e8aff,CLEAN,ORIGINAL
43d71772eccd4ef098e8,CLEAN,TEENCODE
b1af1801b7e749a5979b,CLEAN,NO_DIACRITICS
375d5765a6e748ccbd32,CLEAN,TEENCODE
660c33a3a4ef4d32a8dd,CLEAN,PUNCT_NOISE
f3f18ab529b34b4e880f,HATE,ORIGINAL
347471a729764de58b95,CLEAN,NO_DIACRITICS
7d3727b6ff7f40dc8851,CLEAN,ORIGINAL
1d2b1d116cdf403e9656,OFFENSIVE,PUNCT_NOISE
cd1856652c01437da2ac,CLEAN,OBFUSCATION
fc56eb8a948843539b6b,CLEAN,ORIGINAL
292aaf05b2774b6e941c,CLEAN,CHAR_REPEAT
f554e0e8388148d8a30d,CLEAN,NO_DIACRITICS
d142db02db784210937a,CLEAN,ORIGINAL
1330a55c9f184a4ebade,CLEAN,PUNCT_NOISE
bfc46906078346888b29,CLEAN,CHAR_REPEAT
a58bbb0aef5f4052aa00,CLEAN,MIXED
61e3947b5ce74a00bdb7,CLEAN,ORIGINAL
83308507fa8643839c44,CLEAN,NO_DIACRITICS
771fcd42627f45e785e6,CLEAN,NO_DIACRITICS
f2dbae7b2bdd4d7ea55f,CLEAN,NO_DIACRITICS
9c6d32cd9b2d48dfa28b,CLEAN,PUNCT_NOISE
12ead0c3d4334d6a9815,CLEAN,MIXED
cb8a9b0cff8e472990d2,CLEAN,ORIGINAL
48459288e93048f18f45,CLEAN,OBFUSCATION
5b176950738146d89d60,CLEAN,OBFUSCATION
6e7d94bbcd9d47aeb951,CLEAN,ORIGINAL
8bd580626f3442bebd4c,CLEAN,NO_DIACRITICS
3fce313529964744b514,CLEAN,NO_DIACRITICS
0aeb34aae6ab457ebd3b,CLEAN,ORIGINAL
91401f202a2e4e59bf16,CLEAN,ORIGINAL
d3e75b327e2545b486c9,CLEAN,CHAR_REPEAT
79a01110c43c4f24a38b,HATE,PUNCT_NOISE
e354f8830a88411ea23d,CLEAN,CHAR_REPEAT
4d2b7487db30419682f6,CLEAN,ORIGINAL
24b8e42fd00b452d97c4,CLEAN,ORIGINAL
09e83c14e9194dd1b014,OFFENSIVE,CHAR_REPEAT
185cd0cea6f547aebffc,CLEAN,MIXED
d76d2cd67d42480885c6,CLEAN,NO_DIACRITICS
79fa937345934b1997b5,CLEAN,NO_DIACRITICS
bec04eab38fb4906b6bd,CLEAN,TEENCODE
426b4ce56dd0497a86a6,CLEAN,PUNCT_NOISE
ded209fdc0da47379672,CLEAN,ORIGINAL
1e66501cdc4a4973a840,CLEAN,ORIGINAL
551edd9a55454796b4c3,CLEAN,MIXED
89c826564016447aa728,CLEAN,MIXED
fcc67cf801dd48f593dc,CLEAN,NO_DIACRITICS
2c4e3095eb2d4b47b8a9,CLEAN,ORIGINAL
52c2461f8de3424993bc,CLEAN,PUNCT_NOISE
89e5919a5b9541f399f5,CLEAN,NO_DIACRITICS
8e85dfe51d974e1fad67,CLEAN,ORIGINAL
9010a10050354d258be1,CLEAN,MIXED
54f0523a74cc48c58827,CLEAN,ORIGINAL
221a29d5b4d94634afb5,HATE,ORIGINAL
54adc998313340f78487,CLEAN,NO_DIACRITICS
81645a9d18f44fb98e82,CLEAN,NO_DIACRITICS
204e90cfdb214b7c84e1,CLEAN,OBFUSCATION
ac56f6cfb1d74b3ab09e,CLEAN,NO_DIACRITICS
49418a08fd8a4f1aa8c0,OFFENSIVE,OBFUSCATION
39ce53485cb841b9a219,CLEAN,OBFUSCATION
8c28d96e559a4fd39765,CLEAN,ORIGINAL
3f890e85ef3b42bd8d1d,CLEAN,PUNCT_NOISE
3e403c67434d422b9abf,OFFENSIVE,ORIGINAL
a2159f07ecdf48d38bcd,CLEAN,MIXED
79846c2526b8423ea918,CLEAN,CHAR_REPEAT
81e31e6b56394341b605,CLEAN,MIXED
1edab10b9ad540dda585,HATE,CHAR_REPEAT
88c198d63ff74db99f4f,CLEAN,ORIGINAL
a356941ea9134545b5ca,CLEAN,NO_DIACRITICS
3d2ba99a15c3442cacd7,OFFENSIVE,ORIGINAL
cea5514e21bb481b976f,OFFENSIVE,PUNCT_NOISE
2df5983964ef48869c25,CLEAN,OBFUSCATION
1422292b93b7467d9be6,CLEAN,CHAR_REPEAT
b32bc9f0e3a947428901,CLEAN,ORIGINAL
004197da00b64343b0be,CLEAN,OBFUSCATION
d3bde342aa214234a3d5,HATE,CHAR_REPEAT
1cdeeee45143432385c1,CLEAN,ORIGINAL
8b7be6837f6a4a9d9b92,CLEAN,ORIGINAL
157fe8f4e6cf49a1ad67,CLEAN,ORIGINAL
c0cae27e74494723842f,CLEAN,TEENCODE
bfb33846bd8249bd9e57,CLEAN,ORIGINAL
06b73f8f426b404ba571,CLEAN,OBFUSCATION
b185c3cf96c34ee49252,CLEAN,CHAR_REPEAT
82299823200f461b858e,CLEAN,ORIGINAL
6065d3fbde5b4bc689b6,CLEAN,MIXED
304b765a45a14629a336,CLEAN,PUNCT_NOISE
dad074cf40dc4ca6b5b6,HATE,OBFUSCATION
2c71e767071842418878,CLEAN,OBFUSCATION
31007b3789e443279779,CLEAN,PUNCT_NOISE
1b8c1a1648c04aa38807,CLEAN,PUNCT_NOISE
7760dd10956246f3a55a,CLEAN,ORIGINAL
02cbea0918ed4f33a919,OFFENSIVE,ORIGINAL
5e3381f1fd594a019040,CLEAN,ORIGINAL
ebd6133802d44dcb8686,CLEAN,MIXED
9cb87333cee243498599,CLEAN,CHAR_REPEAT
acef79fdc57843d9b2cb,CLEAN,MIXED
1915fe42334e4c30a289,CLEAN,ORIGINAL
1dc5080540304856a27e,CLEAN,MIXED
fb02d47ff37f4b9faa6e,CLEAN,CHAR_REPEAT
dead2dde4b0245efbde7,CLEAN,NO_DIACRITICS
964176faf6544559ab64,CLEAN,ORIGINAL
c7efc3294f9f4f969750,CLEAN,ORIGINAL
f6fd17437c3144c0a192,CLEAN,TEENCODE
769a7b3b215640d4917d,CLEAN,CHAR_REPEAT
04385e3d0d97414c86d3,CLEAN,ORIGINAL
a22a0a10274047c098c0,CLEAN,ORIGINAL
fa410023f7dc48ef9b6a,CLEAN,MIXED
3147cdde2d034d0b92d4,CLEAN,ORIGINAL
56a3a1fe5b9d48fdb2e8,CLEAN,ORIGINAL
d84ce92aafaf4e16a1a8,CLEAN,MIXED
d0fe436f876a4ce1a1dc,CLEAN,ORIGINAL
2fd7e706dfda4d58acb5,CLEAN,PUNCT_NOISE
b5cf15dd8f854956ba03,CLEAN,NO_DIACRITICS
f9a389a92c2945359a05,CLEAN,ORIGINAL
f8cadd4cab3d427c8b2a,CLEAN,CHAR_REPEAT
a8041fcb9eb44927ad28,CLEAN,MIXED
a49ab0daaaa846c4933e,CLEAN,ORIGINAL
7a380beb9eef4cfcb278,CLEAN,MIXED
4fad6f3a6903481ea3e6,CLEAN,NO_DIACRITICS
4c1a8b2faf4e4c6d95e1,CLEAN,NO_DIACRITICS
6068df703b9c46338013,CLEAN,PUNCT_NOISE
ff74a766ad3343f69af4,CLEAN,PUNCT_NOISE
d1cfe7710f694e879540,CLEAN,ORIGINAL
034c86a6c0f348d6b12d,CLEAN,ORIGINAL
5600b74c1ec24e35aab1,HATE,OBFUSCATION
2586519ebcd34101bca4,CLEAN,PUNCT_NOISE
5bd37524130544a6811f,CLEAN,ORIGINAL
cba6c674ac7b439b88e0,CLEAN,ORIGINAL
ae5caae6eccb4da693e0,CLEAN,ORIGINAL
f689cefe699f496486ac,CLEAN,MIXED
28b33d21e98747f6a029,CLEAN,NO_DIACRITICS
6b915eb3c69b4944b47a,HATE,ORIGINAL
430984cdd10a4c30845c,CLEAN,PUNCT_NOISE
687c3e3cd0dc4028b420,HATE,TEENCODE
326fa6ffbcb24398b212,CLEAN,PUNCT_NOISE
a5a77cd3961c4c45983a,CLEAN,PUNCT_NOISE
4400c4a019e44b9ea6dc,HATE,MIXED
f027b22f1bdb462c8700,CLEAN,PUNCT_NOISE
b693dd598f4b455bbd79,CLEAN,OBFUSCATION
2186b1828de94548a821,CLEAN,CHAR_REPEAT
27a3c071754e4184bb6e,CLEAN,PUNCT_NOISE
5e4b4affed8149df9d71,CLEAN,TEENCODE
8b21f7cfef784621902b,CLEAN,NO_DIACRITICS
3f7899fb1ef4417b86f3,CLEAN,MIXED
6420de69787c482a884a,CLEAN,PUNCT_NOISE
f916b7a967ea4c6aa14e,CLEAN,ORIGINAL
843dffad3e1946a39522,CLEAN,NO_DIACRITICS
f099590d50ac4a8c8647,CLEAN,CHAR_REPEAT
4ad15b39aef943c58d3f,CLEAN,NO_DIACRITICS
5e88d5979e6346e18e0b,HATE,OBFUSCATION
7ee23f846549447cb6ce,CLEAN,ORIGINAL
17a562ee20c74519954e,HATE,ORIGINAL
6725abeb76df4d62b1d4,CLEAN,OBFUSCATION
95ed89eb24b8493e8a60,CLEAN,PUNCT_NOISE
98580a2baed24800aa6a,CLEAN,MIXED
4d90869ddd52488797ca,CLEAN,ORIGINAL
f58d874e847049648e58,HATE,PUNCT_NOISE
43929f4992ef4dd38046,CLEAN,MIXED
d795a2272a2a4cca8853,CLEAN,CHAR_REPEAT
5171a033cd3b4f20be71,CLEAN,ORIGINAL
a11ea19a0d97448999a7,CLEAN,ORIGINAL
13bbf417b3da4b40bd56,CLEAN,TEENCODE
c83e6ef0d4f44e1289ec,OFFENSIVE,CHAR_REPEAT
f54c3a8ccf1d4fe3a5bf,OFFENSIVE,NO_DIACRITICS
e16e4d63ace740349b92,CLEAN,CHAR_REPEAT
bf6810b6eb42413797b9,CLEAN,CHAR_REPEAT
a49b00ba6bde41c4a38b,CLEAN,TEENCODE
215c6d90a7d84a4c9a77,CLEAN,CHAR_REPEAT
e5eb31e6c5a643699b9c,CLEAN,CHAR_REPEAT
742cdc78e1704ed19858,CLEAN,NO_DIACRITICS
e7bd920c09b0419989a1,CLEAN,ORIGINAL
5323302d93d24fe08dd6,CLEAN,ORIGINAL
d074678d570440b8a80b,HATE,CHAR_REPEAT
d1238f8f6c35496cabcf,CLEAN,MIXED
07718150f61d40d899f0,HATE,MIXED
8966d33570df4d9db9e0,CLEAN,MIXED
8f177f8b7c2f4615b145,CLEAN,OBFUSCATION
24e66209022848609f92,CLEAN,CHAR_REPEAT
2f61cf1669954af49c88,HATE,NO_DIACRITICS
d86e069b152f4280a8d0,HATE,ORIGINAL
07f5d96feb5a429b89c5,CLEAN,TEENCODE
237227641d4242f5a56a,CLEAN,ORIGINAL
3f8696a71e544300bbad,CLEAN,NO_DIACRITICS
99ed32e2b9d94740b15d,CLEAN,PUNCT_NOISE
bb5d803d35dc4274a141,CLEAN,CHAR_REPEAT
87a671ae333a447aa5b0,OFFENSIVE,MIXED
182b2e6c5e2d4d3bac8b,CLEAN,ORIGINAL
02d98345e0254e6e88d1,CLEAN,PUNCT_NOISE
1aefe53c649b4bb3ba13,CLEAN,ORIGINAL
9f4d617b337544ce9467,CLEAN,NO_DIACRITICS
4f8303b7dc394a21a095,CLEAN,MIXED
a2c350f1032b458da1cf,CLEAN,MIXED
5d9b466f549044ab980c,CLEAN,PUNCT_NOISE
408748b116524bb68b27,CLEAN,NO_DIACRITICS
e6f0119e3c924ca8931d,OFFENSIVE,PUNCT_NOISE
78d38862527c47849e15,CLEAN,ORIGINAL
1a0a4338e1c441948e9c,HATE,ORIGINAL
5dabe08df8de42abb660,OFFENSIVE,ORIGINAL
f35302ea98e84721b0d1,CLEAN,ORIGINAL
30b1fac9fe0c4b5e8dd9,CLEAN,MIXED
fe02e82bcc5647c68294,CLEAN,PUNCT_NOISE
cb988ccf35eb4d4bafae,HATE,CHAR_REPEAT
5c36df9ad79c480eaea7,CLEAN,CHAR_REPEAT
5ef196a4a3c847babd45,CLEAN,NO_DIACRITICS
3ab2f3d2859246d3926d,CLEAN,NO_DIACRITICS
a9b5bd6e06fe4ba58f34,CLEAN,MIXED
6ea9804eff8344fdaa7f,CLEAN,NO_DIACRITICS
519ee7f116de4172b2d4,CLEAN,ORIGINAL
b3511b00de3a456abcd3,CLEAN,NO_DIACRITICS
a7fac8e51b3046b99571,HATE,NO_DIACRITICS
0268921c64bf48768d38,CLEAN,MIXED
049ac0afb3564bda8b4c,CLEAN,PUNCT_NOISE
0935fb3a31654419b5e0,CLEAN,NO_DIACRITICS
30e281d53a55408db893,CLEAN,CHAR_REPEAT
97a93e0fde4b4a35b0f4,CLEAN,CHAR_REPEAT
8460a8a35f5f4632bbbc,CLEAN,NO_DIACRITICS
16aa32cb35744b259418,CLEAN,CHAR_REPEAT
863f1f24123c4859a6b5,OFFENSIVE,ORIGINAL
88f4ca3a66e34ff9a574,CLEAN,NO_DIACRITICS
8881eccfed7a4ac08dc4,CLEAN,ORIGINAL
85a7a3e0d11844a597ff,CLEAN,ORIGINAL
08d7b5c5356a40519c08,CLEAN,TEENCODE
c4e09cf3d4fd411f9945,CLEAN,ORIGINAL
2552a848f4184092a7e6,CLEAN,ORIGINAL
82dc1107ef1343029ccc,CLEAN,ORIGINAL
0b6a651e8e8a4cdcabbb,CLEAN,ORIGINAL
7b6dc6b68dca4166b957,CLEAN,CHAR_REPEAT
20002492ba1547db9e11,CLEAN,ORIGINAL
97d0822e7d5a43a39d10,CLEAN,OBFUSCATION
4d58801ff9b04e808eda,CLEAN,MIXED
c75cb58783984a6e9076,HATE,MIXED
99515d96a7894b329293,CLEAN,TEENCODE
481d52cb3b064c23b35f,CLEAN,ORIGINAL
2dd50f6c1d4744d19e8a,CLEAN,ORIGINAL
44289b58a81943e3829e,CLEAN,NO_DIACRITICS
ce33ac0819494c64a912,HATE,CHAR_REPEAT
ce1eea81af3843baab44,CLEAN,ORIGINAL
83f4ab6f34a3466aae79,CLEAN,OBFUSCATION
6219bb534eee4567b7aa,CLEAN,MIXED
96485aadd25f4ac5b0e7,CLEAN,ORIGINAL
1dc46c3d52a440bcac66,CLEAN,NO_DIACRITICS
bf502cbcb43449568f59,CLEAN,ORIGINAL
6ae8e9de64d649438ccf,HATE,ORIGINAL
6098d02471064bea9efd,OFFENSIVE,ORIGINAL
7268273576e440468703,CLEAN,NO_DIACRITICS
829088a872de4f47965e,CLEAN,ORIGINAL
1a9034291ba646769965,CLEAN,OBFUSCATION
9529e464ab8849e9bd96,CLEAN,MIXED
f4a47fd313b84bc7b0b2,CLEAN,TEENCODE
718093514c304c6ba28a,CLEAN,TEENCODE
51326572b13444ecb5e4,CLEAN,TEENCODE
51eed3da348a480da739,CLEAN,ORIGINAL
3f21588187304e27836b,CLEAN,CHAR_REPEAT
001c4c74ffa742a3afc8,CLEAN,ORIGINAL
752953baf2b04b85b79f,CLEAN,OBFUSCATION
29f9389773864b16ae51,CLEAN,ORIGINAL
714c4e01c658436d9dfd,HATE,ORIGINAL
0a53f8eaa51049e3884e,HATE,CHAR_REPEAT
b738ec89ddad4b6d9a2c,CLEAN,ORIGINAL
925c0bf4831c425b990c,CLEAN,NO_DIACRITICS
93dd187e3453425f9ff5,CLEAN,ORIGINAL
20b868da07ab466791c4,CLEAN,OBFUSCATION
05301d4c66f845149641,CLEAN,ORIGINAL
024e88aa80024ccca665,CLEAN,TEENCODE
4a10b5e3f56941b6b724,CLEAN,ORIGINAL
244b46c1a3bd4d7e91df,CLEAN,ORIGINAL
cad781bc155f4647827b,CLEAN,CHAR_REPEAT
e3ff645f9fb442d6b9c3,CLEAN,NO_DIACRITICS
82e3c8123d724cceaa1a,CLEAN,ORIGINAL
2080f45cea4c4818a233,CLEAN,ORIGINAL
aeada59e3f444dcb9e96,CLEAN,ORIGINAL
609da32e2ade4a6596aa,HATE,NO_DIACRITICS
29e40f74fbdd412db66a,CLEAN,NO_DIACRITICS
fbc9ad02861d4c3ba8ae,CLEAN,CHAR_REPEAT
380b824b09fa458ead76,CLEAN,ORIGINAL
a3d6dca8aef743548555,CLEAN,TEENCODE
034d0c1973f24abb9a6a,CLEAN,ORIGINAL
b43cfba661c5446b8ea4,CLEAN,ORIGINAL
5d24ae83ba3b4f23bd47,CLEAN,ORIGINAL
c64075b4d5d0468badb3,CLEAN,ORIGINAL
8bbf0b47034848fbbca3,CLEAN,ORIGINAL
b2643f8ec7864927bc45,CLEAN,NO_DIACRITICS
6486f90d4c974d30872e,CLEAN,CHAR_REPEAT
dcf632c58d1d4c4f9b80,OFFENSIVE,NO_DIACRITICS
bd8c867406044267afe0,CLEAN,MIXED
030dad08d0484671818f,OFFENSIVE,NO_DIACRITICS
6d437bb114c645f9abe8,CLEAN,NO_DIACRITICS
d329f1dbee52491eb11b,HATE,CHAR_REPEAT
6777e9c170074ab38d78,CLEAN,CHAR_REPEAT
d94c75b3f83a448d8ed4,CLEAN,ORIGINAL
d1d01e73f7a448f58e88,CLEAN,OBFUSCATION
7843263e180c49f4bd42,CLEAN,CHAR_REPEAT
9ea519314ee8432890ff,CLEAN,MIXED
fa56175c827748d3b7c5,CLEAN,CHAR_REPEAT
af884f1840404ceaa9e8,CLEAN,CHAR_REPEAT
d0f6213eaf7b46a3ae40,CLEAN,MIXED
0bf118bdcc204d0a8f0c,CLEAN,OBFUSCATION
b44fa8583b0a464e949b,CLEAN,ORIGINAL
ce7f2478c2354be681dc,CLEAN,PUNCT_NOISE
4052f84551384d98a5c7,CLEAN,OBFUSCATION
9c08a42baee84d589a6f,CLEAN,OBFUSCATION
874df2baaeca4af2b8e2,CLEAN,ORIGINAL
cc0aba1a407a4e00b931,CLEAN,NO_DIACRITICS
5bcf9d895d4c4bda9fc5,CLEAN,OBFUSCATION
8434add6c30e4564bc70,CLEAN,MIXED
825b8b0afdbe472f9561,CLEAN,ORIGINAL
a2be0a8e51ff418b8344,CLEAN,PUNCT_NOISE
6f0018f4037a444db358,CLEAN,ORIGINAL
cac22150d0ee4353bee9,CLEAN,CHAR_REPEAT
9ece4078c90d4affb82e,CLEAN,MIXED
fc4dffb2f5bc4d8cbd92,CLEAN,ORIGINAL
dc63560ac6b647e599bc,CLEAN,NO_DIACRITICS
4b3d817276cc41d789cd,HATE,CHAR_REPEAT
bb54ebdf3f5546bf9153,CLEAN,ORIGINAL
92ddacf096394a4db204,CLEAN,ORIGINAL
77feb595a2224bbd9030,CLEAN,CHAR_REPEAT
73e4a070f7654a67b91f,HATE,PUNCT_NOISE
75e0dd48675447bfb40b,CLEAN,OBFUSCATION
7b9cba86513a4405b29e,HATE,ORIGINAL
463c31e28f054495b984,CLEAN,PUNCT_NOISE
dff077ce7af6475d8e62,CLEAN,PUNCT_NOISE
6e733ff7efd546188934,CLEAN,CHAR_REPEAT
c20502f766e64bde9370,CLEAN,NO_DIACRITICS
cf61887cf2d8476183ab,CLEAN,ORIGINAL
1446c538dcfd4854acb8,CLEAN,PUNCT_NOISE
b04d461cb6844e3fa961,CLEAN,TEENCODE
033bd2204d8847ac99a3,CLEAN,PUNCT_NOISE
e0806e6eff3c4cdbab80,CLEAN,ORIGINAL
903b572bbf4642a8a09b,OFFENSIVE,OBFUSCATION
e73470bc31de49b99641,CLEAN,NO_DIACRITICS
c178cf54372041ec8ecd,CLEAN,PUNCT_NOISE
98312a145a094b3d8c24,CLEAN,OBFUSCATION
561abdba96af47eca8e7,CLEAN,ORIGINAL
cf25d37714d2472e84cd,HATE,OBFUSCATION
abdf7e25d41943b39300,CLEAN,NO_DIACRITICS
3f8eb03838124016a787,CLEAN,NO_DIACRITICS
a0418d3433a747cbae27,CLEAN,ORIGINAL
cc3c1b7452ef472aa41c,CLEAN,ORIGINAL
487cf3ea028c46558c71,HATE,ORIGINAL
45a79882d9e1481689b5,CLEAN,NO_DIACRITICS
c91765a9af934e63bbcc,CLEAN,NO_DIACRITICS
7265c3ba563a42bd83d6,CLEAN,MIXED
fa9c2c034a96423cbced,OFFENSIVE,OBFUSCATION
24d78bbac22c4a349030,CLEAN,PUNCT_NOISE
f1575571562b4224a3cc,CLEAN,NO_DIACRITICS
a9c65c84b11644f2831b,HATE,NO_DIACRITICS
b90bd7642ba943398a1d,CLEAN,OBFUSCATION
ccb24f6867204adcbbd5,OFFENSIVE,TEENCODE
4b49536f2e434eb1af55,CLEAN,MIXED
2561688787b74c44b6f6,CLEAN,ORIGINAL
cac97930d8c94a95bb92,CLEAN,OBFUSCATION
61d6f77cab62439eb759,CLEAN,CHAR_REPEAT
eb4676af41934814abff,CLEAN,PUNCT_NOISE
36c49bacb6bd43529867,CLEAN,PUNCT_NOISE
ec0a190bcdea45729569,CLEAN,OBFUSCATION
77d573f65d6a43a892ac,CLEAN,ORIGINAL
801db83b66324932bb99,OFFENSIVE,ORIGINAL
a664ceabb5fd414fb6d6,CLEAN,NO_DIACRITICS
02d251f4a9754cc1b05a,CLEAN,OBFUSCATION
81d77dec690d4fc69232,CLEAN,TEENCODE
3525402955ab48b6bcfc,HATE,PUNCT_NOISE
8f05d1118737449bb0ed,CLEAN,OBFUSCATION
64ef1d19932442c9a56b,CLEAN,NO_DIACRITICS
174c74bc46d64e88b7d6,CLEAN,NO_DIACRITICS
25fd9fb13155436fb317,CLEAN,TEENCODE
eabc9b51bd5b47a1bd70,OFFENSIVE,ORIGINAL
662e4d96b06341fc8d59,CLEAN,MIXED
ad14ec022d2b434c9e27,CLEAN,ORIGINAL
51febca25c7a4a43bc1a,HATE,PUNCT_NOISE
b5ceb3c17e9d422fab77,CLEAN,MIXED
3bae3325bf564dc2878b,CLEAN,ORIGINAL
74e7e5f2b03641a292d2,CLEAN,PUNCT_NOISE
5b1fa2fd0dd64bba9ec0,CLEAN,CHAR_REPEAT
2aeb8eb8423843488a0f,CLEAN,MIXED
8fc5aab8834c493fa0de,CLEAN,OBFUSCATION
49a64edeffd740cc9250,CLEAN,ORIGINAL
7837fec7bbaa45d78f2e,CLEAN,MIXED
aecd5cf570b14643a34f,CLEAN,ORIGINAL
590776218dce4fdaa6b6,CLEAN,ORIGINAL
b6a1d26cea0742089090,OFFENSIVE,ORIGINAL
10b1e1dde9684a6e9197,CLEAN,CHAR_REPEAT
91903497016a42bba389,HATE,ORIGINAL
5105b21fb7e24dd5b278,CLEAN,OBFUSCATION
6cbf75ae4a564f1ba329,CLEAN,ORIGINAL
62394d16682f45c789d3,CLEAN,ORIGINAL
3fc295c6bc414c5fa580,CLEAN,PUNCT_NOISE
e10ed8ec194a4b9fb37f,CLEAN,ORIGINAL
9e29b880573647098632,CLEAN,TEENCODE
9ad91bc22885467081fd,CLEAN,NO_DIACRITICS
0603699f35cd4936bcbb,CLEAN,MIXED
25c21e3e5d2941c6a252,CLEAN,OBFUSCATION
4cbe11c72a4e47199ccf,CLEAN,ORIGINAL
0eafd6e4441d4757860d,HATE,ORIGINAL
db709e6063d8418dbba4,CLEAN,ORIGINAL
78d279f6b520420b9818,CLEAN,CHAR_REPEAT
c256e2c132fd49d59e7a,CLEAN,ORIGINAL
bd06efc4189b4acf804c,CLEAN,PUNCT_NOISE
e9c59ec7806849bb9047,CLEAN,MIXED
09b24125237f4913836a,CLEAN,CHAR_REPEAT
ea2f4a74a3324d40b431,CLEAN,ORIGINAL
7fdd2871aa5c40e2a79f,CLEAN,ORIGINAL
39d6c21d183a450c8291,CLEAN,CHAR_REPEAT
a04df2be9be545bda990,HATE,ORIGINAL
2a15986c96c24aa59535,HATE,ORIGINAL
008a6c910bbb4c6b8dfd,CLEAN,ORIGINAL
cd56b1f448454cce978a,HATE,PUNCT_NOISE
e886016e9b764beeb4ff,CLEAN,OBFUSCATION
ffbcfd290d264b019e17,CLEAN,MIXED
53a2874b0b5943eeb3c0,CLEAN,PUNCT_NOISE
2f60badbb8aa4c549217,CLEAN,CHAR_REPEAT
d632728692e746c2baa9,CLEAN,ORIGINAL
e48a7f012f514e6e9ae6,HATE,CHAR_REPEAT
16d52c67cec04ec2b175,CLEAN,NO_DIACRITICS
6c925bf9481344a88812,CLEAN,ORIGINAL
ce3b375d890242eaa20f,CLEAN,ORIGINAL
b9e90d1a8a9a43ffac56,CLEAN,NO_DIACRITICS
4e54dcc1a85643ce9e4c,CLEAN,OBFUSCATION
c9358398dd734f76a899,CLEAN,MIXED
995c6d9fb26d4b829f76,CLEAN,ORIGINAL
31497db56e7c48c2885a,CLEAN,ORIGINAL
eab72bd084314fa89e5f,CLEAN,OBFUSCATION
f2a7bbde4a1d444696d8,CLEAN,ORIGINAL
6565838e1e1a47ee832b,CLEAN,ORIGINAL
54a1c915c9564fe2a6d9,CLEAN,OBFUSCATION
eac2198bca2f43368839,HATE,ORIGINAL
d0a57f4d75a240a8be29,CLEAN,OBFUSCATION
9119dae3e2bd4f868473,OFFENSIVE,ORIGINAL
053fc77d8b0c430a96a0,CLEAN,TEENCODE
dc351a3d81a949719dcf,CLEAN,MIXED
3aab9d3fbb6246c1ab45,HATE,MIXED
7f8ab2c1748142279834,CLEAN,TEENCODE
d3559bdcc5464ae28129,OFFENSIVE,ORIGINAL
c0581eac7f2545b599a6,CLEAN,PUNCT_NOISE
ea524cc52551434b8172,CLEAN,NO_DIACRITICS
68334377296a461f99b0,CLEAN,NO_DIACRITICS
6490eed1cbe348c9a4d3,OFFENSIVE,MIXED
2595b7d8205a4657ae41,CLEAN,MIXED
88478691365b4e6db1fc,HATE,PUNCT_NOISE
f65d363b4a114934ab02,CLEAN,NO_DIACRITICS
91adc6d655e546189289,CLEAN,ORIGINAL
61ffa0852d2b4025917c,CLEAN,ORIGINAL
2115ab0a9580402eb1a7,CLEAN,ORIGINAL
ad8401ba3a3d42b3b6c3,CLEAN,ORIGINAL
407cde57022845889e40,CLEAN,PUNCT_NOISE
471311e52b654343a1d1,CLEAN,NO_DIACRITICS
0d697204ecc64270b068,OFFENSIVE,MIXED
d3ddad3e8e174864b98e,CLEAN,PUNCT_NOISE
d74dbac5cca64145a7d8,CLEAN,MIXED
e0ccdfc56a574a4eaec0,CLEAN,OBFUSCATION
7f16b6f0107a4ef6b47d,CLEAN,CHAR_REPEAT
669205f90f984522a1c9,CLEAN,NO_DIACRITICS
57d4ef150ab54eedb9eb,CLEAN,PUNCT_NOISE
3eaa99136d7f45d8b36c,CLEAN,ORIGINAL
4f07be8802ef481793d7,CLEAN,CHAR_REPEAT
c502228a3cdc4a4c8286,CLEAN,CHAR_REPEAT
543d18ce2dbf469dadb2,OFFENSIVE,OBFUSCATION
1109ccf975ee4714af54,CLEAN,MIXED
2e1632d0a60342d18777,CLEAN,ORIGINAL
4d3162fa7526485d96c4,CLEAN,ORIGINAL
3dbcfbf90a02466ba59c,CLEAN,PUNCT_NOISE
4de3510069f242b5b498,CLEAN,OBFUSCATION
83a37cce91e642e59303,CLEAN,CHAR_REPEAT
0d08f0a933e549bf973c,CLEAN,NO_DIACRITICS
08bb55fd397f4b60b284,HATE,TEENCODE
df8e91a68942435ba8fd,OFFENSIVE,ORIGINAL
b7e834c605b14f82aeb3,CLEAN,MIXED
cc69370eb04c43e6bf06,OFFENSIVE,NO_DIACRITICS
c9bfefb209c349e9bc79,CLEAN,NO_DIACRITICS
e755aa04f9a044488bbc,CLEAN,CHAR_REPEAT
9d70f812af6740f08f08,HATE,PUNCT_NOISE
50856cf44a2842e68b4d,HATE,TEENCODE
fc1e5ff2682041a49237,CLEAN,PUNCT_NOISE
9dadffc8e0f7402696f4,CLEAN,ORIGINAL
9d089a95cce8442ab0c1,CLEAN,ORIGINAL
bd4528c58e764c178772,CLEAN,PUNCT_NOISE
4c0a2cac351d4b91a35a,CLEAN,OBFUSCATION
ff6925fc1ecf4f0b95ee,CLEAN,NO_DIACRITICS
ca17273ad0c144acb27e,CLEAN,NO_DIACRITICS
49fb1ec0bdf645e08f9b,CLEAN,NO_DIACRITICS
9ac56602e73c4b5480b9,OFFENSIVE,NO_DIACRITICS
a599540cb8a647d8a7be,OFFENSIVE,TEENCODE
6605af30636548908107,CLEAN,ORIGINAL
a80ec0d296a74b4b89b7,OFFENSIVE,ORIGINAL
63dd30fddc7247af8e2e,CLEAN,ORIGINAL
32d815082886459ab0c5,CLEAN,MIXED
0996ddbc9ade410bb918,CLEAN,CHAR_REPEAT
08633ea8d5d74577af99,CLEAN,OBFUSCATION
6bec049bfdad441c9228,CLEAN,NO_DIACRITICS
183df0f9adce42608a95,HATE,OBFUSCATION
8e259756838944b0b324,CLEAN,NO_DIACRITICS
877d34a4c7c84b0dbdea,CLEAN,CHAR_REPEAT
30b4ab5dbfb44c3f8b87,CLEAN,OBFUSCATION
032fe1b4de334eb48ee7,CLEAN,ORIGINAL
dfa309acee874975803f,CLEAN,ORIGINAL
a396b6b17255453093ac,CLEAN,ORIGINAL
43ea3f20733244cda45c,CLEAN,CHAR_REPEAT
f907ec3bca444e15a748,HATE,PUNCT_NOISE
57848eba87af4795826e,CLEAN,ORIGINAL
c5fc8fb1b9194bdaa749,CLEAN,OBFUSCATION
e1b7f53540e14b6c8986,HATE,OBFUSCATION
019ed83ae14f4bba8a5d,CLEAN,ORIGINAL
5fe7a81e532940daab82,CLEAN,PUNCT_NOISE
6bfa8733497a4019b421,CLEAN,PUNCT_NOISE
4a98c5ec3c6a49ba8d6c,CLEAN,PUNCT_NOISE
ec584cbae64847c69ac6,OFFENSIVE,OBFUSCATION
fa98aa896f3c471f8d56,CLEAN,ORIGINAL
5d3b24f95b074751a64c,CLEAN,OBFUSCATION
da88aff5ae9a4fbe9e70,CLEAN,CHAR_REPEAT
ee1c04e5706d4275b2ae,CLEAN,NO_DIACRITICS
74e4fe37c4344205b0ed,HATE,ORIGINAL
4edfbc0cf9c24d0b99a7,HATE,TEENCODE
afcecd3a566d42f9bff2,CLEAN,CHAR_REPEAT
26c132b0c0f14a1cb109,CLEAN,NO_DIACRITICS
32d77ad24b7d4a40bc56,CLEAN,NO_DIACRITICS
0036311a30194249a6c5,CLEAN,NO_DIACRITICS
db5045bb7da14ef5912a,CLEAN,NO_DIACRITICS
97a272bfbedf4b8fbed3,CLEAN,TEENCODE
9e1a028fc392495ebf8b,HATE,CHAR_REPEAT
e9da51e49c9440e2b64a,CLEAN,ORIGINAL
8b837821eded4eeba5ae,CLEAN,OBFUSCATION
32f2089dac444adca4fe,CLEAN,ORIGINAL
f5fc2b1791af4884aea0,CLEAN,ORIGINAL
8bdd4269e1c94dad883a,CLEAN,ORIGINAL
bcb8f5902be94a588c92,CLEAN,MIXED
9d81259dac134197b56d,CLEAN,CHAR_REPEAT
d2ce6ed4219b469abee0,CLEAN,OBFUSCATION
26abbe1690f8463b8a3f,CLEAN,MIXED
c5b97e0366b346f0b4cf,CLEAN,ORIGINAL
93830651ce5e456e9a6d,CLEAN,ORIGINAL
3af696ab56864e6290b6,CLEAN,MIXED
b9af85333b3440f8aa5a,CLEAN,ORIGINAL
9a287889a852434d9ef8,CLEAN,ORIGINAL
c714877044f247c8abca,CLEAN,ORIGINAL
f88f030100c949b68ca2,CLEAN,CHAR_REPEAT
32fa0fd1892f4ba5b859,CLEAN,NO_DIACRITICS
e1c8fb381ab543a1889f,CLEAN,ORIGINAL
4a015cf125624315a872,CLEAN,OBFUSCATION
e398ec0812c84c19a9d2,CLEAN,NO_DIACRITICS
415b25c4f1384218b6a6,HATE,NO_DIACRITICS
13093c722e2449efa385,CLEAN,OBFUSCATION
878819074f9f49f49a6d,CLEAN,MIXED
738c47319d73439c88f2,OFFENSIVE,ORIGINAL
141236b0aa7041609f4d,CLEAN,PUNCT_NOISE
fc6fc2ba677c4593bb66,CLEAN,ORIGINAL
9746daed34694e07a9a7,HATE,PUNCT_NOISE
c2a9e9ec118e47ac91c0,CLEAN,OBFUSCATION
9b49c93ecef245f198ea,CLEAN,NO_DIACRITICS
529bfe21ea974707b993,HATE,ORIGINAL
02fa954aae004c14a96f,CLEAN,OBFUSCATION
4104b547163e4134a833,CLEAN,TEENCODE
0bf47e90ba224501b183,CLEAN,PUNCT_NOISE
241097cde01748758239,CLEAN,NO_DIACRITICS
d2d8ee4fff784e91a251,CLEAN,ORIGINAL
3fc2505a71474d788351,CLEAN,PUNCT_NOISE
3726edeba1b24060bdf6,CLEAN,MIXED
43ba46493e3a445ea717,OFFENSIVE,NO_DIACRITICS
801f872344004421b8cb,CLEAN,ORIGINAL
ff97f0369ee243e89c5e,CLEAN,ORIGINAL
16b3eabbc33746efb681,CLEAN,CHAR_REPEAT
35a83b0b06d4469ebb0b,CLEAN,PUNCT_NOISE
f1f9a05862b045eb8e81,OFFENSIVE,CHAR_REPEAT
706ef4f78cc24caeaf69,CLEAN,ORIGINAL
1741f08d664a45f5abed,CLEAN,NO_DIACRITICS
9e845b2a729a445bb56c,CLEAN,ORIGINAL
a9c0dee60af04149be24,CLEAN,ORIGINAL
e1b91cc450a64c358f43,HATE,NO_DIACRITICS
35533689d069444bacc3,CLEAN,PUNCT_NOISE
a3455d271a1b420ba5f3,HATE,MIXED
d45455d74e3a4f958d81,CLEAN,ORIGINAL
494dd4b9aa9a46c583af,CLEAN,MIXED
4d2e25e7ec8e40919a6d,CLEAN,MIXED
eb0056e0bffc4f388ac5,CLEAN,ORIGINAL
ba6b6765073d4e4a914a,CLEAN,PUNCT_NOISE
32030d05f01544c3ab3f,CLEAN,ORIGINAL
24f68ff2c1124db49ad0,CLEAN,ORIGINAL
b24089ec982f46b5b5f3,CLEAN,PUNCT_NOISE
ae1af10d1c5e48599aa8,CLEAN,ORIGINAL
0471cb80132e4ce9b052,CLEAN,ORIGINAL
68dc23dabe9e46029d3f,CLEAN,PUNCT_NOISE
c2fe88567c6042da814f,CLEAN,CHAR_REPEAT
ca6512b6afa34e33aa3e,CLEAN,PUNCT_NOISE
22737932bde14a699186,CLEAN,PUNCT_NOISE
0079890289ef4a0aab86,CLEAN,CHAR_REPEAT
39f01a3bf34b4051935a,CLEAN,NO_DIACRITICS
3160993489ce4e8c9487,CLEAN,ORIGINAL
3cba202b8f424f379353,CLEAN,ORIGINAL
e5be7dbffa494e7aa07a,CLEAN,CHAR_REPEAT
ff644f5adf4341d8a115,CLEAN,PUNCT_NOISE
b3fe0f28d56f44c08a1a,CLEAN,CHAR_REPEAT
cc2dd121ec3c4e518b3d,CLEAN,ORIGINAL
c70e658e19844318930d,CLEAN,NO_DIACRITICS
30c44c21e39a41e69b60,CLEAN,PUNCT_NOISE
a3ed294f75c04baf8b70,CLEAN,ORIGINAL
c70f3363fab14398ac14,CLEAN,ORIGINAL
2dfedbf071e14622bc5e,HATE,ORIGINAL
ff3a4669c42c434cbe49,CLEAN,ORIGINAL
c53d1ee303f1433e838c,CLEAN,ORIGINAL
092fe891889b4a479079,CLEAN,ORIGINAL
5fb991eb9f124ad587e8,HATE,CHAR_REPEAT
f44dcb429b10400a8904,CLEAN,CHAR_REPEAT
5b556c44cba84321bc4b,CLEAN,ORIGINAL
7ec3a377a2d349afae48,CLEAN,OBFUSCATION
e877bdb5a6564c30acc1,CLEAN,PUNCT_NOISE
4c66739739d141f0b23d,CLEAN,ORIGINAL
8740ff308649401d81ad,OFFENSIVE,MIXED
5bd2af7d40744316aa3d,CLEAN,OBFUSCATION
e252300008024fafa1d5,CLEAN,ORIGINAL
a04269d952014964baa2,CLEAN,OBFUSCATION
3bde5fd2fb3349cd9d48,CLEAN,CHAR_REPEAT
1796e59cb669432eb988,CLEAN,PUNCT_NOISE
c24972e534a64ec89390,CLEAN,PUNCT_NOISE
5c526bc12923403eaad0,CLEAN,OBFUSCATION
e6bb68ee9efa45b18a5e,HATE,ORIGINAL
bed3aacf66a9402c9782,CLEAN,NO_DIACRITICS
dda37f566065439ba1e3,OFFENSIVE,ORIGINAL
58528047c3284a5b939e,HATE,OBFUSCATION
32b79ec148da4dbfb74b,CLEAN,NO_DIACRITICS
fde654d57015419d81ae,CLEAN,PUNCT_NOISE
cf3a22c4edf045b19a5d,CLEAN,OBFUSCATION
99add5507fcb4a7591ee,CLEAN,ORIGINAL
13d77ad1957c4aeab694,CLEAN,ORIGINAL
d818fb88e2a0422fb39f,CLEAN,ORIGINAL
86ad475aaafb433e8617,CLEAN,NO_DIACRITICS
6ee1a28b26f74e4f8cac,CLEAN,ORIGINAL
7a41515dfb1e4b418f2a,CLEAN,OBFUSCATION
dfa16296df534189a6d6,CLEAN,NO_DIACRITICS
442df4eb9eb24339b630,CLEAN,CHAR_REPEAT
2c4ed40e03c2442bb076,CLEAN,MIXED
6825cf6071344a15963d,OFFENSIVE,ORIGINAL
1a581ed40f71454d88be,CLEAN,ORIGINAL
762cb1282a194feb9128,CLEAN,MIXED
bf27bad7af974ddea793,OFFENSIVE,NO_DIACRITICS
9f20c3f2557a403cbdfa,CLEAN,CHAR_REPEAT
154ce5444ab0439d8aad,CLEAN,PUNCT_NOISE
5cae37bc00e94458b043,CLEAN,ORIGINAL
244cccb67328447497ed,CLEAN,OBFUSCATION
54aeccf51cd24b059367,CLEAN,PUNCT_NOISE
61fd3685a9d1472cb181,CLEAN,MIXED
ca2ad7b677e74255a240,CLEAN,PUNCT_NOISE
219309def072489a963e,CLEAN,CHAR_REPEAT
d24d86fb37a6412fa705,CLEAN,ORIGINAL
e3e443f6d5314581bb65,CLEAN,PUNCT_NOISE
83825ba9247b4609ac41,CLEAN,ORIGINAL
8556251d2315461289e6,CLEAN,OBFUSCATION
666301ce9a0c4816a555,CLEAN,TEENCODE
2318da5393f746b0bf8f,CLEAN,ORIGINAL
22c9aa0ff52d4a1fbb86,CLEAN,PUNCT_NOISE
3fb56d7b7d5347b9b648,CLEAN,MIXED
ca09666902b8491188d3,CLEAN,MIXED
37c684d7750145fab2db,CLEAN,PUNCT_NOISE
8d6750c590fb406cbd36,CLEAN,OBFUSCATION
ab5723d65f34454ba728,CLEAN,ORIGINAL
98ba80ce9400487fbfcc,CLEAN,MIXED
5516be44ba194081a5cb,CLEAN,ORIGINAL
e231028cbbf44f5eae29,CLEAN,CHAR_REPEAT
36e489f68cd748a28816,CLEAN,PUNCT_NOISE
693350a8cd9a453b9501,CLEAN,MIXED
e9567a983f9c4712b89d,CLEAN,MIXED
84e6a283ee96415b880f,CLEAN,NO_DIACRITICS
d9d70e0d41cf49558b48,HATE,NO_DIACRITICS
024a6f59379a46f481ce,CLEAN,TEENCODE
f88e06828ad640e0b7e9,CLEAN,PUNCT_NOISE
6327b3e381c547a788c9,HATE,MIXED
9f3579a522bd48d89f05,CLEAN,OBFUSCATION
43406178bb06400dae07,CLEAN,ORIGINAL
cd98f452a769459180b9,CLEAN,ORIGINAL
f48a68fe472741d58948,CLEAN,ORIGINAL
a13a02068efb4172adc4,CLEAN,TEENCODE
f755d5b7d27946229610,CLEAN,PUNCT_NOISE
fcda7f653967402fbf62,CLEAN,ORIGINAL
3a425f0aeee947be8583,CLEAN,ORIGINAL
17ccdd24ae924486878b,CLEAN,OBFUSCATION
cee7cad390754ae99341,CLEAN,ORIGINAL
653616c0287f412f97e5,CLEAN,ORIGINAL
d38c8ca7dc2740079c7c,OFFENSIVE,ORIGINAL
08598299a40f4678abd8,CLEAN,NO_DIACRITICS
39bd59facac8499bbfbe,CLEAN,CHAR_REPEAT
07db4a98c02c45e2b99a,CLEAN,NO_DIACRITICS
f4a8b8cd4ff0431293b9,CLEAN,CHAR_REPEAT
00b0cf457b8f404ea6d7,CLEAN,ORIGINAL
0349a5c1e2f54cbeb96a,CLEAN,CHAR_REPEAT
42ecc10dff7d43f59187,CLEAN,CHAR_REPEAT
19bce20a86264fa4b8da,CLEAN,ORIGINAL
0212100df2174c208a5d,CLEAN,TEENCODE
8f325afb3fea4662b8f0,CLEAN,NO_DIACRITICS
955497096731474dbddc,CLEAN,ORIGINAL
d8a02ef6e5524e92a356,CLEAN,CHAR_REPEAT
a431f721241742e1b984,CLEAN,ORIGINAL
05b61a79b1764537af6e,CLEAN,ORIGINAL
144e7480125e441bb365,OFFENSIVE,ORIGINAL
51e8b0aa653e48fb9756,CLEAN,OBFUSCATION
b205bb021e3443a9b49b,CLEAN,TEENCODE
72bb30deac024b59afc1,CLEAN,NO_DIACRITICS
b749a09eb8fc485e912a,CLEAN,CHAR_REPEAT
20890d0c79c142eda734,CLEAN,ORIGINAL
5ae3ed13f6da4e8a845f,CLEAN,CHAR_REPEAT
190c70dfec4d42ebb513,CLEAN,NO_DIACRITICS
670922a7cb0c4d399c6e,CLEAN,ORIGINAL
4ea5db04dbc94c0fb7ab,CLEAN,PUNCT_NOISE
938e1aee12e14d9c8301,CLEAN,ORIGINAL
67934aa8f0ea4b08b983,CLEAN,PUNCT_NOISE
827caf9a2e774a86bf82,CLEAN,MIXED
fbf1c84adb19430bae17,CLEAN,CHAR_REPEAT
7d01ae72a42a4ec39695,CLEAN,NO_DIACRITICS
4687d51a511c498ca4bc,CLEAN,NO_DIACRITICS
8543beecf5d34ece899e,CLEAN,CHAR_REPEAT
791fd5c7240e4beeb3ae,CLEAN,PUNCT_NOISE
a72e9eb6cfd54af6a084,CLEAN,CHAR_REPEAT
048576554f8b4418b48b,HATE,OBFUSCATION
ca6df86da1d740a39b7b,CLEAN,ORIGINAL
02a341de3dbc433cac86,CLEAN,OBFUSCATION
fd64cd2009e14efeb89c,CLEAN,TEENCODE
d65b3eb57e8748a49e48,CLEAN,ORIGINAL
63dbf8facb5f43548e0e,CLEAN,MIXED
a32dc857726a452abfc2,CLEAN,CHAR_REPEAT
762b0f419aef444ba89a,HATE,NO_DIACRITICS
0daf550fcfc34117a9eb,CLEAN,ORIGINAL
a091f5e8adcf404f897b,HATE,ORIGINAL
b2a4974dfa9f41b7a939,CLEAN,TEENCODE
7858bafb56584ffc8bee,OFFENSIVE,ORIGINAL
cdb596c3d9f94802bf27,CLEAN,NO_DIACRITICS
896498224bc841f0a154,CLEAN,NO_DIACRITICS
83c972c297a2423a9f85,CLEAN,NO_DIACRITICS
64a9801984854448b7a9,CLEAN,CHAR_REPEAT
24b5c907bc524e1db543,HATE,ORIGINAL
e9c6e85101d84f64a4a6,CLEAN,CHAR_REPEAT
36c2378b43eb44d1ab69,CLEAN,NO_DIACRITICS
80475daadac2438db341,CLEAN,ORIGINAL
2357b9382a6b465f9b08,CLEAN,MIXED
14cdb391b2b240d582f7,CLEAN,NO_DIACRITICS
ab7cc0a3607a41b49d2d,CLEAN,NO_DIACRITICS
067abfd9f65845229998,HATE,CHAR_REPEAT
91499bfab01a429ca3d5,CLEAN,OBFUSCATION
add3bb25c76041b686e9,CLEAN,NO_DIACRITICS
63654faa82e34442ad5c,HATE,PUNCT_NOISE
e87e9324bfa442058b04,CLEAN,OBFUSCATION
597983fa992d4027ab0a,CLEAN,NO_DIACRITICS
b70820a080bf49a6b0be,OFFENSIVE,NO_DIACRITICS
35c7810f612d47db9b3b,CLEAN,ORIGINAL
eb21fec2912444bc9fd4,CLEAN,OBFUSCATION
2ffe228bdff849109be9,CLEAN,MIXED
50325a5a3fe2455e813e,CLEAN,ORIGINAL
94c155ed52a34069b0b8,OFFENSIVE,NO_DIACRITICS
ffb5c87f2cc549eeb82a,CLEAN,ORIGINAL
1eb83ecf54ad4dd8a339,CLEAN,PUNCT_NOISE
2b7206b8d5524dc98fda,HATE,ORIGINAL
5d769f5809724eef9892,CLEAN,OBFUSCATION
d14c8cab1e5c4e809131,CLEAN,ORIGINAL
916569add05d4d2bb129,CLEAN,PUNCT_NOISE
6a496730c4f542688af2,CLEAN,MIXED
9ae2116db5d3412e9eb6,CLEAN,PUNCT_NOISE
76056f5491da4cdd8271,CLEAN,ORIGINAL
678519a5fe0940089c13,CLEAN,ORIGINAL
bec0837230ad40479447,HATE,PUNCT_NOISE
d21938941800454ba503,CLEAN,PUNCT_NOISE
e9354194687b4529817a,CLEAN,ORIGINAL
a882617f8fb043deb6a6,CLEAN,MIXED
308a073b63084ebcbe28,HATE,NO_DIACRITICS
a89e155ac2ba407d91d3,CLEAN,PUNCT_NOISE
ec42777fffd148569fb2,CLEAN,PUNCT_NOISE
100b5b9295064671a84e,CLEAN,CHAR_REPEAT
1b8245477f7a4f26b942,CLEAN,MIXED
0b334470326e4615a739,CLEAN,ORIGINAL
626d5823cfa346cda82f,CLEAN,NO_DIACRITICS
3fa4e06120d94132a76c,CLEAN,ORIGINAL
dbc0137f1c6047728655,CLEAN,ORIGINAL
3a7a0cbbd0af47699c60,CLEAN,OBFUSCATION
ee90b0b3403044f3849b,HATE,TEENCODE
26a0c479621a4f018e85,CLEAN,ORIGINAL
db825b79a62d4c6d9be0,CLEAN,TEENCODE
1d8870336fdd41b38c02,CLEAN,CHAR_REPEAT
011830590c3f464797d0,CLEAN,NO_DIACRITICS
6a4d15eb2ec745b08659,CLEAN,ORIGINAL
317baf67822544de8547,CLEAN,OBFUSCATION
919d4556468f4f83adad,CLEAN,PUNCT_NOISE
250d4da8f4b94683a702,CLEAN,PUNCT_NOISE
5ad4b6bf7220446d8bf2,CLEAN,PUNCT_NOISE
0fcca4c217814a59bf3d,OFFENSIVE,PUNCT_NOISE
f8eeece41bdf4b0eb3dc,CLEAN,ORIGINAL
d589efc7f2004dadb0db,HATE,NO_DIACRITICS
0307b94aa35d433b864b,CLEAN,MIXED
6c80371017824622b578,CLEAN,MIXED
b17f8ac2ac0a462193fe,CLEAN,PUNCT_NOISE
6335a8c85ab84e399244,CLEAN,ORIGINAL
149aedff9a524697b825,CLEAN,OBFUSCATION
b0fc604fd94b4937afdf,CLEAN,MIXED
37f0804893ee4e02a661,CLEAN,CHAR_REPEAT
124567c2d09d4e62b723,CLEAN,NO_DIACRITICS
3ec68affb9b846938335,HATE,CHAR_REPEAT
b85554da65224a058c0c,CLEAN,ORIGINAL
4712fb6c11ad43a3ab4f,OFFENSIVE,MIXED
b900979924b94f26aef4,CLEAN,MIXED
44d02f0070a54027bb7b,CLEAN,ORIGINAL
1282e0cf9f424eaf907c,CLEAN,OBFUSCATION
f02ab62f92374853917d,CLEAN,MIXED
2c04b045f93443bcada8,CLEAN,OBFUSCATION
980d0b99acf347c58be8,CLEAN,MIXED
b4d1cfd54bd2400c8638,CLEAN,ORIGINAL
9c6eab855ab14503ab85,CLEAN,OBFUSCATION
4a44409733424cd8a03b,CLEAN,OBFUSCATION
10db576ac2a14ac18453,HATE,CHAR_REPEAT
d1e02a4918a54277abb4,CLEAN,OBFUSCATION
9107087ee576424cad61,CLEAN,OBFUSCATION
1b09f4bb444340978412,CLEAN,ORIGINAL
e72f06df903d4a929e98,HATE,CHAR_REPEAT
7d39d35234cc46908b43,CLEAN,ORIGINAL
4c348224b3a84ceebe17,CLEAN,OBFUSCATION
e00677314fda40baaf9a,CLEAN,ORIGINAL
b765b615cc3e4cee801f,CLEAN,MIXED
8b10eac2619046da8ef2,CLEAN,ORIGINAL
913ccfd58b7b48f79569,CLEAN,CHAR_REPEAT
b1dbb049c6624113bcb8,CLEAN,ORIGINAL
8c0d574685e94c90b58b,CLEAN,ORIGINAL
7305dc2b55d34bc39720,CLEAN,MIXED
1371a3a0c6fb47ba9ed4,CLEAN,ORIGINAL
97e9f22218ea49b19ae7,CLEAN,MIXED
53a7fa54dcb64213996d,CLEAN,PUNCT_NOISE
80ed4b1e44d4419aacca,CLEAN,NO_DIACRITICS
3e53b1933a864c9c933c,CLEAN,PUNCT_NOISE
77330e72f65b4403b08c,CLEAN,ORIGINAL
7493b9bcfb1044c384e9,CLEAN,PUNCT_NOISE
28564933fc414420aeb2,CLEAN,ORIGINAL
755fce49e3f34e9084cd,HATE,ORIGINAL
5d76f9c1f52c48059d6d,CLEAN,OBFUSCATION
cb01fd394691431e83df,CLEAN,NO_DIACRITICS
b728c2fe03834655b180,CLEAN,ORIGINAL
9945d906da9c4453aec8,OFFENSIVE,CHAR_REPEAT
1a829273c59149f2bab2,CLEAN,PUNCT_NOISE
935551bf4f4c4e429e3b,CLEAN,ORIGINAL
d7e65d02fe0b455c8543,OFFENSIVE,ORIGINAL
d4490c3cfaa7454fafa1,CLEAN,ORIGINAL
21cf56701f61451bbbff,CLEAN,NO_DIACRITICS
3244bf53896341d9884f,CLEAN,NO_DIACRITICS
5479df1677744bed89dd,CLEAN,MIXED
3b62634e564b47c581e0,CLEAN,NO_DIACRITICS
0dac7a80f6a24efc9112,CLEAN,ORIGINAL
c9eaa3f74dd443c99731,CLEAN,ORIGINAL
d70f1c5b7234413d8cfd,OFFENSIVE,ORIGINAL
bd273111031340d29280,CLEAN,OBFUSCATION
3e03db035cd14fa0bc80,CLEAN,CHAR_REPEAT
3d945071c09e44dfabd0,CLEAN,ORIGINAL
52819f0f389747428711,CLEAN,OBFUSCATION
cbcf66941dfb48ce82e5,CLEAN,CHAR_REPEAT
5432fed14207447dbaff,CLEAN,PUNCT_NOISE
ca16a30c33bd4d4aac53,CLEAN,PUNCT_NOISE
1df1a8db57dd4a9bbe06,CLEAN,ORIGINAL
d03b2a762e4f44b59fcb,HATE,NO_DIACRITICS
810a2c0b59064ce28291,CLEAN,ORIGINAL
091e848070e54ec59a87,CLEAN,ORIGINAL
7531482387084173a635,CLEAN,CHAR_REPEAT
c273df24b93e4ebead9e,OFFENSIVE,PUNCT_NOISE
1b817c1722364bc9a3f5,CLEAN,ORIGINAL
b69689689b7c4cdda499,CLEAN,NO_DIACRITICS
0d2df290e27e42e09879,CLEAN,OBFUSCATION
0bdd05cc973540aeb9ea,CLEAN,MIXED
17f9277bd96841b3a6fa,CLEAN,TEENCODE
a7ab71342aff40a490cc,CLEAN,OBFUSCATION
0922e8d1b84246c18080,CLEAN,CHAR_REPEAT
0889ffd34f574b7aa945,CLEAN,NO_DIACRITICS
78a718990b1643dd8468,CLEAN,ORIGINAL
4714385d69994e1693c9,CLEAN,PUNCT_NOISE
5f8638fbede9446d9ac0,HATE,PUNCT_NOISE
fd0228dc398a42878bae,CLEAN,ORIGINAL
bf899defe8d14c4dbbe9,CLEAN,OBFUSCATION
897641a7d23a4b229945,CLEAN,MIXED
6fc10f61b2164546b4ea,CLEAN,NO_DIACRITICS
1fc9616cc17d489daf1d,CLEAN,OBFUSCATION
59f44c3feace42269bea,CLEAN,ORIGINAL
64a21101db4f486aabcf,CLEAN,ORIGINAL
0ee82b214e0d4e938fac,CLEAN,NO_DIACRITICS
56469442376a43e28fc3,CLEAN,NO_DIACRITICS
7f444fccfc7f425b99d2,HATE,CHAR_REPEAT
c32083b6cccf4f00b698,CLEAN,ORIGINAL
b572e2975e5c4ebb89d2,CLEAN,MIXED
20d500d732414d958bda,CLEAN,OBFUSCATION
80694399f4664d0ea0fa,CLEAN,NO_DIACRITICS
67e032ad07c64391a7c0,CLEAN,OBFUSCATION
6eaec03c81a747abae8f,CLEAN,OBFUSCATION
d818a494db194dff8354,CLEAN,CHAR_REPEAT
628590b97c4c49b4b93b,CLEAN,ORIGINAL
aab76161dab9442a9fa2,CLEAN,PUNCT_NOISE
93bf48cb4d2b41fb86ef,CLEAN,CHAR_REPEAT
6839430e7f1c4bc88019,CLEAN,ORIGINAL
88470b716f7649f3939a,CLEAN,ORIGINAL
ec97f619c84a44f89679,CLEAN,TEENCODE
a09a6bada47c4cd9b70d,OFFENSIVE,ORIGINAL
027ad0166ded4bee80be,CLEAN,OBFUSCATION
04067f3cd34a46e49664,CLEAN,MIXED
4a5faf3929d94a9cb31e,CLEAN,ORIGINAL
6e67925cbc1f479b9ae4,CLEAN,CHAR_REPEAT
259a6515fb1f4b759dab,CLEAN,NO_DIACRITICS
d7ba5f05a39c4d66a662,CLEAN,ORIGINAL
ddf17f8b0f8f44ac815c,CLEAN,ORIGINAL
ff13ae933c304eb8a3b1,CLEAN,NO_DIACRITICS
9564e789255544b19056,CLEAN,ORIGINAL
4a9adffaa0c94f3889e2,CLEAN,TEENCODE
dcbd7d496ffe4a0da536,CLEAN,CHAR_REPEAT
79bc3681a6bd47c49173,CLEAN,NO_DIACRITICS
4850dd3b5b804f6189f9,OFFENSIVE,PUNCT_NOISE
6ae0d6277d3e4b859fce,HATE,NO_DIACRITICS
d156e2de870d49af931c,CLEAN,NO_DIACRITICS
bb1b83cac9ac4f83b1ab,CLEAN,NO_DIACRITICS
4506d4ebf78349ffba63,CLEAN,TEENCODE
7e0f5f6bb59b4da7bc79,CLEAN,OBFUSCATION
586833b3a7074a1d88ac,CLEAN,ORIGINAL
feea48e536b94f1fa9ba,CLEAN,ORIGINAL
a631b334c6824291b3ef,CLEAN,PUNCT_NOISE
73c68803605f43b6b79b,CLEAN,ORIGINAL
89a8546a31d04390ba4e,CLEAN,MIXED
99260478ba3440998cdc,CLEAN,ORIGINAL
899653737db949c38c10,CLEAN,OBFUSCATION
def4c9a7a2cd492ebb77,CLEAN,TEENCODE
7c3b706a0cb74f9f810d,CLEAN,MIXED
b845e0701d9843cfa9c5,CLEAN,ORIGINAL
ccd63611c406444c99af,OFFENSIVE,OBFUSCATION
217228de856740ecabe1,CLEAN,PUNCT_NOISE
829ec3cdd29c4335a089,OFFENSIVE,ORIGINAL
f9036394095a403c815e,CLEAN,OBFUSCATION
cab56025385e4e978f45,CLEAN,CHAR_REPEAT
9b620c4c8dbf458cb817,CLEAN,ORIGINAL
a327ebbc19874e3dba98,CLEAN,NO_DIACRITICS
8eef82c790734f2383d2,HATE,CHAR_REPEAT
82145422c78b45eabaff,CLEAN,OBFUSCATION
a263191639fd4f36a473,CLEAN,PUNCT_NOISE
d2ed3dc4ab594d8ba918,CLEAN,OBFUSCATION
e28b5565bf8b46cf81ae,CLEAN,MIXED
69c7c9b236664516802e,HATE,PUNCT_NOISE
65650633d00f44c4851b,CLEAN,CHAR_REPEAT
38573ce1308d4d3680dd,CLEAN,OBFUSCATION
6aa41b1465924dc88afa,CLEAN,CHAR_REPEAT
8bdfe07df8e34373b4eb,CLEAN,NO_DIACRITICS
4df25b165d304b19b9a5,CLEAN,MIXED
08bd64b1deb64dbdb78a,CLEAN,PUNCT_NOISE
0db4164a829f400691ed,HATE,OBFUSCATION
57944eca0eb042e6b42a,CLEAN,ORIGINAL
d8febda2ddea4198a43d,CLEAN,ORIGINAL
48517f1692c14d5c9bcf,CLEAN,ORIGINAL
c2a9914fcd954fd7b1c7,HATE,PUNCT_NOISE
850546b02bf94f3b940c,HATE,PUNCT_NOISE
68cafe088edd4ac88d07,CLEAN,ORIGINAL
27510a30f954470fb8ee,CLEAN,NO_DIACRITICS
163afe619c5f4c59ac4d,CLEAN,ORIGINAL
e3c1608860e4456590fc,CLEAN,TEENCODE
dacd309758cd476f911b,CLEAN,OBFUSCATION
389f57301e2447cab3f3,CLEAN,ORIGINAL
e8cf4568033e4e5cb77f,CLEAN,PUNCT_NOISE
b57a290b8faa4be599b4,CLEAN,OBFUSCATION
21efe9f2b9294019b013,CLEAN,ORIGINAL
9143b25621344beca971,CLEAN,CHAR_REPEAT
a43fe521e5df4a03bb10,CLEAN,ORIGINAL
8299736f3565405ca32f,CLEAN,OBFUSCATION
29986ba0b8ab483e8bcb,CLEAN,MIXED
f29744cd53444dd28b5f,CLEAN,OBFUSCATION
38733cbc02cb495b93e0,OFFENSIVE,ORIGINAL
ba9f84add73e47a898c5,CLEAN,PUNCT_NOISE
ca6b6abd5c2444a29d54,OFFENSIVE,ORIGINAL
92c0d624edf948c5b5e7,CLEAN,CHAR_REPEAT
ac5a60a0a9ee433d895b,CLEAN,CHAR_REPEAT
d50d445b113f4982bc01,CLEAN,ORIGINAL
08938fe6d2e54ae393a5,CLEAN,MIXED
3ca907abd9e440f7b63d,CLEAN,PUNCT_NOISE
53d15d3706ef48d698dc,CLEAN,MIXED
28fefef1805344de88a0,CLEAN,NO_DIACRITICS
a6e59a1b72e84821936d,CLEAN,TEENCODE
78fc1b5c09454032b4cc,CLEAN,CHAR_REPEAT
9b7cc06539134087a727,CLEAN,ORIGINAL
5607db7d17434a6da88a,CLEAN,PUNCT_NOISE
3c048c222f0d4db5a55c,CLEAN,ORIGINAL
8c2b8aac182948d3a5ee,CLEAN,PUNCT_NOISE
ce00210339d54497a3da,CLEAN,PUNCT_NOISE
e7fcd9a60ab04c5cab70,CLEAN,CHAR_REPEAT
25b4712f280042aeaddc,CLEAN,ORIGINAL
9849dc5073444e4b8370,CLEAN,MIXED
bb21b98e9a884c9b8d82,CLEAN,OBFUSCATION
100cf30928cc47bc94bd,CLEAN,CHAR_REPEAT
39d5532fec6d4b7d8e21,CLEAN,NO_DIACRITICS
591e7eda7cdb418c9a3d,CLEAN,NO_DIACRITICS
462f581f030841d3b60a,CLEAN,PUNCT_NOISE
24928d98d82a4339a8b1,CLEAN,ORIGINAL
9c5bfea916974199a91e,CLEAN,ORIGINAL
c1a61d37d1114a8291b3,CLEAN,ORIGINAL
aa6f9d2e1a8748628446,CLEAN,ORIGINAL
da6dbd0ca2ed48df8a63,CLEAN,PUNCT_NOISE
4bfeb724f8bf4adaa0dc,CLEAN,PUNCT_NOISE
b99ce0e1514a4b6187bf,CLEAN,ORIGINAL
c473addd2df34c4391c8,CLEAN,ORIGINAL
8a9ba3b6c4fe4e59b704,CLEAN,ORIGINAL
c85e27edf6f04dccb906,CLEAN,CHAR_REPEAT
b0f318c4fab64a68b11e,CLEAN,ORIGINAL
e9b18fbddd1942838b34,CLEAN,NO_DIACRITICS
ed34d6b2ca7b4de1bd5e,CLEAN,NO_DIACRITICS
f3457588839840b98194,CLEAN,ORIGINAL
a68ab975a19a4a2db0b6,CLEAN,ORIGINAL
f2dde378793a43a7ab31,CLEAN,NO_DIACRITICS
65ed3401acb641428dac,CLEAN,CHAR_REPEAT
c006fd8f641e48039f6f,CLEAN,ORIGINAL
500712309dfa4032880c,CLEAN,ORIGINAL
3b3ed4cf24cb40a79250,CLEAN,TEENCODE
dcaac1ee7db2401893ed,CLEAN,NO_DIACRITICS
862311bd342e4980bf42,HATE,ORIGINAL
a76e91cfae76496887ca,CLEAN,PUNCT_NOISE
aea4ed053f93413e9d7e,CLEAN,OBFUSCATION
131e50eff43344508c1a,CLEAN,OBFUSCATION
04ca7cb31438402ba7b6,OFFENSIVE,PUNCT_NOISE
f5888b232ffb4556afd4,CLEAN,OBFUSCATION
1c0957672f1d4a6ea68d,CLEAN,OBFUSCATION
ac13f009dc2e4ef3b696,CLEAN,ORIGINAL
a449fbdef6d542adb0a6,CLEAN,NO_DIACRITICS
a7836f1dc79a47f68238,CLEAN,ORIGINAL
ae99f027bd184d419bd5,CLEAN,PUNCT_NOISE
42bca338a4c9447c843a,CLEAN,ORIGINAL
aba86953bab2429ba2ab,CLEAN,NO_DIACRITICS
b5690816d8194fc58feb,CLEAN,OBFUSCATION
8075f08975cf4028b51b,CLEAN,MIXED
6d04188051b443c1bb32,CLEAN,CHAR_REPEAT
fcf9c79ceaf74e04a223,CLEAN,PUNCT_NOISE
2bf1f72595284fe8b033,CLEAN,ORIGINAL
0d9289d26ff44b3983fb,CLEAN,MIXED
317b9bb1993d4cfcb2ca,CLEAN,TEENCODE
b94c5a9334cc4a32bdc6,CLEAN,CHAR_REPEAT
94b87db7413a41e6bd00,CLEAN,CHAR_REPEAT
436b1f9d8b914fb4807b,CLEAN,CHAR_REPEAT
ec8d44a9595049a19d0e,CLEAN,NO_DIACRITICS
022f7e9d4ed1497892e3,CLEAN,MIXED
dcbaa154523e48999784,CLEAN,ORIGINAL
c7d2fc0f28764c828f12,CLEAN,MIXED
145309455fd040fb801e,CLEAN,CHAR_REPEAT
325beb93d1784f33b2c4,CLEAN,ORIGINAL
3c9bf093b6c740adb0de,CLEAN,MIXED
07ecb089285e4357a081,CLEAN,ORIGINAL
aa810fdc3d02432e83f8,CLEAN,MIXED
5cc988202e934c6f9858,CLEAN,ORIGINAL
b7f1cd89f7224f1c95db,CLEAN,CHAR_REPEAT
f00ed227421a4a599044,CLEAN,PUNCT_NOISE
dd0429967ba04676a958,HATE,PUNCT_NOISE
e4b6afd1250e428fac78,CLEAN,ORIGINAL
5b9742b6dae54548aca9,CLEAN,ORIGINAL
2ac1021c7f654eab83f8,OFFENSIVE,MIXED
7717059a988b473cb862,CLEAN,ORIGINAL
d5db203d6088450399db,CLEAN,OBFUSCATION
1730386562c042818da1,CLEAN,NO_DIACRITICS
48464c740b6f4e4eb190,CLEAN,ORIGINAL
e45377fee9f140fe9193,HATE,OBFUSCATION
e245130deda945d5b081,CLEAN,PUNCT_NOISE
16be6a1035484c00b19e,CLEAN,PUNCT_NOISE
53ea843728054604987e,CLEAN,ORIGINAL
12339d61f90f49769b33,CLEAN,MIXED
c629b8e84ff14e799c70,CLEAN,OBFUSCATION
f4f2c22a5dc64428969d,CLEAN,PUNCT_NOISE
d7a7ab2b1df54917932a,HATE,ORIGINAL
f65b1ccdef21413985e9,CLEAN,ORIGINAL
3121981fb1564f15bf4a,CLEAN,PUNCT_NOISE
ed04f1380feb468ebea3,CLEAN,PUNCT_NOISE
2abc53092788406cae21,CLEAN,ORIGINAL
a16487cd08164c3b9a80,CLEAN,MIXED
b9b50a4139d5476493fd,CLEAN,CHAR_REPEAT
07271d3e974c4ec089f4,CLEAN,ORIGINAL
907b8ad1b7a14b05a9bb,CLEAN,ORIGINAL
3a25a98fb1504bc192fd,CLEAN,NO_DIACRITICS
f8b49689102f4df9a4df,HATE,ORIGINAL
978c570aa07740f78118,CLEAN,ORIGINAL
9950ac6afe574f16a1ea,CLEAN,MIXED
d60a30d46ab24372a3d2,CLEAN,ORIGINAL
71ff937844164038a744,CLEAN,NO_DIACRITICS
1635af24beb7466b94ac,HATE,PUNCT_NOISE
f0f6359ea4594efe951f,CLEAN,ORIGINAL
58403d4b57574e2ba8e6,CLEAN,NO_DIACRITICS
919b83d4ba934c49bd5d,CLEAN,ORIGINAL
73fdf2c0920648659ff6,CLEAN,ORIGINAL
dd282d96de8c458bb962,CLEAN,PUNCT_NOISE
74b9353ea6ae4570a566,CLEAN,MIXED
04f90d74671e44239c23,CLEAN,MIXED
ce6d406524b64c2db7da,CLEAN,NO_DIACRITICS
d3f281a6217445f3bc63,CLEAN,ORIGINAL
de32c91929fd40639693,CLEAN,NO_DIACRITICS
8a90ea9a437640df8374,CLEAN,ORIGINAL
8c9ad469465b496b95bc,CLEAN,OBFUSCATION
04e59e4326924bc7ab92,HATE,OBFUSCATION
c25ebd9975254a67a4f5,CLEAN,PUNCT_NOISE
52dde330e5034444b279,HATE,ORIGINAL
be426ce66f3f49bf8e39,CLEAN,ORIGINAL
f43fbdc37611415a95de,CLEAN,CHAR_REPEAT
0491a8f3f92f4eda8865,CLEAN,CHAR_REPEAT
1eca1acf7e174516b705,CLEAN,CHAR_REPEAT
3500018a41d146ed9302,OFFENSIVE,ORIGINAL
ccb535bb3f2f43638a32,CLEAN,TEENCODE
008a0d3aee084045913d,CLEAN,CHAR_REPEAT
18da3691bb374989a1c4,CLEAN,ORIGINAL
a4ba4d0cc29b42fa9123,OFFENSIVE,ORIGINAL
b07b1d7265d84cd8a8fb,CLEAN,OBFUSCATION
732ea50f1e80498ca6fb,CLEAN,OBFUSCATION
1c1c715f5e24480fbd56,CLEAN,ORIGINAL
358b31902d344a4abc7b,CLEAN,NO_DIACRITICS
515b51e8754e46d0bdb4,CLEAN,NO_DIACRITICS
f468de9822c44a2c8197,CLEAN,OBFUSCATION
b0a785a6124d4bfd867c,CLEAN,MIXED
f68c99fbc4e147308383,CLEAN,ORIGINAL
042054a6c3bb47a28ab9,CLEAN,ORIGINAL
1811d4470f0d411886ec,CLEAN,NO_DIACRITICS
e7e7c54c87e44db8af2d,CLEAN,ORIGINAL
ba6d722d9738485cb04c,CLEAN,PUNCT_NOISE
13bd34e920c24b219807,CLEAN,NO_DIACRITICS
e0b54d3a0ad441baad88,CLEAN,ORIGINAL
859fc846dd9f4b278769,HATE,PUNCT_NOISE
802afa3ebf4743e088e5,CLEAN,ORIGINAL
87f5075ad33944ab8d02,CLEAN,MIXED
78100a0e706042e38629,CLEAN,CHAR_REPEAT
5b650a326ad74cd7abf3,CLEAN,ORIGINAL
6cd571ef33f24dc39011,CLEAN,MIXED
8e7c88046d2e48f49815,CLEAN,NO_DIACRITICS
ec6d457509604d779ad6,CLEAN,MIXED
9427acadce4e4b7bb799,CLEAN,ORIGINAL
a783164561d74062bf48,CLEAN,OBFUSCATION
bfaffdf85fed48d5b0c0,CLEAN,ORIGINAL
a36f8aa2fa9240a2897a,CLEAN,OBFUSCATION
d3a6f99ad7be40cb91f8,HATE,NO_DIACRITICS
ac3b1a2445bc49f0a7cd,CLEAN,MIXED
476ccdfb1a0c450795c4,CLEAN,CHAR_REPEAT
d46ad45e2df047568bc3,CLEAN,OBFUSCATION
0f4387b93fe14968b385,CLEAN,NO_DIACRITICS
6b032227cf3944269a5c,CLEAN,PUNCT_NOISE
675a3e72515f472ca178,CLEAN,MIXED
fba4fbd5dc89462cafbf,CLEAN,TEENCODE
d651e242763240d8b916,CLEAN,CHAR_REPEAT
89230280c24843f2967c,CLEAN,CHAR_REPEAT
7649b540ed6d46418dd0,CLEAN,PUNCT_NOISE
39bc89036d86445da4ee,CLEAN,OBFUSCATION
098ddf29ae9345c4b069,CLEAN,PUNCT_NOISE
cfbc15bcd1a14e7fafc5,CLEAN,PUNCT_NOISE
ad6c24581059407589d3,CLEAN,ORIGINAL
5ff2bf2deef64cb18c2b,CLEAN,NO_DIACRITICS
b3fb313fdc8b4ccd8057,CLEAN,TEENCODE
2b90f8a9f08a420f82f6,CLEAN,ORIGINAL
a902ba6072c641cf9f17,CLEAN,ORIGINAL
c162a98c1da94e069660,OFFENSIVE,PUNCT_NOISE
fdb56ecf914545b5a5cc,CLEAN,OBFUSCATION
c8a1f6b4658a4f58b7ad,HATE,ORIGINAL
682d0a11757d481b8060,CLEAN,PUNCT_NOISE
b129484295b444bbab1a,CLEAN,OBFUSCATION
77b2ba4b29854c41af71,CLEAN,NO_DIACRITICS
6d8944a350b24a5faf7c,CLEAN,NO_DIACRITICS
3bac64eccfd3445d9c76,CLEAN,OBFUSCATION
5c82329bd6004f7ead4b,CLEAN,ORIGINAL
c8cc9c26b41a48a9aaab,HATE,OBFUSCATION
9b8528ce6e294be98a9c,CLEAN,MIXED
5c692937dbc84bb0b423,CLEAN,ORIGINAL
5ef43086e07a4aae8e72,CLEAN,ORIGINAL
10054304c3e64834b198,CLEAN,ORIGINAL
e973ee47daa7472a9e05,CLEAN,CHAR_REPEAT
8f0b2b8472b140c9813f,CLEAN,ORIGINAL
d2048fc45f7141eb8547,CLEAN,CHAR_REPEAT
cf71fe3a863f4213aca3,CLEAN,ORIGINAL
b14687ef8e504775ab8f,CLEAN,ORIGINAL
a54d7263cde949d19102,CLEAN,CHAR_REPEAT
6aa15cff69504f41860e,CLEAN,ORIGINAL
5c18990fb9bb4b04ac3b,CLEAN,NO_DIACRITICS
565bd3d1b29641efa40e,CLEAN,OBFUSCATION
47213c58b1974f078825,CLEAN,TEENCODE
f54177e3d5fe43bb8385,CLEAN,ORIGINAL
0ee9b351400e420eaeca,CLEAN,CHAR_REPEAT
67317dc5dc844bad9f19,HATE,ORIGINAL
61dc84b0cc9a4c1087cd,HATE,OBFUSCATION
c0d333270713405f8611,CLEAN,TEENCODE
1cee3409cd2644298da6,CLEAN,OBFUSCATION
6c68f32435334ac0a7e6,CLEAN,CHAR_REPEAT
41e59b29fa8c4581a3ec,CLEAN,NO_DIACRITICS
cee2b4a7c57f41b09547,HATE,PUNCT_NOISE
dc603a7fdeaf4d77b087,CLEAN,ORIGINAL
7c717144de004dd79704,CLEAN,MIXED
53a25c3214e9474aa9bd,CLEAN,PUNCT_NOISE
03000e710e554b43a8ca,CLEAN,TEENCODE
cfe681d5e9be437b90a2,CLEAN,MIXED
741d6b1c0fef4f51b85f,CLEAN,NO_DIACRITICS
984f760fbf9b4cc09d01,CLEAN,TEENCODE
04e44b061e1740eda656,HATE,CHAR_REPEAT
5bd371481fbe423e92d5,CLEAN,ORIGINAL
ff42f0f15ee344e0ae0b,CLEAN,ORIGINAL
40841d05a63d4d79abf9,CLEAN,ORIGINAL
9b191560d669405d840b,HATE,OBFUSCATION
d808b960d33b42e7b1e9,CLEAN,ORIGINAL
5b07dc5ec3ac4ec5bcd9,CLEAN,ORIGINAL
7c22fba7e29b47e085a9,CLEAN,ORIGINAL
97d8191c493f4689a709,CLEAN,OBFUSCATION
0a12c3e1f4b947d8a367,HATE,NO_DIACRITICS
5009019a348d402087ef,CLEAN,MIXED
9202827ff7eb4a22bd40,CLEAN,ORIGINAL
84d524fc50c2428c88f5,CLEAN,OBFUSCATION
bf44953f4b04477faab5,CLEAN,OBFUSCATION
d6da938c2f64435fb58d,HATE,PUNCT_NOISE
e5ea9f318ab3498cbe55,CLEAN,OBFUSCATION
df8de8a3284a415981de,CLEAN,ORIGINAL
37fea55c46c545369424,CLEAN,MIXED
f4b5536883ac461e8f6a,CLEAN,ORIGINAL
c06fa184432c43378f89,CLEAN,OBFUSCATION
e419a309066545ae976a,CLEAN,NO_DIACRITICS
977d9c6478014d07bf42,CLEAN,NO_DIACRITICS
8642f166e8b14e359926,CLEAN,NO_DIACRITICS
bd150384a4ef4912a8a1,CLEAN,OBFUSCATION
1e445e2f7cf743628ef1,CLEAN,ORIGINAL
0fe080197902433e97e0,CLEAN,NO_DIACRITICS
95aadd536fcf41f3acd9,OFFENSIVE,TEENCODE
0b743d1da3284b2e8395,CLEAN,ORIGINAL
4c55ffad83ba4b22876e,HATE,OBFUSCATION
33684a6d02c541ef9c6b,CLEAN,NO_DIACRITICS
bdcdb615dd8c47bf9058,OFFENSIVE,NO_DIACRITICS
b522ca1447a84f1c87c2,CLEAN,MIXED
e5ecea9172c54806a274,HATE,NO_DIACRITICS
9b1e45bba3604bcfa1fc,CLEAN,NO_DIACRITICS
0cac1a0617714123ada9,CLEAN,ORIGINAL
800b783d183f4da2af96,CLEAN,ORIGINAL
6004b2ada99743ba9f4f,CLEAN,PUNCT_NOISE
63429708c10a4be79a2c,CLEAN,NO_DIACRITICS
f91a977b600549969efa,CLEAN,CHAR_REPEAT
ed5169a0cbd84584b5af,CLEAN,ORIGINAL
54f9410effee46ab918e,HATE,ORIGINAL
c0a8043f0f7440b2bb3d,HATE,ORIGINAL
aa3fea1b192c4beba706,CLEAN,CHAR_REPEAT
3f2530e05d064383884d,CLEAN,ORIGINAL
ef664484890144c6b471,CLEAN,MIXED
3c279b024bfd436394e5,CLEAN,ORIGINAL
adc4b99ebfaf45438e70,CLEAN,PUNCT_NOISE
130642e90ddd4ecc94ea,CLEAN,OBFUSCATION
a4eb6f79ae0f4e9caa61,HATE,ORIGINAL
d0e10a5c433b420faa12,CLEAN,NO_DIACRITICS
a97c37f3fcfb43039f30,CLEAN,ORIGINAL
1ec890c0dbe7487c83ac,CLEAN,ORIGINAL
ba993699b7e940dcbaf8,CLEAN,ORIGINAL
61314348d53f49509a1b,CLEAN,OBFUSCATION
41a39fec900f42cd8672,CLEAN,NO_DIACRITICS
f9588cb0c3bc4c06b120,CLEAN,NO_DIACRITICS
dc1906f579f94591b61f,CLEAN,ORIGINAL
ebbb6aca70284558a4a7,CLEAN,NO_DIACRITICS
1250a4a75bf84bb2bac2,CLEAN,ORIGINAL
fa0875c551574820a94c,CLEAN,MIXED
39d610c2fcc646b68184,CLEAN,TEENCODE
6c287ed204a9486e9bb4,CLEAN,ORIGINAL
d395b601b4ff4b7cafb5,CLEAN,PUNCT_NOISE
769b485aaee04d14abdd,CLEAN,ORIGINAL
758d1ae437e84c38acee,CLEAN,CHAR_REPEAT
fbe41b05417849dd9f13,HATE,ORIGINAL
3f0d705d2bf74b559087,HATE,PUNCT_NOISE
368e5d71af9a4367b7ad,CLEAN,CHAR_REPEAT
eb8b69cea9c04722bf91,HATE,PUNCT_NOISE
dd68cd9ed27c4f51a370,CLEAN,NO_DIACRITICS
5d0fdd2c43b54f02868c,CLEAN,MIXED
03824e3b50c843a89661,CLEAN,OBFUSCATION
d4c05a4b967b4da38fad,CLEAN,ORIGINAL
177170b1a92343a89ca9,OFFENSIVE,MIXED
03a5a9563d2348d89c3f,OFFENSIVE,CHAR_REPEAT
0b9467728e7644cd9816,CLEAN,ORIGINAL
5078b36422924b8cacf5,CLEAN,NO_DIACRITICS
1e084cd3808441d5838e,CLEAN,CHAR_REPEAT
c4817aa5dd7b42d99d40,CLEAN,MIXED
c78743cdffce4687940d,CLEAN,ORIGINAL
0174e84c1a6f4e35942f,CLEAN,ORIGINAL
3b16d8ebb75441199140,HATE,MIXED
bee3ca68ca3941b1a98d,CLEAN,ORIGINAL
3ae730fb9f384924aac5,CLEAN,CHAR_REPEAT
cbc3957f2a6d4c28b8db,HATE,ORIGINAL
8b5bdd7938264a7c8ae7,CLEAN,MIXED
b41c93df1acf4e0294d8,CLEAN,ORIGINAL
e7895b71f31d41eb93c5,CLEAN,ORIGINAL
5c28c342378847aea2a9,CLEAN,MIXED
02743347f76445dfb862,CLEAN,ORIGINAL
86fe1bfcedd04547a587,HATE,NO_DIACRITICS
4a8ed38168574b33824f,CLEAN,PUNCT_NOISE
205d7d056400417da324,CLEAN,PUNCT_NOISE
062f51547eb64d82b9bf,CLEAN,TEENCODE
31065d53143d4c859855,CLEAN,CHAR_REPEAT
5fa9e73efd66446789b0,OFFENSIVE,PUNCT_NOISE
89e7a62b001943a3b496,CLEAN,ORIGINAL
f80c86ca787540bfa789,CLEAN,PUNCT_NOISE
03222ffd74794feb9393,HATE,CHAR_REPEAT
6daa75fafd0d47a19431,CLEAN,ORIGINAL
ca373645e43240088416,CLEAN,NO_DIACRITICS
0151335628574f3f9d69,CLEAN,TEENCODE
834e45c60db04e0baa2d,CLEAN,ORIGINAL
d6a2b360862940bf9f33,CLEAN,PUNCT_NOISE
dcbccee73dd14f47949a,CLEAN,PUNCT_NOISE
3d668e91be704e00935c,CLEAN,PUNCT_NOISE
ffbe860274ff4c76bc2a,HATE,ORIGINAL
464a1475b1b64556a7d8,CLEAN,OBFUSCATION
ea39979930e843d7a4b2,CLEAN,ORIGINAL
919482e0f03f4f6f9a52,CLEAN,PUNCT_NOISE
723c8a853ec74effaec9,CLEAN,MIXED
aee4baefd5e545ee843e,CLEAN,OBFUSCATION
13f1d563898d4ccea814,HATE,ORIGINAL
4eab4e70fe5e4b379250,CLEAN,MIXED
91d83b20952d4c799a20,CLEAN,CHAR_REPEAT
38dfef1723844de99971,CLEAN,PUNCT_NOISE
8a13b1613ba24a2fbb3b,CLEAN,PUNCT_NOISE
ce6cd27e7e624d3e821b,CLEAN,OBFUSCATION
9af0719f08d64f63a6a5,CLEAN,ORIGINAL
35d33176d19543528ab7,HATE,ORIGINAL
893dfe7c73c84103a66f,CLEAN,OBFUSCATION
0cdcfe11b91c42e190b9,CLEAN,OBFUSCATION
3b83e80d7c4e46bfa129,CLEAN,CHAR_REPEAT
4bca017b4e0044f09c2b,CLEAN,ORIGINAL
350c019223b54eee9518,CLEAN,ORIGINAL
b461db3dc78a45229a0c,CLEAN,MIXED
12adcdf0b38544408920,CLEAN,PUNCT_NOISE
8d3132efa1974b6194b9,CLEAN,ORIGINAL
1fd1759db8174a3795ea,CLEAN,ORIGINAL
4bf7579f93c544b2a2ec,CLEAN,NO_DIACRITICS
4d1f8e883e164b30adcc,CLEAN,ORIGINAL
c219613aa3d648599361,CLEAN,PUNCT_NOISE
a14e75e97cac4a3ea971,CLEAN,CHAR_REPEAT
27ce3e40b94949eaa435,CLEAN,ORIGINAL
90b0a02b1f4740cdad73,CLEAN,ORIGINAL
fb756eea84a8418e8a86,HATE,ORIGINAL
54534cb053db4e6e88db,CLEAN,ORIGINAL
d05845ef74564851baa6,HATE,ORIGINAL
37ee1939446f4b65aa75,CLEAN,MIXED
3277145861064afb9a37,HATE,ORIGINAL
89413fe16997435cb5a4,CLEAN,CHAR_REPEAT
6d0761d685984a4f93bb,CLEAN,OBFUSCATION
f385798cb53a4ad6b398,CLEAN,PUNCT_NOISE
11b29e6cec7b4296ab8b,CLEAN,PUNCT_NOISE
2977c20b7c6b46a1a27c,CLEAN,PUNCT_NOISE
607366cbc16e4cfdb6da,CLEAN,MIXED
cd69596eff954ce6ab5e,CLEAN,OBFUSCATION
9effe0b3818445548a31,CLEAN,PUNCT_NOISE
76554f3bbec94532a29c,CLEAN,ORIGINAL
53b1c3b48bb24c5c8141,CLEAN,MIXED
89f160cbdfd740659d7b,CLEAN,ORIGINAL
b74f598afcaf4e1c9db1,HATE,ORIGINAL
d3860fd87d1547e6a08b,CLEAN,ORIGINAL
2caf04966ea645d8bbca,CLEAN,MIXED
e1004bfe505c4041b005,CLEAN,PUNCT_NOISE
f69b18917e474e548afe,OFFENSIVE,ORIGINAL
86fd0a629c3546a88531,CLEAN,PUNCT_NOISE
e67a4eee2e0a48f99900,CLEAN,CHAR_REPEAT
ce2c747fda174e4eaadb,CLEAN,NO_DIACRITICS
af163420204747d08409,CLEAN,ORIGINAL
e3875f59b8c04def8390,CLEAN,OBFUSCATION
b8400cf6702548b6aa6e,CLEAN,NO_DIACRITICS
885234a7c88b47a29c54,CLEAN,CHAR_REPEAT
198f69cf0db5403dae37,CLEAN,MIXED
c67480819c0746ebaa9d,CLEAN,OBFUSCATION
6710ec09e4694aaab727,CLEAN,OBFUSCATION
084434ab93ee4c868b91,CLEAN,ORIGINAL
9bac3b31c66540da9221,CLEAN,MIXED
1c4b4c24e09b48b18684,CLEAN,TEENCODE
d8308117581347b087c7,CLEAN,NO_DIACRITICS
fa29b87ef6894d6585e2,CLEAN,CHAR_REPEAT
2c8362940bab4e51a088,OFFENSIVE,PUNCT_NOISE
0860dcb096564c888132,CLEAN,MIXED
cedd2b9ada3e44e68f8e,CLEAN,PUNCT_NOISE
3d034fd07cef490799bb,CLEAN,ORIGINAL
a7bd3e38064046ff80b9,CLEAN,PUNCT_NOISE
89af278c055646778491,CLEAN,TEENCODE
84c945eb8195498892a0,CLEAN,ORIGINAL
ba8a52fabdba4779bbed,CLEAN,CHAR_REPEAT
592aaba8aff14be49334,CLEAN,PUNCT_NOISE
6f2620db46074835a2a7,CLEAN,ORIGINAL
63b2ac41afcc4a5f8c91,CLEAN,PUNCT_NOISE
5b23725f177f4e53b075,CLEAN,NO_DIACRITICS
2583c4e3b5d846b39abf,CLEAN,OBFUSCATION
555fa96c17ae40739880,CLEAN,NO_DIACRITICS
968168a690444465a907,CLEAN,NO_DIACRITICS
68799bbbf47f4c25a1e0,HATE,ORIGINAL
f7151b4d369448069bb1,OFFENSIVE,CHAR_REPEAT
9c063eb075b14230862b,HATE,NO_DIACRITICS
f90c2db7ed394bb190e2,CLEAN,CHAR_REPEAT
e3da43e99c4145799785,CLEAN,NO_DIACRITICS
70d1c6946c9a4b4fa541,CLEAN,PUNCT_NOISE
fea8570657fc44e7bf32,HATE,MIXED
0c5cbeb7c5464723bdc0,CLEAN,MIXED
d5bc9c78c6cc4ad8809e,CLEAN,NO_DIACRITICS
8ee3ba2313a549cba7ff,CLEAN,PUNCT_NOISE
3df2691091bb4c08a79a,CLEAN,ORIGINAL
6933373d8a99425eb283,CLEAN,ORIGINAL
af4991e0730c4eb3a403,CLEAN,ORIGINAL
ab1f4390878441c48f45,CLEAN,CHAR_REPEAT
20357241307c47bc9227,CLEAN,OBFUSCATION
6fd65f3fb9c6494e8a52,CLEAN,NO_DIACRITICS
e8ff54ade3d84a478b5a,CLEAN,ORIGINAL
c0f30f0d0d1e430a9ab2,CLEAN,CHAR_REPEAT
a94cdc70a57f44d48c8d,HATE,OBFUSCATION
5a998f088584411a82a5,CLEAN,ORIGINAL
d6a797379115436a94e1,HATE,OBFUSCATION
9cf8db4ff9db4192bedf,CLEAN,PUNCT_NOISE
6aad41a7d3ef4b0888f5,CLEAN,OBFUSCATION
c60527bffbdc4b50bc18,CLEAN,ORIGINAL
0009b7aadbab46028c8d,CLEAN,MIXED
30d401e90ff14bc682cb,CLEAN,ORIGINAL
baa27d06017345c58e65,HATE,PUNCT_NOISE
cce8c38e51964b0989ab,CLEAN,CHAR_REPEAT
a2b287fe304040d8a3c7,CLEAN,NO_DIACRITICS
e59359768c6a4c6ab0aa,CLEAN,ORIGINAL
a70830e285f34dcda5a4,CLEAN,ORIGINAL
06a9b293b13a4b359634,OFFENSIVE,PUNCT_NOISE
ac63751bfe804c708902,CLEAN,MIXED
ec0701f157cb4830b282,CLEAN,NO_DIACRITICS
658474445bd748d0ba78,CLEAN,ORIGINAL
7044ec158f06410bab25,OFFENSIVE,OBFUSCATION
5ff2521620a44feeab27,CLEAN,CHAR_REPEAT
2a233ff0e74e433a8b53,CLEAN,NO_DIACRITICS
61bb25affceb481ca6b4,CLEAN,ORIGINAL
b415ce36dd544e55ab95,CLEAN,CHAR_REPEAT
ca64d020e73e41429c8a,CLEAN,CHAR_REPEAT
ba79f163da1640e9b455,CLEAN,PUNCT_NOISE
2de3018fa58b4b3ea271,CLEAN,CHAR_REPEAT
9944bc9c756142b1b198,CLEAN,OBFUSCATION
437729dd4f054a60a35b,HATE,ORIGINAL
d6a575c059284191b3bf,CLEAN,CHAR_REPEAT
35a43a5fd5ec4766a887,CLEAN,OBFUSCATION
b9bcde63a42b4fc29168,HATE,PUNCT_NOISE
fecba566525948578911,CLEAN,ORIGINAL
5c3b246f9ab54e25adf0,CLEAN,PUNCT_NOISE
4de49eda5dd94e34b779,CLEAN,MIXED
7cefa8cae6d04141a2a7,OFFENSIVE,ORIGINAL
5c6deaa4a0c640d8aa68,OFFENSIVE,PUNCT_NOISE
d207fe22cac84bf4b01d,CLEAN,MIXED
b7c65f36728f428ebb03,CLEAN,ORIGINAL
619b23f59ba54cbbab7d,CLEAN,ORIGINAL
9a616e8cea5e458dbed2,HATE,CHAR_REPEAT
3bf20f07789c4be39c59,CLEAN,ORIGINAL
333b433465c24a81b75e,CLEAN,PUNCT_NOISE
3e24258b44aa40038904,CLEAN,PUNCT_NOISE
1b43266bceb34132abd9,CLEAN,ORIGINAL
5d3a76b763c4498a9f10,CLEAN,PUNCT_NOISE
be32f93cd7bd4337bd6a,CLEAN,MIXED
2af95328563a4b0ba312,CLEAN,PUNCT_NOISE
8eae2e26ecf946c3ac2f,CLEAN,CHAR_REPEAT
5d88fce827f74b938132,CLEAN,ORIGINAL
5684e87f160844dca872,CLEAN,ORIGINAL
971c3360e71349edb47f,CLEAN,OBFUSCATION
99bb0ed57f1a4c2f8444,CLEAN,ORIGINAL
bf68ba9356fc4e28b161,CLEAN,ORIGINAL
3bffef4a912045a2ad90,HATE,ORIGINAL
f67cf08ce03f46429f84,CLEAN,ORIGINAL
7a80ef21062e4307bf22,CLEAN,NO_DIACRITICS
1d42d88ab0764105b693,CLEAN,OBFUSCATION
24082c4a43ff48ab8d7c,CLEAN,ORIGINAL
ec21507761bc4586b9be,CLEAN,PUNCT_NOISE
279baba77d8c4a8883e2,OFFENSIVE,PUNCT_NOISE
3004698406ff463fbffe,CLEAN,MIXED
77ade92434a24740b526,CLEAN,PUNCT_NOISE
f8d86f80a92a4a848593,CLEAN,PUNCT_NOISE
17e8d3be68594d238061,OFFENSIVE,ORIGINAL
05d2a4ee25584f0d8915,CLEAN,ORIGINAL
971cdc28c9ab4a16b39a,CLEAN,ORIGINAL
74b46fd5569441209dd4,CLEAN,NO_DIACRITICS
71c581182f4940ee8443,CLEAN,PUNCT_NOISE
885fbe8b1a5b47af89e3,CLEAN,PUNCT_NOISE
408a5ce4f47a4798a10b,CLEAN,OBFUSCATION
6b312350ddf84d33a55b,CLEAN,OBFUSCATION
872a66a6c1ba4826bf0b,CLEAN,PUNCT_NOISE
5980508c1d6b47c8821b,HATE,NO_DIACRITICS
76e42f2e04b647d1a71d,CLEAN,TEENCODE
0be1c66ff68e4db4975f,CLEAN,MIXED
5b07ca95176445e4bf58,HATE,NO_DIACRITICS
4413457ba8064a2b8d8a,CLEAN,CHAR_REPEAT
e820735981354d01a57c,CLEAN,CHAR_REPEAT
176e51f3b0404d709aba,CLEAN,MIXED
e8aed71a4fd64a88a6f9,CLEAN,MIXED
d3eac3c9ad814a82a3b1,CLEAN,ORIGINAL
cebbc2eeb849410ca21e,CLEAN,NO_DIACRITICS
68552fd05a8f4325b1c1,CLEAN,ORIGINAL
5b95d7db8b24444ba080,OFFENSIVE,OBFUSCATION
3c1dfb4f5e8e4af49473,CLEAN,CHAR_REPEAT
0fc3912a823c4a0ca652,CLEAN,ORIGINAL
bf7454e834fa4d648781,HATE,OBFUSCATION
27f075c48cb84fb89c73,CLEAN,ORIGINAL
6991b1b8acf54a8e8703,HATE,ORIGINAL
d4506e6c4e6143ec9781,HATE,CHAR_REPEAT
b2d5947785b94a3c9d16,CLEAN,OBFUSCATION
d816ff0aeffa4a37b248,HATE,ORIGINAL
8ed92eaf9bf645f189d9,CLEAN,TEENCODE
ea7d8416dd1e4ac2a690,CLEAN,CHAR_REPEAT
752b9955a05b4f279df1,CLEAN,PUNCT_NOISE
25d928745b864899be28,CLEAN,CHAR_REPEAT
dba2ebe58e044e80be26,CLEAN,PUNCT_NOISE
4906496e23ff41d592e6,HATE,ORIGINAL
2aae5f8b6f384db5911e,CLEAN,ORIGINAL
391c2090e207495abde4,CLEAN,MIXED
dcb05c8ff9f84d58bd02,CLEAN,CHAR_REPEAT
11fa458fb4cc42da914a,CLEAN,CHAR_REPEAT
71e3fef7dd8847618644,CLEAN,MIXED
44987f7563e84f0d9f3f,CLEAN,CHAR_REPEAT
8b16facccacd4055b776,CLEAN,NO_DIACRITICS
0cc64f412de94d6bb2bf,CLEAN,ORIGINAL
b0aab9f9eb174e7b8161,HATE,OBFUSCATION
13e09b49708e411d97ab,CLEAN,PUNCT_NOISE
211ef5bebe4b4c24b532,CLEAN,CHAR_REPEAT
14c71b4a48ee43a6bc95,CLEAN,CHAR_REPEAT
1e27e72385bd4befaf5e,CLEAN,ORIGINAL
b400bb8057f44906ba6c,CLEAN,OBFUSCATION
2834f68ac0b54176b932,CLEAN,OBFUSCATION
9316a57dd48b4264a9de,CLEAN,PUNCT_NOISE
277b6b7d565d40988e43,CLEAN,PUNCT_NOISE
c947d7ad7bb1492e9cc3,HATE,OBFUSCATION
4b489f34f60b46e5b876,CLEAN,TEENCODE
e7bcf9b45f1549e0a5c6,CLEAN,PUNCT_NOISE
32351a4dc45f48ab9d28,CLEAN,TEENCODE
fb236ba3dabe4a8d9d64,CLEAN,MIXED
1e6cdc37f00a44b7bdc8,CLEAN,NO_DIACRITICS
f62a14b47a0b44edad8e,CLEAN,ORIGINAL
532eb8f14dd54b4fb1f8,CLEAN,NO_DIACRITICS
ebdc9718710a41ba87d8,CLEAN,ORIGINAL
258ef0dcfa9a404dbe30,CLEAN,ORIGINAL
68253e0ca1f643eaa395,CLEAN,NO_DIACRITICS
35f4a5fed2354e2d9e38,CLEAN,CHAR_REPEAT
f918b1fb2ede486891a6,CLEAN,ORIGINAL
a6e95144edd64ae1a935,CLEAN,PUNCT_NOISE
14f373ab476242659d3c,CLEAN,ORIGINAL
5b750f1ac1644ec09f3a,CLEAN,PUNCT_NOISE
83cc856c252240a3b6c2,CLEAN,CHAR_REPEAT
89c53e2c5a1e4da1a913,CLEAN,CHAR_REPEAT
6029d6320b99413692d2,CLEAN,PUNCT_NOISE
e283f2aad2de405b8eee,HATE,ORIGINAL
6c65635ce8774a50a158,HATE,OBFUSCATION
854e64458ea348e89f36,HATE,PUNCT_NOISE
150852233f7b473d852e,CLEAN,PUNCT_NOISE
861e0f2a60874959a823,HATE,OBFUSCATION
cba1876baa354b6ab0be,OFFENSIVE,ORIGINAL
23323976df1c4bdfb669,CLEAN,NO_DIACRITICS
d46f541e163648579b86,CLEAN,PUNCT_NOISE
418dfbb8037b4f3d827d,CLEAN,ORIGINAL
204702a4c44a4a0fa6e4,CLEAN,ORIGINAL
4e264072292945fb9211,CLEAN,NO_DIACRITICS
93d7e386a2a94e4e9efc,CLEAN,CHAR_REPEAT
0f8a46f7953845e2b2bd,CLEAN,NO_DIACRITICS
6e814aba2fc34d37a7ad,CLEAN,MIXED
c99723da54484628afc1,CLEAN,ORIGINAL
a3405069b77b4a0f9847,CLEAN,OBFUSCATION
f7353f8046844050b154,CLEAN,PUNCT_NOISE
f64b84ace2854c359611,CLEAN,CHAR_REPEAT
140e034114cc4016907c,CLEAN,OBFUSCATION
5ba7ea3aab8f46069a4c,CLEAN,OBFUSCATION
4c53b810dc0045f98bfc,CLEAN,ORIGINAL
abaafa30f92f4141a7ea,HATE,PUNCT_NOISE
cf38da2e3a034d20b290,CLEAN,OBFUSCATION
69aeb95bc6cd42c4a14f,OFFENSIVE,OBFUSCATION
c8c51179ce1e4db6ae2c,CLEAN,ORIGINAL
5f08d89c6bf24de89965,CLEAN,ORIGINAL
0ac0a401705c40c8a695,OFFENSIVE,CHAR_REPEAT
75a7bda66b804ac089bf,OFFENSIVE,ORIGINAL
d98655360a9344ba96e8,CLEAN,OBFUSCATION
5cb20afc7cc64fd99e0d,HATE,ORIGINAL
c133127687df48c483f7,CLEAN,OBFUSCATION
34aa384c4db14606aad4,CLEAN,ORIGINAL
b53753d366c74658ae84,CLEAN,ORIGINAL
4e23a2df54e34c3b8e57,CLEAN,ORIGINAL
6afd892c763c4ca8b9f3,OFFENSIVE,CHAR_REPEAT
f7cba6222d2a45aa9784,HATE,ORIGINAL
76dd9b66d4f24d3c93f6,CLEAN,OBFUSCATION
890d999011c14aecaf8a,CLEAN,OBFUSCATION
b8a45d1d03f34d52845b,HATE,OBFUSCATION
945e71d402824b208c6a,CLEAN,MIXED
33ee67aeab7c4db598cb,CLEAN,CHAR_REPEAT
96e7a24cc21242bdb217,CLEAN,CHAR_REPEAT
c2a7ab5f839743c5acc4,CLEAN,ORIGINAL
a0cb0685f6814cb9ad74,CLEAN,NO_DIACRITICS
f9f4173fe8524b2ba647,CLEAN,MIXED
c7c670b720034f8b9840,HATE,OBFUSCATION
2a4ca25c8ada44edbf0a,CLEAN,MIXED
bef1173573f44b3e99a9,OFFENSIVE,OBFUSCATION
6b6ca850441a4135a784,CLEAN,PUNCT_NOISE
48a2ea8adfe54c1ca921,HATE,OBFUSCATION
fa03311fc28e4ca3bdb2,CLEAN,ORIGINAL
80682aff23724c738b7e,CLEAN,OBFUSCATION
3d058da5d8a446d59da5,CLEAN,PUNCT_NOISE
33f1b6f32f764eedafe5,CLEAN,OBFUSCATION
f7cd61fb31174fa5934b,CLEAN,CHAR_REPEAT
b0be3e3ef62c42818f50,CLEAN,ORIGINAL
f29b407f19854c2397d9,CLEAN,CHAR_REPEAT
ca412144e14f4cbb9f7f,CLEAN,ORIGINAL
90a29d441f93473485ee,CLEAN,TEENCODE
9f240c1db12d48d7a7af,CLEAN,ORIGINAL
513400df70dd46618ede,CLEAN,CHAR_REPEAT
6fbabc2797b9425aa1e7,CLEAN,MIXED
d977f2347bea478ab70e,HATE,ORIGINAL
3eb394c19882425ab474,CLEAN,CHAR_REPEAT
2bc1d34e89da4d5c892e,OFFENSIVE,ORIGINAL
213bf66833e84bfebb5e,CLEAN,ORIGINAL
756e61791b5d42709861,CLEAN,CHAR_REPEAT
d9dbc240540f4d2e83f3,CLEAN,ORIGINAL
ed915c32250c46429f4a,CLEAN,ORIGINAL
43bbcfd7b71c49698f96,CLEAN,ORIGINAL
d067abba5b644a79b4a0,CLEAN,NO_DIACRITICS
24c0ed28496f400fb30e,CLEAN,CHAR_REPEAT
d875dcafa3224dcebf6d,CLEAN,ORIGINAL
9ac47d47804f4cd9b78c,CLEAN,NO_DIACRITICS
63461d188907477b9484,CLEAN,ORIGINAL
8630916735904a3c84de,CLEAN,PUNCT_NOISE
1d42ecda3c4d43f6a025,CLEAN,PUNCT_NOISE
27188591a5ce4df48f05,HATE,OBFUSCATION
8edb5c2eeffb46a6a9ea,CLEAN,TEENCODE
e31044a7add549ef8886,CLEAN,NO_DIACRITICS
50a69817791544a499ea,CLEAN,NO_DIACRITICS
c4409dfd9ea34d35ad53,CLEAN,ORIGINAL
c1db48c43d0d4e8a9261,HATE,CHAR_REPEAT
a9ab72b930af4983b866,CLEAN,MIXED
066c7fa19c1f4dd2a051,CLEAN,CHAR_REPEAT
f68d250ad97a4262ba9c,CLEAN,ORIGINAL
8cf63f372d5a448b950e,CLEAN,ORIGINAL
4c2eea7126fb4419842f,CLEAN,MIXED
021eb4b2a8ed444dbe91,CLEAN,ORIGINAL
c0acdd202aea452a82e4,CLEAN,MIXED
71e435098f1441f6a277,OFFENSIVE,OBFUSCATION
127b6b4669ac4124bd90,CLEAN,ORIGINAL
34d0ac42cffd491b8b5d,CLEAN,CHAR_REPEAT
1902740d437a486887f7,CLEAN,OBFUSCATION
3e5f31b5acc1457b85e8,CLEAN,ORIGINAL
e0dc0ca5b4d74734bc01,CLEAN,ORIGINAL
e11ef84dce474af09402,HATE,NO_DIACRITICS
93361cdfa55e4234b2a9,OFFENSIVE,ORIGINAL
6b1fab1c2c404400846c,CLEAN,ORIGINAL
c36097dc2be44247a15d,CLEAN,NO_DIACRITICS
4a0b2dc1d9724a358eb6,CLEAN,MIXED
3d4f07710da442e49a31,OFFENSIVE,MIXED
cd6782152b594ef0a06c,CLEAN,ORIGINAL
fa15b301ec3a4ff1965c,CLEAN,CHAR_REPEAT
b8eadd43b287464b8ecd,CLEAN,ORIGINAL
12b11fa9b9a84efbab5e,CLEAN,OBFUSCATION
505f1ebf1b2e40a5ae95,CLEAN,MIXED
82c044c554ee456ea4d5,HATE,ORIGINAL
e67e521ae45b47508f19,CLEAN,PUNCT_NOISE
3c85fb46e0db41c79bbe,CLEAN,MIXED
2ebc42d2be3c4a71a2ae,CLEAN,ORIGINAL
e911c6dd312b4b868aac,CLEAN,MIXED
147be8bb3fdf4b228789,CLEAN,OBFUSCATION
32f0bfc253514a7b8a78,CLEAN,CHAR_REPEAT
6f79c472c8d245a3b145,CLEAN,ORIGINAL
5bb4aca912ad4509951f,CLEAN,PUNCT_NOISE
4288431aa9af4e15a09d,OFFENSIVE,CHAR_REPEAT
ec7df7851af04fd88a51,CLEAN,OBFUSCATION
5c2d177407f3444989b3,CLEAN,PUNCT_NOISE
5f1476d847b648e0bec0,HATE,ORIGINAL
c9103392d85d4dd191ff,CLEAN,ORIGINAL
dd4f80ff712c48f68f1f,CLEAN,ORIGINAL
bdfe8bd86639457b990b,CLEAN,MIXED
ffa33dec4a6a4bb6b720,CLEAN,NO_DIACRITICS
a048a4b98dc44135bb3f,CLEAN,ORIGINAL
6cf6cefc0c8e4091b762,CLEAN,PUNCT_NOISE
05f8d95ec9114f859fd9,CLEAN,OBFUSCATION
29f8394bb6004746982e,CLEAN,ORIGINAL
cb17285ad9494219af43,CLEAN,CHAR_REPEAT
e2f41ab50e304294a8fc,CLEAN,ORIGINAL
56ff16210cbb4d189015,HATE,OBFUSCATION
eb7b001aba61486583b0,CLEAN,ORIGINAL
aad860835ce24228b684,CLEAN,MIXED
a49485bf31824b08a819,CLEAN,ORIGINAL
755c9d8192a842c1b82d,CLEAN,MIXED
4002256d78a3497a85ad,CLEAN,MIXED
fa610b66b34f40d2b948,CLEAN,ORIGINAL
3932396909f54205bf02,CLEAN,NO_DIACRITICS
08fcfca109464cbb8c6b,CLEAN,ORIGINAL
aabf22bc9ef24ad0b034,CLEAN,CHAR_REPEAT
9bd116a7dfdb4ba28724,CLEAN,OBFUSCATION
56eb15f064ce49ea9b50,CLEAN,OBFUSCATION
e8cd8e3264ce4e57a51e,CLEAN,PUNCT_NOISE
7d122123b5364eb9bde2,CLEAN,CHAR_REPEAT
48193124c7de405ea93d,CLEAN,ORIGINAL
cd0c99d749fb441d9022,CLEAN,ORIGINAL
e336a1d396494b279b77,CLEAN,NO_DIACRITICS
5a4272d5a7784a54b5a1,OFFENSIVE,NO_DIACRITICS
e9d11f580a054961b16c,CLEAN,OBFUSCATION
c84ed57ac3cf42539f0f,CLEAN,CHAR_REPEAT
9920903e287141c78bd5,HATE,PUNCT_NOISE
c279d39256a245979a61,CLEAN,OBFUSCATION
99df873d7a8e4b679620,HATE,OBFUSCATION
d04840075629465f9973,CLEAN,NO_DIACRITICS
788a4963ffa14ce5b85d,HATE,ORIGINAL
e489ccea533a4a488408,CLEAN,ORIGINAL
1e3df09135f04a25af71,CLEAN,OBFUSCATION
3d157146b0b24267826d,CLEAN,ORIGINAL
0f0b0da86d24422a932d,HATE,ORIGINAL
3548270ca99740c2aa2f,CLEAN,PUNCT_NOISE
72bc6213cc0c4a1e84a0,CLEAN,ORIGINAL
f2de37e6864b4466a57a,CLEAN,ORIGINAL
29bcc91972864628acf0,CLEAN,ORIGINAL
8bc7ef037ab848f49cd0,CLEAN,ORIGINAL
a18caf331e1b415790c8,CLEAN,TEENCODE
3e0735bbf2214d04b873,HATE,CHAR_REPEAT
b3e6022654e84610bb59,CLEAN,TEENCODE
f3dcbb42b4064ef58bb7,CLEAN,PUNCT_NOISE
e21f19d3667a420f9493,HATE,NO_DIACRITICS
62fb40f34ae446548e26,CLEAN,CHAR_REPEAT
f3b1cb0d59744904949b,CLEAN,ORIGINAL
23023b5556c34a89815a,CLEAN,ORIGINAL
e268a58d23bf4e4c9adf,CLEAN,ORIGINAL
5ed7daab1164406baeba,CLEAN,NO_DIACRITICS
5f899827f5ad4f9fa005,HATE,CHAR_REPEAT
1ced78415853402381f2,CLEAN,PUNCT_NOISE
f7131cdcb44a4e8d8824,CLEAN,ORIGINAL
c80e54fdb41146bc968a,HATE,MIXED
25f71033dc4d47e78f68,CLEAN,NO_DIACRITICS
4bf4f2979c5e4e34bcd5,CLEAN,PUNCT_NOISE
1285306342564940be72,CLEAN,ORIGINAL
e1489dc36aaa4f21a9c0,CLEAN,PUNCT_NOISE
db9c11f3d54f4c4fbd85,HATE,PUNCT_NOISE
05d4a40ce6c7409baadf,CLEAN,CHAR_REPEAT
60de3a9b0b28430eaeac,CLEAN,ORIGINAL
a48231aa379b4da19279,CLEAN,ORIGINAL
ceba53efe89a4f2bb60c,CLEAN,OBFUSCATION
e90438da646d4299bf17,CLEAN,ORIGINAL
e81b3707015e48a0a870,CLEAN,CHAR_REPEAT
9fd9448c2ea547818955,CLEAN,MIXED
b4c3d5b4a18646148d17,CLEAN,ORIGINAL
5bbd8d37dba745cf9148,CLEAN,NO_DIACRITICS
23f923831a3b4d028e1d,CLEAN,CHAR_REPEAT
a7127907f47145558a64,CLEAN,ORIGINAL
f08e5f61c065403b9f7c,CLEAN,ORIGINAL
7da32dee8df442818537,CLEAN,MIXED
5fa2fb6159f84b0784b4,CLEAN,ORIGINAL
82a8c9e65e6845da84e2,CLEAN,ORIGINAL
500fb213c81a4984b18f,CLEAN,CHAR_REPEAT
3ba11b4f889442dbaeb1,HATE,ORIGINAL
a4b8b020381347f4a16b,CLEAN,ORIGINAL
db5de69e3c04487881f4,CLEAN,MIXED
5cc1fff2d5dc4b799abc,CLEAN,PUNCT_NOISE
96b500258e124eccb298,CLEAN,CHAR_REPEAT
80e9963131fc4c2d806b,CLEAN,PUNCT_NOISE
78de027b05294d82bf79,CLEAN,TEENCODE
8c7b47efc59d41a2a461,CLEAN,OBFUSCATION
6a28aeb4fd5448629732,CLEAN,NO_DIACRITICS
d9a81ed9aafc48c3ad24,HATE,PUNCT_NOISE
c34441fce46c41ddb564,CLEAN,NO_DIACRITICS
f498ada502d34a619811,CLEAN,PUNCT_NOISE
890590632f8749449169,CLEAN,CHAR_REPEAT
966a81ae63c74a6895cd,CLEAN,ORIGINAL
52e3c147dedb4bc48199,CLEAN,OBFUSCATION
e448df9b794f4af78f81,CLEAN,PUNCT_NOISE
c52165b831e84344867f,CLEAN,CHAR_REPEAT
0e67e719fc1c470f9886,CLEAN,OBFUSCATION
3ae3c5df41ae4dd8a917,CLEAN,NO_DIACRITICS
4c4a508199d346308e95,HATE,OBFUSCATION
7d9d3ee5f6df4d35ab43,HATE,MIXED
3a07d39e60264505a718,CLEAN,MIXED
98240f3dabb9426a8c3e,CLEAN,NO_DIACRITICS
b68d68cd45c4448987f1,CLEAN,ORIGINAL
768ec22cae754875ba46,CLEAN,OBFUSCATION
8e5cc3d170f34e8cb22f,CLEAN,OBFUSCATION
0cfd2db0d303468793ec,OFFENSIVE,CHAR_REPEAT
d67915c63ffb45a8b9e6,HATE,OBFUSCATION
9c57088778f24f1baf8c,CLEAN,ORIGINAL
d6a5301c41b54e86a4b4,CLEAN,PUNCT_NOISE
b46857e9c62e478fa04b,OFFENSIVE,OBFUSCATION
bc1fc97be3994eb9be58,CLEAN,CHAR_REPEAT
25d6337ff8ef4ce0a30d,HATE,ORIGINAL
013aef3d74934e9089ea,OFFENSIVE,ORIGINAL
a1d64cf752b544aba6a8,CLEAN,ORIGINAL
5e6655c970324d9aafc9,CLEAN,OBFUSCATION
57e417a7d01b4ec2af08,CLEAN,OBFUSCATION
a61265e7723542fa9558,HATE,PUNCT_NOISE
6eb268f21d314df194ca,CLEAN,NO_DIACRITICS
91cd35ee597c4aaf84db,CLEAN,NO_DIACRITICS
b66d88b009a0456ca1b6,CLEAN,CHAR_REPEAT
315ce82c8bff4475bb5a,CLEAN,PUNCT_NOISE
5cce8ccbed4d43d4ae33,CLEAN,OBFUSCATION
90917bd423594748910c,OFFENSIVE,ORIGINAL
9fc7e83ddcde434fa70a,CLEAN,PUNCT_NOISE
397e2f3f0d3847d89a57,OFFENSIVE,TEENCODE
26fa98c25de04124b9e7,CLEAN,TEENCODE
2e95555f42b340a385a2,HATE,OBFUSCATION
2488ed2bddd344cebb54,HATE,CHAR_REPEAT
38a2a9d98f074bb491c9,CLEAN,NO_DIACRITICS
c86b008030644374ac6c,CLEAN,ORIGINAL
7f238e9f39e44d40a70f,CLEAN,OBFUSCATION
a856ad792342494d96d9,CLEAN,ORIGINAL
c1ff2b222fe4447e8dab,HATE,ORIGINAL
887bbcec9e2a4a9187b1,CLEAN,ORIGINAL
6bf86b2d1dce46eb9b06,CLEAN,OBFUSCATION
30a6a52f96ad44a0af61,CLEAN,NO_DIACRITICS
7afba292cae14d6db4f5,CLEAN,PUNCT_NOISE
20e86bec44a6435eae37,CLEAN,MIXED
029a892ed9bf4efb8e92,CLEAN,TEENCODE
4dacae4f12bf4748aece,CLEAN,PUNCT_NOISE
d761c20a6bb545878d16,CLEAN,OBFUSCATION
3fab76efb171453bb5fd,CLEAN,ORIGINAL
abf3f86cd6a44085937a,CLEAN,PUNCT_NOISE
42bfe3ad4e7d45368aab,CLEAN,OBFUSCATION
34e9175e7c994f04ba1a,CLEAN,MIXED
6564ccbb915547eaa7e1,CLEAN,MIXED
ac5dd60f0ac84710b65e,CLEAN,ORIGINAL
d31092f5a16445f787ef,CLEAN,CHAR_REPEAT
0a96f32148ed4734bed4,CLEAN,ORIGINAL
e4184162c09b4c1f9fe5,CLEAN,OBFUSCATION
529f7a0df75c4955a2df,CLEAN,TEENCODE
c70128dea5af48f79bb0,CLEAN,PUNCT_NOISE
6c1aa4a3e1c5424b912a,CLEAN,NO_DIACRITICS
660efe3331d34477b052,CLEAN,OBFUSCATION
3075e787890c4dba8be3,OFFENSIVE,PUNCT_NOISE
0fdfb48ec4084b89824f,CLEAN,ORIGINAL
fb23a4a092ef4ab881e1,CLEAN,PUNCT_NOISE
1119a41e4c714098a16b,OFFENSIVE,PUNCT_NOISE
ca25ae012b6e44dfbc70,CLEAN,OBFUSCATION
3162d22e20754befa244,HATE,PUNCT_NOISE
055c7d07599440438dfe,HATE,OBFUSCATION
afbc772ae4c14ae4823f,CLEAN,PUNCT_NOISE
6aa350e882124c7989af,OFFENSIVE,ORIGINAL
6914ee9207e34748aacd,CLEAN,MIXED
90e516b45fa2496992f2,CLEAN,OBFUSCATION
78c23b0656d5475daa7d,CLEAN,ORIGINAL
e2d2c603d9a0440c995c,CLEAN,ORIGINAL
68f216345bfd42a19f91,CLEAN,PUNCT_NOISE
d415d3290dd84f41960f,HATE,OBFUSCATION
7417e061cfee49c7803a,CLEAN,NO_DIACRITICS
8ee04743211d4e539a85,OFFENSIVE,ORIGINAL
266dac4058f14cccaed3,CLEAN,OBFUSCATION
4d76371354da402eb432,HATE,ORIGINAL
0ce006c88d12414a9ede,CLEAN,MIXED
c26f211089a942da85e7,CLEAN,NO_DIACRITICS
7fcb82edfa9946bb913e,CLEAN,CHAR_REPEAT
7cd642ee56ff4e63b8ba,CLEAN,PUNCT_NOISE
b1e70bb96d2c45689d43,CLEAN,ORIGINAL
a57eca2b3a364c878d88,CLEAN,MIXED
7ba26a86815349b3bf54,CLEAN,NO_DIACRITICS
32a066e21e0e43a5b730,CLEAN,CHAR_REPEAT
5cba91d66625422099a5,CLEAN,CHAR_REPEAT
55f2960ce7fe4f66842c,CLEAN,MIXED
3bde38e63f374b8dbb0a,CLEAN,ORIGINAL
296e8cd0f7c74d7db14d,CLEAN,OBFUSCATION
0ab7d81ab8694b2eb654,CLEAN,PUNCT_NOISE
84c225180f4a40638640,CLEAN,ORIGINAL
9eee04a95b8749d4afbf,CLEAN,MIXED
6c6e0138726e45d68933,CLEAN,MIXED
fc4994fbdcbc499fbda2,CLEAN,ORIGINAL
c1e184bcc73a4c82b3bb,CLEAN,OBFUSCATION
2bdef485afff4964bc77,CLEAN,ORIGINAL
1264648b781746f281fc,CLEAN,NO_DIACRITICS
0c5db28d150a47aca727,CLEAN,CHAR_REPEAT
d1c4b38dd55642b1a6cd,HATE,MIXED
7101347359ec47a292e2,CLEAN,OBFUSCATION
0015ba1e468f460c9239,CLEAN,NO_DIACRITICS
cdbbd0e2d51c49d79482,CLEAN,PUNCT_NOISE
fb4d25aacd244a72bccf,CLEAN,PUNCT_NOISE
d9d1a1853e804fb58d38,CLEAN,ORIGINAL
acff362baeb44cf4852a,CLEAN,NO_DIACRITICS
74cc81fa356b434e9b23,CLEAN,ORIGINAL
86dc1ef363624904b0fb,CLEAN,MIXED
465bd0aaee1f464ea44b,CLEAN,MIXED
991d618e2bc7435984b0,CLEAN,OBFUSCATION
8515eeee22fc410391c0,CLEAN,CHAR_REPEAT
4c8a81df48ec4f2aa547,CLEAN,MIXED
04fc01d2a82c4932810c,CLEAN,PUNCT_NOISE
2765a0bafe5b41daa9ba,CLEAN,ORIGINAL
4ca5b2494aff482f8ec0,CLEAN,PUNCT_NOISE
94036226aac9419fa574,HATE,CHAR_REPEAT
12b938b1d4084c45b910,CLEAN,ORIGINAL
