src	tgt
hling rong gu-ne-ma	H'Linh đã không bắt cái nhà
miu bnam tuk-ne	con mèo đã mang ngọn núi
padi pa nhu	cây lúa uống người cha
bok dak nhu	người thầy uống dòng sông
ybhok hina om-ma	Y Bhôk không nấu con cá
pa hina-tao nhu-ma	người cha không uống những con cá
pang padi-tao ntik hmang-ma	cái nồi không thấy những cây lúa nhỏ
rong brah gu	cái nhà bắt khu rừng
kata hina nhu-ne	con gà đã uống con cá
hling padi mahe ei-ne	H'Linh đã cho cây lúa mới
yson bok dua ngui-ne	Y Sơn đã làm một người thầy
hrin mi-tao nhu-ne-ma	H'Rin đã không uống những người mẹ
mi bok bar nhu-ma	người mẹ không uống hai người thầy
hnga plei bar hmang-ne	H'Nga đã thấy hai bản làng
brah rong-tao liem hmang-ne-ma	khu rừng đã không thấy những cái nhà đẹp
pang rong dua gu	cái nồi bắt một cái nhà
hling hina mahe hlao	H'Linh tìm con cá mới
padi pang krah tec	cây lúa bán cái nồi cũ
pang bok gu-ne-ma	cái nồi đã không bắt người thầy
brah krao ei	khu rừng cho con trâu
bok dak puon ei-ne-ma	người thầy đã không cho bốn dòng sông
ako hina gu-ne-ma	con chó đã không bắt con cá
yson pang-tao gu	Y Sơn bắt những cái nồi
rong plei dua hmang	cái nhà thấy một bản làng
mi pang-tao prong tuk-ma	người mẹ không mang những cái nồi to
hnga padi bar cha-ne-ma	H'Nga đã không ăn hai cây lúa
kata kon bar om	con gà nấu hai đứa trẻ
brah pa mahe gu-ne-ma	khu rừng đã không bắt người cha mới
hina mi pei ngui-ne	con cá đã làm ba người mẹ
brah miu-tao cha-ne	khu rừng đã ăn những con mèo
ybhok pang dua cha-ne-ma	Y Bhôk đã không ăn một cái nồi
hling pang nhu-ne	H'Linh đã uống cái nồi
mi kata-tao krah om-ne-ma	người mẹ đã không nấu những con gà cũ
bok ako tec-ne	người thầy đã bán con chó
mi hina-tao om	người mẹ nấu những con cá
padi plei om-ma	cây lúa không nấu bản làng
pa pa poh ntik cha	người cha ăn năm người cha nhỏ
hnga krao mahe hlao-ne-ma	H'Nga đã không tìm con trâu mới
kata plei pei ntik hlao	con gà tìm ba bản làng nhỏ
yson pa-tao hmang-ne	Y Sơn đã thấy những người cha
miu ako prong tuk	con mèo mang con chó to
miu dak-tao cha	con mèo ăn những dòng sông
brah plei-tao ei	khu rừng cho những bản làng
hnga kon hlao	H'Nga tìm đứa trẻ
ykrong rong dua krah hlao-ne-ma	Y Krông đã không tìm một cái nhà cũ
krao plei ntik tuk-ne	con trâu đã mang bản làng nhỏ
yson bnam-tao nhu	Y Sơn uống những ngọn núi
bok kata liem om-ne-ma	người thầy đã không nấu con gà đẹp
pang ako ei	cái nồi cho con chó
rong kon cha-ne	cái nhà đã ăn đứa trẻ
dak miu hlao-ne	dòng sông đã tìm con mèo
dak pang dua ngui-ne	dòng sông đã làm một cái nồi
ybhok kon om	Y Bhôk nấu đứa trẻ
dak dak hmang-ne	dòng sông đã thấy dòng sông
yson brah ngui-ma	Y Sơn không làm khu rừng
hnga mi tec-ne-ma	H'Nga đã không bán người mẹ
dak krao dua liem nhu	dòng sông uống một con trâu đẹp
hrin bok prong hlao	H'Rin tìm người thầy to
ykrong miu ngui-ma	Y Krông không làm con mèo
ybhok kata nhu	Y Bhôk uống con gà
pang kata puon gu	cái nồi bắt bốn con gà
hnga dak tec	H'Nga bán dòng sông
krao bok-tao om	con trâu nấu những người thầy
yson rong prong ei-ne-ma	Y Sơn đã không cho cái nhà to
ykrong pa-tao prong hmang	Y Krông thấy những người cha to
ykrong krao-tao liem hlao-ne	Y Krông đã tìm những con trâu đẹp
ybhok brah nhu	Y Bhôk uống khu rừng
padi miu krah cha	cây lúa ăn con mèo cũ
rong plei ngui	cái nhà làm bản làng
rong hina pei mahe tuk	cái nhà mang ba con cá mới
hina kata hmang	con cá thấy con gà
plei ako cha	bản làng ăn con chó
brah rong bar hlao	khu rừng tìm hai cái nhà
dak miu poh krah om	dòng sông nấu năm con mèo cũ
miu ako krah cha	con mèo ăn con chó cũ
ybhok pa ei	Y Bhôk cho người cha
rong krao liem ngui-ne	cái nhà đã làm con trâu đẹp
pa dak bar ngui	người cha làm hai dòng sông
pang ako ngui-ne	cái nồi đã làm con chó
hling bok pei ei-ne	H'Linh đã cho ba người thầy
bnam kon pei tuk-ne-ma	ngọn núi đã không mang ba đứa trẻ
hina kon prong gu-ne	con cá đã bắt đứa trẻ to
krao bnam-tao gu-ne	con trâu đã bắt những ngọn núi
brah kon pei krah hlao-ma	khu rừng không tìm ba đứa trẻ cũ
yson kata nhu-ma	Y Sơn không uống con gà
kata miu poh ei	con gà cho năm con mèo
dak rong bar krah tec	dòng sông bán hai cái nhà cũ
pang plei tuk-ne-ma	cái nồi đã không mang bản làng
ako rong pei ngui-ne	con chó đã làm ba cái nhà
rong pa-tao ntik tuk	cái nhà mang những người cha nhỏ
ybhok rong-tao cha	Y Bhôk ăn những cái nhà
ykrong bnam tuk-ne	Y Krông đã mang ngọn núi
brah rong-tao mahe ei	khu rừng cho những cái nhà mới
yson ako krah nhu	Y Sơn uống con chó cũ
pang kata-tao ei-ma	cái nồi không cho những con gà
brah rong-tao ei	khu rừng cho những cái nhà
bok hina-tao om-ne	người thầy đã nấu những con cá
padi kata gu	cây lúa bắt con gà
dak bok-tao hmang	dòng sông thấy những người thầy
miu krao poh tec-ma	con mèo không bán năm con trâu
ako dak krah cha-ne	con chó đã ăn dòng sông cũ
bok mi tec-ma	người thầy không bán người mẹ
pa krao cha-ne	người cha đã ăn con trâu
bnam mi hlao	ngọn núi tìm người mẹ
pa dak liem tuk-ne	người cha đã mang dòng sông đẹp
plei bnam-tao prong ei-ne	bản làng đã cho những ngọn núi to
yson kon dua tec-ma	Y Sơn không bán một đứa trẻ
bnam kon gu	ngọn núi bắt đứa trẻ
kon pang hlao-ne-ma	đứa trẻ đã không tìm cái nồi
mi plei ngui-ma	người mẹ không làm bản làng
plei bnam tuk-ne	bản làng đã mang ngọn núi
brah ako ei-ne-ma	khu rừng đã không cho con chó
plei kata-tao ngui-ne	bản làng đã làm những con gà
kon bok pei liem ngui-ne	đứa trẻ đã làm ba người thầy đẹp
krao pa dua liem ngui	con trâu làm một người cha đẹp
bok plei om-ma	người thầy không nấu bản làng
pang kon puon gu	cái nồi bắt bốn đứa trẻ
yson dak puon ngui-ne	Y Sơn đã làm bốn dòng sông
bnam kon puon nhu	ngọn núi uống bốn đứa trẻ
kon bnam-tao ngui-ne	đứa trẻ đã làm những ngọn núi
krao ako hmang-ma	con trâu không thấy con chó
bnam miu poh hmang-ne	ngọn núi đã thấy năm con mèo
krao bok ei	con trâu cho người thầy
ako bok liem ngui-ne	con chó đã làm người thầy đẹp
hrin krao mahe ngui-ma	H'Rin không làm con trâu mới
mi bok ei-ma	người mẹ không cho người thầy
rong bnam krah cha	cái nhà ăn ngọn núi cũ
hina kata bar hlao	con cá tìm hai con gà
miu krao ntik hmang-ma	con mèo không thấy con trâu nhỏ
hina bok ei	con cá cho người thầy
bnam pang dua gu	ngọn núi bắt một cái nồi
ykrong krao tuk	Y Krông mang con trâu
ako plei poh gu-ne	con chó đã bắt năm bản làng
miu ako mahe hlao	con mèo tìm con chó mới
krao bok-tao prong hlao-ne-ma	con trâu đã không tìm những người thầy to
pa mi pei krah ngui	người cha làm ba người mẹ cũ
hling plei mahe hlao	H'Linh tìm bản làng mới
krao krao-tao tuk	con trâu mang những con trâu
ybhok krao poh tec	Y Bhôk bán năm con trâu
miu bnam bar krah nhu	con mèo uống hai ngọn núi cũ
padi bok-tao gu-ne	cây lúa đã bắt những người thầy
bok krao gu-ma	người thầy không bắt con trâu
bnam pang liem cha	ngọn núi ăn cái nồi đẹp
hina pa tec-ne-ma	con cá đã không bán người cha
ykrong krao ntik om	Y Krông nấu con trâu nhỏ
bok plei krah nhu-ma	người thầy không uống bản làng cũ
miu pa krah hlao-ne	con mèo đã tìm người cha cũ
kata bok om	con gà nấu người thầy
rong bnam ngui-ne	cái nhà đã làm ngọn núi
pang brah bar nhu-ne	cái nồi đã uống hai khu rừng
hling dak ntik om	H'Linh nấu dòng sông nhỏ
mi miu nhu-ma	người mẹ không uống con mèo
ykrong plei poh ntik hlao-ne	Y Krông đã tìm năm bản làng nhỏ
bnam brah poh hlao-ne	ngọn núi đã tìm năm khu rừng
mi kon ntik tuk-ne	người mẹ đã mang đứa trẻ nhỏ
padi dak pei liem ei-ma	cây lúa không cho ba dòng sông đẹp
bok mi tuk	người thầy mang người mẹ
hina bok hlao	con cá tìm người thầy
rong bok bar krah hmang	cái nhà thấy hai người thầy cũ
ybhok mi mahe tec-ma	Y Bhôk không bán người mẹ mới
krao dak prong hmang	con trâu thấy dòng sông to
padi krao hmang-ne	cây lúa đã thấy con trâu
rong ako poh ntik ei-ne	cái nhà đã cho năm con chó nhỏ
brah padi prong ngui	khu rừng làm cây lúa to
bok ako nhu-ma	người thầy không uống con chó
rong kon-tao krah ei-ne-ma	cái nhà đã không cho những đứa trẻ cũ
brah bok tec	khu rừng bán người thầy
rong plei ntik nhu	cái nhà uống bản làng nhỏ
mi bnam cha	người mẹ ăn ngọn núi
pa brah bar tec	người cha bán hai khu rừng
rong krao nhu-ne	cái nhà đã uống con trâu
ykrong brah cha	Y Krông ăn khu rừng
padi bnam krah tuk	cây lúa mang ngọn núi cũ
hnga krao puon cha-ne	H'Nga đã ăn bốn con trâu
yson ako-tao ntik tec-ma	Y Sơn không bán những con chó nhỏ
bnam krao mahe ei-ma	ngọn núi không cho con trâu mới
ykrong mi ntik tuk	Y Krông mang người mẹ nhỏ
bnam padi-tao tuk-ne	ngọn núi đã mang những cây lúa
padi plei tec-ne	cây lúa đã bán bản làng
mi bok nhu	người mẹ uống người thầy
pang dak tuk-ne	cái nồi đã mang dòng sông
hrin hina puon ntik nhu-ne	H'Rin đã uống bốn con cá nhỏ
pa rong-tao krah ei-ne	người cha đã cho những cái nhà cũ
ako rong puon gu	con chó bắt bốn cái nhà
hling padi ei-ne	H'Linh đã cho cây lúa
pa bnam bar nhu	người cha uống hai ngọn núi
miu pang poh hmang-ne-ma	con mèo đã không thấy năm cái nồi
ykrong plei gu	Y Krông bắt bản làng
hnga bnam liem nhu-ne	H'Nga đã uống ngọn núi đẹp
pa krao ntik tuk	người cha mang con trâu nhỏ
krao miu puon ntik gu-ne-ma	con trâu đã không bắt bốn con mèo nhỏ
hnga bnam-tao krah nhu-ne	H'Nga đã uống những ngọn núi cũ
plei brah poh nhu-ne	bản làng đã uống năm khu rừng
hling pa ntik hmang	H'Linh thấy người cha nhỏ
bnam kon hlao-ne	ngọn núi đã tìm đứa trẻ
pang bnam krah hlao	cái nồi tìm ngọn núi cũ
rong hina dua krah ngui	cái nhà làm một con cá cũ
pa krao ntik gu	người cha bắt con trâu nhỏ
pang kon cha	cái nồi ăn đứa trẻ
ybhok plei ngui-ne	Y Bhôk đã làm bản làng
dak pa puon tec-ne	dòng sông đã bán bốn người cha
hnga padi om-ma	H'Nga không nấu cây lúa
hling rong hlao	H'Linh tìm cái nhà
kata miu ei-ne-ma	con gà đã không cho con mèo
ako mi ei-ne-ma	con chó đã không cho người mẹ
ykrong mi puon gu-ne	Y Krông đã bắt bốn người mẹ
ako pa dua prong gu	con chó bắt một người cha to
hrin brah liem tuk	H'Rin mang khu rừng đẹp
pang dak pei hlao-ma	cái nồi không tìm ba dòng sông
hina krao om	con cá nấu con trâu
mi kata-tao mahe nhu	người mẹ uống những con gà mới
bnam plei ngui	ngọn núi làm bản làng
ykrong hina-tao hlao	Y Krông tìm những con cá
hrin brah-tao prong nhu-ma	H'Rin không uống những khu rừng to
kon pang nhu	đứa trẻ uống cái nồi
dak hina krah hmang-ne	dòng sông đã thấy con cá cũ
hina rong bar ei	con cá cho hai cái nhà
plei bok hmang	bản làng thấy người thầy
ykrong ako-tao cha	Y Krông ăn những con chó
hina krao tec-ne-ma	con cá đã không bán con trâu
miu dak pei mahe hmang	con mèo thấy ba dòng sông mới
krao padi bar hlao-ne-ma	con trâu đã không tìm hai cây lúa
bok dak ngui-ne	người thầy đã làm dòng sông
bok brah ntik om	người thầy nấu khu rừng nhỏ
padi padi om-ne-ma	cây lúa đã không nấu cây lúa
bnam bnam mahe ei	ngọn núi cho ngọn núi mới
ybhok kata poh tec-ne	Y Bhôk đã bán năm con gà
hina plei ngui	con cá làm bản làng
hina pang krah cha-ne	con cá đã ăn cái nồi cũ
brah pang-tao ei-ma	khu rừng không cho những cái nồi
hling dak liem nhu-ne	H'Linh đã uống dòng sông đẹp
yson ako dua tec	Y Sơn bán một con chó
miu bok liem om	con mèo nấu người thầy đẹp
pa rong poh hmang-ne-ma	người cha đã không thấy năm cái nhà
hnga mi-tao mahe ei	H'Nga cho những người mẹ mới
rong ako pei om-ne	cái nhà đã nấu ba con chó
pa miu bar nhu-ne	người cha đã uống hai con mèo
hnga ako bar gu	H'Nga bắt hai con chó
dak dak liem gu	dòng sông bắt dòng sông đẹp
rong kon-tao tec	cái nhà bán những đứa trẻ
kon pang bar cha	đứa trẻ ăn hai cái nồi
ykrong krao-tao cha-ma	Y Krông không ăn những con trâu
hrin kon bar ei-ne	H'Rin đã cho hai đứa trẻ
bok ako liem om	người thầy nấu con chó đẹp
padi rong mahe tec-ne	cây lúa đã bán cái nhà mới
krao brah tuk-ma	con trâu không mang khu rừng
ybhok pa-tao ngui	Y Bhôk làm những người cha
hling ako mahe hmang-ne	H'Linh đã thấy con chó mới
ako padi om	con chó nấu cây lúa
pang miu mahe ngui-ne	cái nồi đã làm con mèo mới
dak bok liem ei	dòng sông cho người thầy đẹp
hrin mi-tao om	H'Rin nấu những người mẹ
pa pa-tao hlao	người cha tìm những người cha
ybhok plei poh hlao	Y Bhôk tìm năm bản làng
kon kon tuk-ne	đứa trẻ đã mang đứa trẻ
yson padi gu	Y Sơn bắt cây lúa
pang bok gu-ne	cái nồi đã bắt người thầy
miu pa-tao gu	con mèo bắt những người cha
pa bnam ngui	người cha làm ngọn núi
hling miu ngui	H'Linh làm con mèo
hrin krao tuk-ne	H'Rin đã mang con trâu
plei pang ngui-ne	bản làng đã làm cái nồi
dak ako-tao mahe om	dòng sông nấu những con chó mới
hina pa poh krah nhu	con cá uống năm người cha cũ
bok kon puon krah om	người thầy nấu bốn đứa trẻ cũ
pang rong-tao krah ei	cái nồi cho những cái nhà cũ
hnga padi-tao nhu-ne	H'Nga đã uống những cây lúa
bnam kon pei hmang	ngọn núi thấy ba đứa trẻ
brah brah cha	khu rừng ăn khu rừng
kon bnam ngui-ne	đứa trẻ đã làm ngọn núi
miu rong pei nhu-ne	con mèo đã uống ba cái nhà
ybhok hina-tao ntik nhu-ne	Y Bhôk đã uống những con cá nhỏ
rong ako om-ne	cái nhà đã nấu con chó
kon mi tec-ne	đứa trẻ đã bán người mẹ
hling rong prong ngui	H'Linh làm cái nhà to
dak mi bar nhu	dòng sông uống hai người mẹ
hling kata ei	H'Linh cho con gà
ybhok padi-tao hlao-ne	Y Bhôk đã tìm những cây lúa
dak kata bar ngui	dòng sông làm hai con gà
bnam rong mahe cha-ne	ngọn núi đã ăn cái nhà mới
ykrong hina ngui-ne	Y Krông đã làm con cá
ybhok miu om-ne	Y Bhôk đã nấu con mèo
yson kon prong hmang-ma	Y Sơn không thấy đứa trẻ to
hnga bok liem cha-ne	H'Nga đã ăn người thầy đẹp
ybhok mi poh hmang-ne	Y Bhôk đã thấy năm người mẹ
kon mi dua prong nhu-ma	đứa trẻ không uống một người mẹ to
dak pang poh ei-ne	dòng sông đã cho năm cái nồi
dak miu tuk	dòng sông mang con mèo
kata dak ngui	con gà làm dòng sông
krao mi puon tec-ne	con trâu đã bán bốn người mẹ
hrin miu krah gu-ma	H'Rin không bắt con mèo cũ
hrin pa pei prong cha	H'Rin ăn ba người cha to
miu dak ntik om-ne	con mèo đã nấu dòng sông nhỏ
plei pa puon gu	bản làng bắt bốn người cha
kata bok dua liem om	con gà nấu một người thầy đẹp
hrin rong krah nhu-ne-ma	H'Rin đã không uống cái nhà cũ
bok pa puon ngui	người thầy làm bốn người cha
rong dak cha	cái nhà ăn dòng sông
yson plei poh ngui-ma	Y Sơn không làm năm bản làng
ykrong brah hlao	Y Krông tìm khu rừng
yson rong gu-ma	Y Sơn không bắt cái nhà
yson ako-tao om-ne	Y Sơn đã nấu những con chó
ykrong mi dua nhu	Y Krông uống một người mẹ
pang pa gu-ne	cái nồi đã bắt người cha
hrin plei hmang-ne-ma	H'Rin đã không thấy bản làng
padi padi dua ntik ei	cây lúa cho một cây lúa nhỏ
dak kon-tao cha	dòng sông ăn những đứa trẻ
kata mi tuk	con gà mang người mẹ
miu bok ngui	con mèo làm người thầy
brah hina mahe hmang	khu rừng thấy con cá mới
ako brah mahe gu-ma	con chó không bắt khu rừng mới
ykrong brah-tao mahe cha	Y Krông ăn những khu rừng mới
pa miu dua cha-ne	người cha đã ăn một con mèo
pang kata-tao nhu	cái nồi uống những con gà
pa kata poh tec	người cha bán năm con gà
hina rong-tao tuk-ne	con cá đã mang những cái nhà
miu padi-tao prong nhu-ne	con mèo đã uống những cây lúa to
rong padi liem om-ne	cái nhà đã nấu cây lúa đẹp
ako plei ngui-ma	con chó không làm bản làng
miu pa dua prong hlao-ma	con mèo không tìm một người cha to
bok hina liem om-ne-ma	người thầy đã không nấu con cá đẹp
hrin padi pei ntik ngui-ne	H'Rin đã làm ba cây lúa nhỏ
ykrong kata-tao cha	Y Krông ăn những con gà
pang kon bar ntik cha-ne	cái nồi đã ăn hai đứa trẻ nhỏ
dak miu puon krah om-ma	dòng sông không nấu bốn con mèo cũ
hnga pa krah hmang	H'Nga thấy người cha cũ
yson ako-tao krah om-ne	Y Sơn đã nấu những con chó cũ
kata hina puon liem cha-ne	con gà đã ăn bốn con cá đẹp
ybhok dak poh nhu	Y Bhôk uống năm dòng sông
hrin ako ngui-ne	H'Rin đã làm con chó
hrin plei pei liem nhu	H'Rin uống ba bản làng đẹp
bnam dak tec-ne	ngọn núi đã bán dòng sông
bnam kata ngui	ngọn núi làm con gà
padi miu-tao ngui	cây lúa làm những con mèo
pang ako tuk	cái nồi mang con chó
ykrong pang-tao krah tuk-ne	Y Krông đã mang những cái nồi cũ
kata kata-tao prong hlao	con gà tìm những con gà to
krao hina puon tuk-ma	con trâu không mang bốn con cá
miu kata-tao ntik cha-ne	con mèo đã ăn những con gà nhỏ
kata kon ei	con gà cho đứa trẻ
hrin hina tuk	H'Rin mang con cá
hnga pa tuk	H'Nga mang người cha
pang kata-tao hlao-ne	cái nồi đã tìm những con gà
rong kon krah hlao	cái nhà tìm đứa trẻ cũ
yson miu-tao cha	Y Sơn ăn những con mèo
padi padi pei mahe om	cây lúa nấu ba cây lúa mới
bok krao-tao liem cha	người thầy ăn những con trâu đẹp
ako dak-tao krah nhu-ma	con chó không uống những dòng sông cũ
yson bnam puon cha	Y Sơn ăn bốn ngọn núi
plei pang ngui-ne-ma	bản làng đã không làm cái nồi
padi krao om-ne	cây lúa đã nấu con trâu
plei ako ei-ne	bản làng đã cho con chó
bok pa prong ngui	người thầy làm người cha to
brah pang ei	khu rừng cho cái nồi
hina pa mahe tuk-ne	con cá đã mang người cha mới
hina kon tec-ma	con cá không bán đứa trẻ
bnam rong cha	ngọn núi ăn cái nhà
ybhok dak-tao cha	Y Bhôk ăn những dòng sông
yson padi puon liem om-ne	Y Sơn đã nấu bốn cây lúa đẹp
plei pa bar hmang	bản làng thấy hai người cha
ykrong brah ngui-ne	Y Krông đã làm khu rừng
bok bnam poh mahe gu-ne-ma	người thầy đã không bắt năm ngọn núi mới
bok plei puon hlao-ne-ma	người thầy đã không tìm bốn bản làng
kon padi cha-ne-ma	đứa trẻ đã không ăn cây lúa
ykrong pang ei-ne-ma	Y Krông đã không cho cái nồi
bok hina-tao prong ngui	người thầy làm những con cá to
pang dak-tao liem ei-ne	cái nồi đã cho những dòng sông đẹp
ybhok brah-tao liem om	Y Bhôk nấu những khu rừng đẹp
rong bnam nhu	cái nhà uống ngọn núi
hnga rong-tao prong tec	H'Nga bán những cái nhà to
ybhok pa-tao liem hmang-ne	Y Bhôk đã thấy những người cha đẹp
hnga kon krah tec-ne	H'Nga đã bán đứa trẻ cũ
hrin kon ngui-ne	H'Rin đã làm đứa trẻ
ybhok bok mahe hmang	Y Bhôk thấy người thầy mới
padi bnam nhu-ne	cây lúa đã uống ngọn núi
krao mi-tao ei-ne	con trâu đã cho những người mẹ
dak krao liem hmang	dòng sông thấy con trâu đẹp
kata kon mahe om-ne	con gà đã nấu đứa trẻ mới
bok pang pei gu	người thầy bắt ba cái nồi
padi ako bar prong tuk-ne	cây lúa đã mang hai con chó to
ako kon om-ne	con chó đã nấu đứa trẻ
yson pa ntik ei-ne	Y Sơn đã cho người cha nhỏ
hina bnam bar hlao-ne-ma	con cá đã không tìm hai ngọn núi
plei kata-tao mahe gu	bản làng bắt những con gà mới
mi pa ntik ei-ne	người mẹ đã cho người cha nhỏ
hina padi-tao nhu-ma	con cá không uống những cây lúa
kon mi ntik gu	đứa trẻ bắt người mẹ nhỏ
brah rong hlao-ne-ma	khu rừng đã không tìm cái nhà
ybhok pang nhu-ne	Y Bhôk đã uống cái nồi
ako dak gu	con chó bắt dòng sông
hina krao hmang	con cá thấy con trâu
brah miu nhu	khu rừng uống con mèo
bnam pang liem nhu-ne-ma	ngọn núi đã không uống cái nồi đẹp
hling miu puon tuk-ma	H'Linh không mang bốn con mèo
yson krao dua liem cha-ne	Y Sơn đã ăn một con trâu đẹp
mi dak liem ei-ma	người mẹ không cho dòng sông đẹp
ako bnam liem om	con chó nấu ngọn núi đẹp
dak kata-tao cha-ne	dòng sông đã ăn những con gà
bok plei om	người thầy nấu bản làng
hling miu-tao ntik ei	H'Linh cho những con mèo nhỏ
hina mi bar tec	con cá bán hai người mẹ
ykrong pa-tao liem tuk	Y Krông mang những người cha đẹp
yson ako mahe nhu-ne	Y Sơn đã uống con chó mới
yson pang dua mahe hmang-ma	Y Sơn không thấy một cái nồi mới
ykrong bnam bar tuk-ma	Y Krông không mang hai ngọn núi
hling bnam ngui	H'Linh làm ngọn núi
ybhok bok nhu	Y Bhôk uống người thầy
hina miu dua liem gu	con cá bắt một con mèo đẹp
pang bnam-tao ei-ne	cái nồi đã cho những ngọn núi
kata dak puon krah ngui-ne	con gà đã làm bốn dòng sông cũ
miu kata-tao prong hmang-ma	con mèo không thấy những con gà to
pa padi bar ntik ngui-ma	người cha không làm hai cây lúa nhỏ
padi ako poh ntik ei	cây lúa cho năm con chó nhỏ
hnga pa hlao-ne	H'Nga đã tìm người cha
plei miu krah ei	bản làng cho con mèo cũ
dak padi ntik gu-ne	dòng sông đã bắt cây lúa nhỏ
pa bok poh gu	người cha bắt năm người thầy
bnam krao ngui-ma	ngọn núi không làm con trâu
pang pa ntik ngui-ne	cái nồi đã làm người cha nhỏ
hling kata-tao hlao	H'Linh tìm những con gà
pang pang-tao ei-ne-ma	cái nồi đã không cho những cái nồi
kata miu-tao cha	con gà ăn những con mèo
plei kata mahe hmang-ne	bản làng đã thấy con gà mới
miu pang-tao cha-ne	con mèo đã ăn những cái nồi
hrin bok gu	H'Rin bắt người thầy
hnga padi-tao hlao	H'Nga tìm những cây lúa
hnga mi nhu-ne	H'Nga đã uống người mẹ
ykrong dak prong gu	Y Krông bắt dòng sông to
pa kata-tao hlao	người cha tìm những con gà
hina rong pei mahe om	con cá nấu ba cái nhà mới
padi pa-tao tec	cây lúa bán những người cha
plei mi om	bản làng nấu người mẹ
hina bok om-ne-ma	con cá đã không nấu người thầy
hnga padi poh nhu-ne	H'Nga đã uống năm cây lúa
yson kata ntik ngui-ne-ma	Y Sơn đã không làm con gà nhỏ
bnam krao prong cha-ne-ma	ngọn núi đã không ăn con trâu to
pa pang-tao mahe cha-ne	người cha đã ăn những cái nồi mới
hrin krao pei liem ngui-ne	H'Rin đã làm ba con trâu đẹp
hling mi ei-ne	H'Linh đã cho người mẹ
miu pang om-ne	con mèo đã nấu cái nồi
krao mi mahe nhu-ma	con trâu không uống người mẹ mới
rong rong pei liem nhu-ne-ma	cái nhà đã không uống ba cái nhà đẹp
bnam dak-tao om	ngọn núi nấu những dòng sông
hnga ako ntik hmang-ma	H'Nga không thấy con chó nhỏ
hina pa-tao ngui-ma	con cá không làm những người cha
pang kon cha-ne	cái nồi đã ăn đứa trẻ
pa dak ei	người cha cho dòng sông
bok ako mahe hmang	người thầy thấy con chó mới
krao hina liem tuk-ne	con trâu đã mang con cá đẹp
rong pang puon tuk	cái nhà mang bốn cái nồi
bnam bnam-tao ntik nhu-ma	ngọn núi không uống những ngọn núi nhỏ
hrin hina dua krah gu	H'Rin bắt một con cá cũ
ybhok padi liem tuk	Y Bhôk mang cây lúa đẹp
ykrong pang-tao ei-ne	Y Krông đã cho những cái nồi
miu padi poh ei-ne	con mèo đã cho năm cây lúa
ybhok bok ngui-ne-ma	Y Bhôk đã không làm người thầy
hling pang gu-ne	H'Linh đã bắt cái nồi
rong hina bar nhu-ma	cái nhà không uống hai con cá
yson krao ntik om	Y Sơn nấu con trâu nhỏ
hrin pang-tao tec	H'Rin bán những cái nồi
bok bnam-tao liem hmang	người thầy thấy những ngọn núi đẹp
yson bok ngui-ne	Y Sơn đã làm người thầy
hrin brah-tao tuk	H'Rin mang những khu rừng
yson krao nhu-ne	Y Sơn đã uống con trâu
miu brah om	con mèo nấu khu rừng
ykrong miu cha-ne-ma	Y Krông đã không ăn con mèo
kata kata pei liem tuk-ne-ma	con gà đã không mang ba con gà đẹp
mi brah ei	người mẹ cho khu rừng
dak krao ntik cha-ne	dòng sông đã ăn con trâu nhỏ
hnga hina prong tuk-ma	H'Nga không mang con cá to
mi ako-tao nhu	người mẹ uống những con chó
pa bnam tec	người cha bán ngọn núi
mi bok mahe gu-ne-ma	người mẹ đã không bắt người thầy mới
ykrong pa puon krah hlao-ma	Y Krông không tìm bốn người cha cũ
hling pang ntik gu-ma	H'Linh không bắt cái nồi nhỏ
hina rong-tao krah tuk-ne-ma	con cá đã không mang những cái nhà cũ
yson mi hmang-ne	Y Sơn đã thấy người mẹ
yson hina ntik cha-ne	Y Sơn đã ăn con cá nhỏ
ybhok padi tec-ne	Y Bhôk đã bán cây lúa
pa kon puon mahe hlao-ne	người cha đã tìm bốn đứa trẻ mới
padi plei-tao krah ngui	cây lúa làm những bản làng cũ
brah kon puon om	khu rừng nấu bốn đứa trẻ
rong padi dua hmang-ne	cái nhà đã thấy một cây lúa
pa bok puon om-ne-ma	người cha đã không nấu bốn người thầy
pa mi-tao liem nhu	người cha uống những người mẹ đẹp
yson padi mahe hmang	Y Sơn thấy cây lúa mới
ykrong padi ntik ei-ma	Y Krông không cho cây lúa nhỏ
bok mi mahe om	người thầy nấu người mẹ mới
hling miu-tao ngui-ne	H'Linh đã làm những con mèo
kon brah ngui	đứa trẻ làm khu rừng
bnam pang poh tuk	ngọn núi mang năm cái nồi
hling pa bar ei	H'Linh cho hai người cha
yson brah pei nhu	Y Sơn uống ba khu rừng
kata hina-tao hmang	con gà thấy những con cá
hnga plei dua om	H'Nga nấu một bản làng
miu kata krah om	con mèo nấu con gà cũ
krao kata pei hmang-ne-ma	con trâu đã không thấy ba con gà
yson kon tec-ne-ma	Y Sơn đã không bán đứa trẻ
ako plei cha-ne	con chó đã ăn bản làng
miu padi liem om-ne	con mèo đã nấu cây lúa đẹp
kon bnam prong hmang	đứa trẻ thấy ngọn núi to
ako kon tuk	con chó mang đứa trẻ
ybhok kon ngui-ne	Y Bhôk đã làm đứa trẻ
hina pang krah tec	con cá bán cái nồi cũ
rong bnam cha	cái nhà ăn ngọn núi
hina rong ngui-ne-ma	con cá đã không làm cái nhà
pa plei-tao krah cha	người cha ăn những bản làng cũ
ybhok padi bar hmang	Y Bhôk thấy hai cây lúa
plei dak prong cha	bản làng ăn dòng sông to
hina ako puon cha	con cá ăn bốn con chó
bnam bok poh hmang-ma	ngọn núi không thấy năm người thầy
bnam padi pei tuk-ne	ngọn núi đã mang ba cây lúa
bnam bnam tec-ne-ma	ngọn núi đã không bán ngọn núi
bnam hina gu	ngọn núi bắt con cá
miu plei-tao tec	con mèo bán những bản làng
pa mi-tao liem hlao-ne	người cha đã tìm những người mẹ đẹp
padi bok bar tuk-ne-ma	cây lúa đã không mang hai người thầy
mi kon pei hlao	người mẹ tìm ba đứa trẻ
hnga brah puon tuk	H'Nga mang bốn khu rừng
hnga pang-tao hlao	H'Nga tìm những cái nồi
pa pang prong ei	người cha cho cái nồi to
hling plei pei mahe hlao-ma	H'Linh không tìm ba bản làng mới
ako plei pei krah tuk	con chó mang ba bản làng cũ
hling kon dua ntik om	H'Linh nấu một đứa trẻ nhỏ
padi plei ngui-ne	cây lúa đã làm bản làng
bnam bnam ntik tec-ne	ngọn núi đã bán ngọn núi nhỏ
mi rong krah hmang-ma	người mẹ không thấy cái nhà cũ
brah bnam-tao mahe tec	khu rừng bán những ngọn núi mới
krao miu-tao ntik cha-ne-ma	con trâu đã không ăn những con mèo nhỏ
plei bok mahe hlao	bản làng tìm người thầy mới
ykrong pa-tao hmang-ma	Y Krông không thấy những người cha
plei kata tuk-ne	bản làng đã mang con gà
pa brah nhu-ne	người cha đã uống khu rừng
kata pang pei hmang-ne	con gà đã thấy ba cái nồi
ako rong dua gu-ma	con chó không bắt một cái nhà
brah ako tuk-ma	khu rừng không mang con chó
rong kon bar om-ne-ma	cái nhà đã không nấu hai đứa trẻ
hina padi-tao ntik cha-ne	con cá đã ăn những cây lúa nhỏ
hling pa krah hlao-ne	H'Linh đã tìm người cha cũ
rong bnam poh hmang	cái nhà thấy năm ngọn núi
bok plei poh hlao-ne	người thầy đã tìm năm bản làng
hina miu-tao nhu-ma	con cá không uống những con mèo
hina padi-tao ngui	con cá làm những cây lúa
kata brah pei prong hlao-ne	con gà đã tìm ba khu rừng to
bok krao dua tec-ne-ma	người thầy đã không bán một con trâu
brah hina mahe hlao	khu rừng tìm con cá mới
plei pang tec-ma	bản làng không bán cái nồi
plei pa liem tec	bản làng bán người cha đẹp
miu hina pei ngui-ne	con mèo đã làm ba con cá
kata plei ntik ei	con gà cho bản làng nhỏ
bok bnam ntik hlao	người thầy tìm ngọn núi nhỏ
bok pa hlao-ma	người thầy không tìm người cha
hrin bnam gu-ma	H'Rin không bắt ngọn núi
rong krao liem nhu	cái nhà uống con trâu đẹp
ybhok pa poh ei	Y Bhôk cho năm người cha
hrin dak gu	H'Rin bắt dòng sông
pang bnam tec	cái nồi bán ngọn núi
padi mi poh krah ei-ne-ma	cây lúa đã không cho năm người mẹ cũ
hnga kon cha	H'Nga ăn đứa trẻ
padi plei-tao mahe om	cây lúa nấu những bản làng mới
ybhok rong bar om	Y Bhôk nấu hai cái nhà
bnam dak poh krah ei-ne	ngọn núi đã cho năm dòng sông cũ
bnam ako bar gu	ngọn núi bắt hai con chó
ykrong bok mahe ngui	Y Krông làm người thầy mới
hling bnam-tao prong gu-ne	H'Linh đã bắt những ngọn núi to
ybhok ako hmang	Y Bhôk thấy con chó
bok pa puon om-ne	người thầy đã nấu bốn người cha
dak hina pei om-ne	dòng sông đã nấu ba con cá
hling kata tec	H'Linh bán con gà
hrin mi tuk	H'Rin mang người mẹ
pang krao pei cha-ne	cái nồi đã ăn ba con trâu
pa hina bar ntik ei-ma	người cha không cho hai con cá nhỏ
miu pa gu	con mèo bắt người cha
bok kata hmang-ma	người thầy không thấy con gà
hrin mi hmang	H'Rin thấy người mẹ
hina ako tec-ne	con cá đã bán con chó
brah kon cha-ma	khu rừng không ăn đứa trẻ
miu bok-tao ntik ei-ne	con mèo đã cho những người thầy nhỏ
ybhok krao-tao liem nhu-ne	Y Bhôk đã uống những con trâu đẹp
krao rong ntik om-ne	con trâu đã nấu cái nhà nhỏ
ykrong pa-tao cha	Y Krông ăn những người cha
brah krao poh mahe ngui-ma	khu rừng không làm năm con trâu mới
krao miu om-ne-ma	con trâu đã không nấu con mèo
mi bnam bar liem nhu-ne	người mẹ đã uống hai ngọn núi đẹp
hrin mi cha	H'Rin ăn người mẹ
plei kata-tao nhu-ne	bản làng đã uống những con gà
hnga pang-tao ntik ngui	H'Nga làm những cái nồi nhỏ
plei kon-tao tuk-ma	bản làng không mang những đứa trẻ
yson pang pei ntik tec	Y Sơn bán ba cái nồi nhỏ
plei plei nhu-ne-ma	bản làng đã không uống bản làng
rong kon-tao prong tuk-ne-ma	cái nhà đã không mang những đứa trẻ to
padi krao dua prong tec	cây lúa bán một con trâu to
ybhok kon-tao ngui	Y Bhôk làm những đứa trẻ
ybhok dak tec-ma	Y Bhôk không bán dòng sông
bnam brah mahe hlao-ne	ngọn núi đã tìm khu rừng mới
mi plei-tao ei-ne	người mẹ đã cho những bản làng
hina hina krah tec-ne	con cá đã bán con cá cũ
hina kata prong hmang	con cá thấy con gà to
hina pa ntik tuk	con cá mang người cha nhỏ
mi ako ntik ngui	người mẹ làm con chó nhỏ
yson bok pei liem tec	Y Sơn bán ba người thầy đẹp
padi rong nhu-ma	cây lúa không uống cái nhà
yson dak tuk	Y Sơn mang dòng sông
ykrong padi-tao hmang-ne	Y Krông đã thấy những cây lúa
hina rong ngui-ne	con cá đã làm cái nhà
mi pang om	người mẹ nấu cái nồi
hina ako tec-ma	con cá không bán con chó
kon brah-tao tuk	đứa trẻ mang những khu rừng
plei dak prong cha-ma	bản làng không ăn dòng sông to
kata padi bar nhu	con gà uống hai cây lúa
yson krao hlao	Y Sơn tìm con trâu
mi bok pei gu	người mẹ bắt ba người thầy
ako ako bar om	con chó nấu hai con chó
ykrong dak puon prong ei-ne	Y Krông đã cho bốn dòng sông to
ybhok kon mahe om	Y Bhôk nấu đứa trẻ mới
hina ako ngui-ma	con cá không làm con chó
hling kon ntik nhu	H'Linh uống đứa trẻ nhỏ
pa kata krah cha-ma	người cha không ăn con gà cũ
krao bok bar om-ma	con trâu không nấu hai người thầy
pang brah cha	cái nồi ăn khu rừng
pa hina-tao tec	người cha bán những con cá
kon pa puon om	đứa trẻ nấu bốn người cha
brah rong tuk	khu rừng mang cái nhà
ako padi tuk	con chó mang cây lúa
plei padi om-ma	bản làng không nấu cây lúa
pang pa hlao	cái nồi tìm người cha
hina krao hlao	con cá tìm con trâu
bok hina krah hlao-ne	người thầy đã tìm con cá cũ
yson kata pei tec	Y Sơn bán ba con gà
krao brah krah hlao-ne	con trâu đã tìm khu rừng cũ
plei kon nhu-ne	bản làng đã uống đứa trẻ
brah dak pei prong gu-ne	khu rừng đã bắt ba dòng sông to
hrin krao krah hlao	H'Rin tìm con trâu cũ
mi padi ntik cha	người mẹ ăn cây lúa nhỏ
padi plei-tao hmang-ne	cây lúa đã thấy những bản làng
ykrong bok bar mahe gu-ne	Y Krông đã bắt hai người thầy mới
dak ako ngui-ne-ma	dòng sông đã không làm con chó
brah rong-tao hlao-ne	khu rừng đã tìm những cái nhà
padi padi-tao mahe ei-ne	cây lúa đã cho những cây lúa mới
krao pang nhu-ne	con trâu đã uống cái nồi
bok plei prong ngui	người thầy làm bản làng to
padi miu hlao-ne	cây lúa đã tìm con mèo
ykrong mi hlao-ma	Y Krông không tìm người mẹ
miu mi-tao tec	con mèo bán những người mẹ
plei brah hmang-ma	bản làng không thấy khu rừng
kata brah-tao cha-ma	con gà không ăn những khu rừng
rong dak-tao krah cha	cái nhà ăn những dòng sông cũ
ykrong plei gu-ne	Y Krông đã bắt bản làng
hling plei-tao hlao	H'Linh tìm những bản làng
padi rong mahe gu	cây lúa bắt cái nhà mới
hina pang mahe tuk	con cá mang cái nồi mới
ako mi cha-ne	con chó đã ăn người mẹ
ybhok hina nhu	Y Bhôk uống con cá
kon pang om-ne	đứa trẻ đã nấu cái nồi
padi bok liem cha-ne	cây lúa đã ăn người thầy đẹp
ako hina ngui	con chó làm con cá
hnga mi om	H'Nga nấu người mẹ
plei krao poh gu-ne	bản làng đã bắt năm con trâu
hrin kon bar hlao	H'Rin tìm hai đứa trẻ
bnam hina-tao mahe tec-ne	ngọn núi đã bán những con cá mới
ybhok padi-tao krah cha-ne-ma	Y Bhôk đã không ăn những cây lúa cũ
krao brah pei gu-ne	con trâu đã bắt ba khu rừng
yson padi nhu-ne	Y Sơn đã uống cây lúa
pang bok-tao gu	cái nồi bắt những người thầy
hnga miu-tao cha-ne	H'Nga đã ăn những con mèo
mi padi nhu-ne	người mẹ đã uống cây lúa
yson rong bar prong om-ne	Y Sơn đã nấu hai cái nhà to
ako padi-tao om-ne	con chó đã nấu những cây lúa
kata ako gu-ma	con gà không bắt con chó
hrin kata poh hmang-ne	H'Rin đã thấy năm con gà
ybhok mi puon nhu-ne-ma	Y Bhôk đã không uống bốn người mẹ
ako hina prong nhu-ne	con chó đã uống con cá to
bnam rong liem om	ngọn núi nấu cái nhà đẹp
pang bok-tao ei-ne	cái nồi đã cho những người thầy
miu plei liem nhu	con mèo uống bản làng đẹp
padi mi dua prong hlao	cây lúa tìm một người mẹ to
yson kata-tao gu-ma	Y Sơn không bắt những con gà
rong bnam-tao ei-ne	cái nhà đã cho những ngọn núi
hling hina nhu	H'Linh uống con cá
plei bok puon mahe ei-ne	bản làng đã cho bốn người thầy mới
ykrong ako ngui	Y Krông làm con chó
miu hina dua ntik hmang	con mèo thấy một con cá nhỏ
dak bnam-tao hmang	dòng sông thấy những ngọn núi
bok ako tuk	người thầy mang con chó
miu bnam nhu-ne	con mèo đã uống ngọn núi
bnam brah liem hlao-ne	ngọn núi đã tìm khu rừng đẹp
padi hina gu-ne	cây lúa đã bắt con cá
brah padi-tao prong hlao-ne	khu rừng đã tìm những cây lúa to
kon pang-tao mahe ngui-ne	đứa trẻ đã làm những cái nồi mới
rong plei dua tuk-ne-ma	cái nhà đã không mang một bản làng
kon kata pei tuk	đứa trẻ mang ba con gà
ykrong mi ei-ne	Y Krông đã cho người mẹ
miu kata nhu	con mèo uống con gà
plei padi tuk	bản làng mang cây lúa
miu dak bar tuk-ne	con mèo đã mang hai dòng sông
kon hina pei hmang	đứa trẻ thấy ba con cá
pa bok puon ntik ei	người cha cho bốn người thầy nhỏ
pa kata-tao ei-ne	người cha đã cho những con gà
padi mi liem hmang	cây lúa thấy người mẹ đẹp
miu plei cha	con mèo ăn bản làng
hnga kon mahe cha-ne	H'Nga đã ăn đứa trẻ mới
hrin krao ntik nhu	H'Rin uống con trâu nhỏ
miu miu prong om-ne-ma	con mèo đã không nấu con mèo to
kata pa dua hmang-ne	con gà đã thấy một người cha
mi brah pei tuk-ma	người mẹ không mang ba khu rừng
yson ako krah hmang-ma	Y Sơn không thấy con chó cũ
yson plei-tao ntik tuk-ne	Y Sơn đã mang những bản làng nhỏ
mi plei dua ngui-ne	người mẹ đã làm một bản làng
brah padi hlao	khu rừng tìm cây lúa
kata pa poh mahe hlao	con gà tìm năm người cha mới
ybhok kata prong ei-ma	Y Bhôk không cho con gà to
ybhok pa ntik tuk	Y Bhôk mang người cha nhỏ
ykrong brah ntik hlao-ne-ma	Y Krông đã không tìm khu rừng nhỏ
miu miu-tao hmang-ne	con mèo đã thấy những con mèo
bok ako pei gu-ne-ma	người thầy đã không bắt ba con chó
brah bok ei-ne-ma	khu rừng đã không cho người thầy
ako pa tec	con chó bán người cha
yson brah ngui	Y Sơn làm khu rừng
ybhok brah krah gu-ma	Y Bhôk không bắt khu rừng cũ
hina miu puon mahe cha-ne	con cá đã ăn bốn con mèo mới
brah padi-tao ntik tec-ne-ma	khu rừng đã không bán những cây lúa nhỏ
plei krao puon krah ei-ne	bản làng đã cho bốn con trâu cũ
hina plei ei	con cá cho bản làng
yson pa poh ntik cha	Y Sơn ăn năm người cha nhỏ
ykrong kon om	Y Krông nấu đứa trẻ
ako ako poh tuk	con chó mang năm con chó
ykrong plei om-ne-ma	Y Krông đã không nấu bản làng
ybhok brah ei-ma	Y Bhôk không cho khu rừng
pang pang tuk	cái nồi mang cái nồi
miu bok bar om	con mèo nấu hai người thầy
miu rong dua krah gu	con mèo bắt một cái nhà cũ
bok padi dua prong hmang	người thầy thấy một cây lúa to
hnga mi dua cha	H'Nga ăn một người mẹ
ako pang mahe ei-ne	con chó đã cho cái nồi mới
ybhok plei-tao tuk-ma	Y Bhôk không mang những bản làng
bok miu bar hlao	người thầy tìm hai con mèo
ybhok pa-tao liem ngui	Y Bhôk làm những người cha đẹp
dak rong puon mahe hmang-ne	dòng sông đã thấy bốn cái nhà mới
padi krao poh mahe tec-ne	cây lúa đã bán năm con trâu mới
kata pang gu-ma	con gà không bắt cái nồi
rong dak ei	cái nhà cho dòng sông
ykrong plei gu-ne-ma	Y Krông đã không bắt bản làng
kata pa-tao tuk-ne-ma	con gà đã không mang những người cha
kon ako ngui-ne	đứa trẻ đã làm con chó
ykrong bnam pei ngui	Y Krông làm ba ngọn núi
pa pang-tao tec-ne	người cha đã bán những cái nồi
hling bnam-tao mahe cha-ne	H'Linh đã ăn những ngọn núi mới
hling hina cha-ne	H'Linh đã ăn con cá
ykrong bok mahe tec-ne	Y Krông đã bán người thầy mới
brah brah-tao krah hmang	khu rừng thấy những khu rừng cũ
brah dak-tao ei-ma	khu rừng không cho những dòng sông
yson krao tuk	Y Sơn mang con trâu
yson hina mahe gu	Y Sơn bắt con cá mới
plei padi-tao cha-ne	bản làng đã ăn những cây lúa
krao hina om-ne	con trâu đã nấu con cá
krao miu-tao krah ei-ne	con trâu đã cho những con mèo cũ
hina dak-tao mahe hlao-ne-ma	con cá đã không tìm những dòng sông mới
krao kata ei-ne	con trâu đã cho con gà
pa pang-tao ngui-ma	người cha không làm những cái nồi
hnga rong tec	H'Nga bán cái nhà
bnam brah-tao tec	ngọn núi bán những khu rừng
bnam krao prong hlao	ngọn núi tìm con trâu to
brah rong-tao hmang-ne	khu rừng đã thấy những cái nhà
ybhok kata-tao ntik cha-ne	Y Bhôk đã ăn những con gà nhỏ
rong bok om-ne	cái nhà đã nấu người thầy
hnga brah pei nhu-ne	H'Nga đã uống ba khu rừng
krao brah-tao cha-ne-ma	con trâu đã không ăn những khu rừng
mi brah tuk-ne	người mẹ đã mang khu rừng
bnam mi tuk	ngọn núi mang người mẹ
bnam pang-tao krah hlao	ngọn núi tìm những cái nồi cũ
bok rong gu-ne	người thầy đã bắt cái nhà
miu plei puon liem ei	con mèo cho bốn bản làng đẹp
ako padi cha-ne	con chó đã ăn cây lúa
ybhok pa ntik hmang-ne	Y Bhôk đã thấy người cha nhỏ
yson bnam bar liem tuk-ne	Y Sơn đã mang hai ngọn núi đẹp
miu bnam pei ei	con mèo cho ba ngọn núi
ybhok bnam mahe tec-ne	Y Bhôk đã bán ngọn núi mới
kon rong-tao liem gu-ma	đứa trẻ không bắt những cái nhà đẹp
dak pang-tao ei	dòng sông cho những cái nồi
bnam ako-tao nhu-ma	ngọn núi không uống những con chó
miu bnam ntik nhu-ma	con mèo không uống ngọn núi nhỏ
miu miu-tao hlao-ma	con mèo không tìm những con mèo
ykrong plei hmang	Y Krông thấy bản làng
hling kata-tao hlao-ma	H'Linh không tìm những con gà
hina hina pei gu-ne	con cá đã bắt ba con cá
hrin brah poh prong ei	H'Rin cho năm khu rừng to
rong rong-tao hlao-ne	cái nhà đã tìm những cái nhà
kon hina liem tec	đứa trẻ bán con cá đẹp
ykrong hina-tao mahe hmang-ne-ma	Y Krông đã không thấy những con cá mới
pa brah-tao liem ei-ne	người cha đã cho những khu rừng đẹp
plei dak-tao gu	bản làng bắt những dòng sông
hling krao puon krah om-ne	H'Linh đã nấu bốn con trâu cũ
pang hina gu-ne	cái nồi đã bắt con cá
bok krao-tao liem nhu	người thầy uống những con trâu đẹp
pa hina dua ei	người cha cho một con cá
hrin ako cha	H'Rin ăn con chó
ykrong kon-tao ngui-ma	Y Krông không làm những đứa trẻ
krao hina-tao hmang	con trâu thấy những con cá
yson miu-tao ntik tuk	Y Sơn mang những con mèo nhỏ
pa bnam hlao-ne	người cha đã tìm ngọn núi
krao pang tuk	con trâu mang cái nồi
miu padi bar om	con mèo nấu hai cây lúa
hina plei nhu-ne-ma	con cá đã không uống bản làng
yson krao-tao krah om	Y Sơn nấu những con trâu cũ
hina bnam prong tec-ne	con cá đã bán ngọn núi to
hling mi-tao cha	H'Linh ăn những người mẹ
miu kata om-ma	con mèo không nấu con gà
miu bnam-tao ntik hmang-ma	con mèo không thấy những ngọn núi nhỏ
hling hina puon tuk-ne-ma	H'Linh đã không mang bốn con cá
hling dak hmang	H'Linh thấy dòng sông
dak krao tuk	dòng sông mang con trâu
ykrong krao-tao nhu-ma	Y Krông không uống những con trâu
hina kata bar krah cha	con cá ăn hai con gà cũ
yson padi-tao nhu	Y Sơn uống những cây lúa
plei brah cha	bản làng ăn khu rừng
ykrong ako dua hlao-ne	Y Krông đã tìm một con chó
hling kon poh mahe hlao-ne	H'Linh đã tìm năm đứa trẻ mới
ybhok mi-tao nhu	Y Bhôk uống những người mẹ
bok rong nhu-ne	người thầy đã uống cái nhà
yson brah tec-ne	Y Sơn đã bán khu rừng
ako kata prong cha	con chó ăn con gà to
hling bnam nhu-ne	H'Linh đã uống ngọn núi
rong kata-tao tuk	cái nhà mang những con gà
kon pa ei	đứa trẻ cho người cha
hnga pa bar hmang-ne	H'Nga đã thấy hai người cha
hina dak dua tec	con cá bán một dòng sông
bnam bnam ntik ei	ngọn núi cho ngọn núi nhỏ
brah bok krah ei	khu rừng cho người thầy cũ
padi kon ei	cây lúa cho đứa trẻ
mi hina prong nhu-ne-ma	người mẹ đã không uống con cá to
hling kon om	H'Linh nấu đứa trẻ
bnam bok dua nhu	ngọn núi uống một người thầy
bok pang-tao tec-ne	người thầy đã bán những cái nồi
pa dak liem gu	người cha bắt dòng sông đẹp
dak brah liem nhu	dòng sông uống khu rừng đẹp
mi ako prong gu	người mẹ bắt con chó to
ykrong krao mahe cha	Y Krông ăn con trâu mới
pa kata bar cha	người cha ăn hai con gà
ybhok plei puon ei-ne	Y Bhôk đã cho bốn bản làng
pang bnam tec-ne	cái nồi đã bán ngọn núi
pang plei mahe nhu	cái nồi uống bản làng mới
brah mi cha-ne	khu rừng đã ăn người mẹ
ako brah-tao mahe om-ne	con chó đã nấu những khu rừng mới
bnam kon nhu-ne	ngọn núi đã uống đứa trẻ
yson ako om-ne-ma	Y Sơn đã không nấu con chó
ybhok bok tec-ne	Y Bhôk đã bán người thầy
yson krao-tao liem ngui	Y Sơn làm những con trâu đẹp
plei kon hlao	bản làng tìm đứa trẻ
hling kon liem tec-ma	H'Linh không bán đứa trẻ đẹp
rong miu-tao om	cái nhà nấu những con mèo
ybhok kata-tao ngui	Y Bhôk làm những con gà
kata kata-tao tec	con gà bán những con gà
ykrong ako poh ngui-ne-ma	Y Krông đã không làm năm con chó
ykrong krao poh ei-ne-ma	Y Krông đã không cho năm con trâu
plei miu-tao nhu	bản làng uống những con mèo
hling mi-tao ngui	H'Linh làm những người mẹ
dak pang liem ei-ne	dòng sông đã cho cái nồi đẹp
brah brah liem hmang-ne-ma	khu rừng đã không thấy khu rừng đẹp
yson mi ei	Y Sơn cho người mẹ
miu kata nhu-ne	con mèo đã uống con gà
pang miu-tao prong hlao-ne	cái nồi đã tìm những con mèo to
brah bok bar ntik hmang-ma	khu rừng không thấy hai người thầy nhỏ
ybhok pang dua prong ei	Y Bhôk cho một cái nồi to
dak dak-tao tuk	dòng sông mang những dòng sông
bok pang poh hmang-ma	người thầy không thấy năm cái nồi
padi bnam-tao ei	cây lúa cho những ngọn núi
miu kata pei hmang-ma	con mèo không thấy ba con gà
pang kon ngui	cái nồi làm đứa trẻ
kon mi-tao krah hmang	đứa trẻ thấy những người mẹ cũ
pang pang prong hlao-ne-ma	cái nồi đã không tìm cái nồi to
hnga dak dua ngui	H'Nga làm một dòng sông
hling padi hmang-ne	H'Linh đã thấy cây lúa
yson ako tuk	Y Sơn mang con chó
miu krao ngui-ne-ma	con mèo đã không làm con trâu
hling kon puon ngui-ne-ma	H'Linh đã không làm bốn đứa trẻ
kon dak ntik tec-ne	đứa trẻ đã bán dòng sông nhỏ
krao bok om	con trâu nấu người thầy
hina hina ngui-ne-ma	con cá đã không làm con cá
ako mi-tao ntik tec	con chó bán những người mẹ nhỏ
rong mi-tao ntik tuk-ne	cái nhà đã mang những người mẹ nhỏ
kata kon pei nhu	con gà uống ba đứa trẻ
hrin brah nhu	H'Rin uống khu rừng
hrin krao dua liem cha-ne	H'Rin đã ăn một con trâu đẹp
kata kata liem om-ne-ma	con gà đã không nấu con gà đẹp
kata rong-tao cha-ne	con gà đã ăn những cái nhà
pa dak ntik nhu	người cha uống dòng sông nhỏ
bok pa cha-ne	người thầy đã ăn người cha
ykrong dak ei	Y Krông cho dòng sông
hrin plei-tao liem gu	H'Rin bắt những bản làng đẹp
padi bnam ntik gu-ne	cây lúa đã bắt ngọn núi nhỏ
plei plei bar hmang-ne	bản làng đã thấy hai bản làng
ykrong dak poh hlao	Y Krông tìm năm dòng sông
yson ako tec-ne	Y Sơn đã bán con chó
ybhok rong pei ntik gu	Y Bhôk bắt ba cái nhà nhỏ
bnam mi poh prong tec	ngọn núi bán năm người mẹ to
mi krao dua liem nhu-ne	người mẹ đã uống một con trâu đẹp
ako kon tec	con chó bán đứa trẻ
plei rong bar cha	bản làng ăn hai cái nhà
hrin bnam ei-ne	H'Rin đã cho ngọn núi
hina padi-tao hlao-ma	con cá không tìm những cây lúa
ybhok mi dua ntik tuk	Y Bhôk mang một người mẹ nhỏ
pa kata krah tuk	người cha mang con gà cũ
miu kon-tao ngui	con mèo làm những đứa trẻ
miu bok mahe ngui-ne	con mèo đã làm người thầy mới
hina pa-tao mahe tuk	con cá mang những người cha mới
krao hina poh tuk	con trâu mang năm con cá
hling brah poh liem om	H'Linh nấu năm khu rừng đẹp
hina dak puon ntik ei	con cá cho bốn dòng sông nhỏ
rong kata pei liem gu-ma	cái nhà không bắt ba con gà đẹp
dak bnam poh mahe gu	dòng sông bắt năm ngọn núi mới
ybhok miu mahe tuk	Y Bhôk mang con mèo mới
brah miu ei	khu rừng cho con mèo
bok mi hlao-ma	người thầy không tìm người mẹ
rong brah mahe gu	cái nhà bắt khu rừng mới
ybhok bnam dua gu	Y Bhôk bắt một ngọn núi
hrin padi nhu	H'Rin uống cây lúa
padi kata krah ngui	cây lúa làm con gà cũ
hling kata mahe nhu	H'Linh uống con gà mới
hling kata ntik tec-ne	H'Linh đã bán con gà nhỏ
dak padi ei-ne-ma	dòng sông đã không cho cây lúa
ykrong dak cha	Y Krông ăn dòng sông
pang rong puon mahe om-ma	cái nồi không nấu bốn cái nhà mới
kon bnam ntik tec-ne	đứa trẻ đã bán ngọn núi nhỏ
brah brah-tao cha-ne	khu rừng đã ăn những khu rừng
plei padi ntik tuk	bản làng mang cây lúa nhỏ
bnam brah-tao hlao-ma	ngọn núi không tìm những khu rừng
ako plei mahe tuk	con chó mang bản làng mới
miu pang liem nhu-ne	con mèo đã uống cái nồi đẹp
kon miu-tao ngui	đứa trẻ làm những con mèo
kon pa hlao	đứa trẻ tìm người cha
yson kata-tao tuk-ne	Y Sơn đã mang những con gà
miu kon-tao ngui-ne-ma	con mèo đã không làm những đứa trẻ
bok pa-tao prong gu	người thầy bắt những người cha to
mi ako bar ei-ne	người mẹ đã cho hai con chó
ykrong plei cha-ma	Y Krông không ăn bản làng
dak plei tec-ne	dòng sông đã bán bản làng
ako hina ei-ne-ma	con chó đã không cho con cá
hling kon mahe nhu	H'Linh uống đứa trẻ mới
rong ako ei	cái nhà cho con chó
bnam miu-tao liem hmang	ngọn núi thấy những con mèo đẹp
ako brah poh ngui	con chó làm năm khu rừng
plei dak hlao-ma	bản làng không tìm dòng sông
ybhok krao tuk	Y Bhôk mang con trâu
hrin kata mahe hmang-ne-ma	H'Rin đã không thấy con gà mới
hling kon ngui	H'Linh làm đứa trẻ
ykrong kata krah hmang	Y Krông thấy con gà cũ
pang pang krah gu	cái nồi bắt cái nồi cũ
yson rong liem om-ne	Y Sơn đã nấu cái nhà đẹp
ykrong brah ei-ne	Y Krông đã cho khu rừng
mi miu-tao tuk-ne-ma	người mẹ đã không mang những con mèo
miu dak liem ngui-ne	con mèo đã làm dòng sông đẹp
ybhok bnam cha	Y Bhôk ăn ngọn núi
padi rong ei	cây lúa cho cái nhà
yson padi dua om-ne	Y Sơn đã nấu một cây lúa
hrin padi hlao-ne-ma	H'Rin đã không tìm cây lúa
kon pang tec-ne	đứa trẻ đã bán cái nồi
rong kata-tao mahe nhu	cái nhà uống những con gà mới
bnam padi poh liem nhu-ne-ma	ngọn núi đã không uống năm cây lúa đẹp
hnga pang tec	H'Nga bán cái nồi
pa bnam pei mahe om-ma	người cha không nấu ba ngọn núi mới
bnam bnam dua ntik hmang	ngọn núi thấy một ngọn núi nhỏ
ybhok kon-tao mahe hlao-ne	Y Bhôk đã tìm những đứa trẻ mới
yson hina-tao liem om	Y Sơn nấu những con cá đẹp
padi mi-tao cha-ne	cây lúa đã ăn những người mẹ
miu kon ngui	con mèo làm đứa trẻ
dak brah-tao nhu	dòng sông uống những khu rừng
ybhok pa tuk	Y Bhôk mang người cha
hrin dak-tao ei-ne-ma	H'Rin đã không cho những dòng sông
ykrong brah dua ntik tuk-ne	Y Krông đã mang một khu rừng nhỏ
mi pa-tao cha	người mẹ ăn những người cha
kata miu hmang	con gà thấy con mèo
ybhok mi-tao gu-ne-ma	Y Bhôk đã không bắt những người mẹ
ybhok padi-tao cha	Y Bhôk ăn những cây lúa
hnga hina hlao	H'Nga tìm con cá
hnga bnam ei-ne-ma	H'Nga đã không cho ngọn núi
bok krao bar prong hmang	người thầy thấy hai con trâu to
rong mi nhu-ne	cái nhà đã uống người mẹ
krao plei dua hmang	con trâu thấy một bản làng
bok padi dua krah gu	người thầy bắt một cây lúa cũ
brah hina tec-ne	khu rừng đã bán con cá
pang ako prong tuk	cái nồi mang con chó to
yson miu nhu	Y Sơn uống con mèo
mi padi ngui-ne	người mẹ đã làm cây lúa
hina plei puon ntik nhu	con cá uống bốn bản làng nhỏ
hrin ako-tao ntik ei-ne	H'Rin đã cho những con chó nhỏ
krao pa tec	con trâu bán người cha
ykrong kon om-ma	Y Krông không nấu đứa trẻ
padi pa bar om	cây lúa nấu hai người cha
pa miu hlao	người cha tìm con mèo
pa krao poh hlao-ma	người cha không tìm năm con trâu
rong kon ngui	cái nhà làm đứa trẻ
padi pang-tao ngui-ne	cây lúa đã làm những cái nồi
kon kata tuk	đứa trẻ mang con gà
kon kon tec-ne	đứa trẻ đã bán đứa trẻ
hrin miu pei tec	H'Rin bán ba con mèo
ako krao cha-ne	con chó đã ăn con trâu
kon ako dua hlao-ne	đứa trẻ đã tìm một con chó
kon bnam hlao	đứa trẻ tìm ngọn núi
krao bok poh ngui	con trâu làm năm người thầy
ykrong pa-tao tuk-ne-ma	Y Krông đã không mang những người cha
padi ako bar ngui	cây lúa làm hai con chó
krao miu liem ei	con trâu cho con mèo đẹp
ako bnam puon ngui	con chó làm bốn ngọn núi
dak hina-tao liem gu-ma	dòng sông không bắt những con cá đẹp
pa pang gu-ne	người cha đã bắt cái nồi
ykrong hina ntik tuk-ma	Y Krông không mang con cá nhỏ
plei krao ntik gu-ne	bản làng đã bắt con trâu nhỏ
rong plei cha	cái nhà ăn bản làng
bnam bnam prong cha	ngọn núi ăn ngọn núi to
hrin miu-tao tuk	H'Rin mang những con mèo
bnam kon bar ntik tuk-ma	ngọn núi không mang hai đứa trẻ nhỏ
bnam bnam om	ngọn núi nấu ngọn núi
pa padi-tao hlao	người cha tìm những cây lúa
bok dak hmang-ma	người thầy không thấy dòng sông
hling padi-tao nhu-ne	H'Linh đã uống những cây lúa
hina kon mahe ngui	con cá làm đứa trẻ mới
pang hina-tao prong ei	cái nồi cho những con cá to
hrin rong krah hmang	H'Rin thấy cái nhà cũ
yson kon-tao nhu-ne	Y Sơn đã uống những đứa trẻ
yson kon puon hlao	Y Sơn tìm bốn đứa trẻ
brah ako poh prong om-ne-ma	khu rừng đã không nấu năm con chó to
ako pang om-ne	con chó đã nấu cái nồi
yson pang dua gu	Y Sơn bắt một cái nồi
brah pang liem hmang	khu rừng thấy cái nồi đẹp
hling miu dua tuk	H'Linh mang một con mèo
padi padi cha-ne	cây lúa đã ăn cây lúa
krao bok pei ei-ne	con trâu đã cho ba người thầy
hrin bnam-tao tec	H'Rin bán những ngọn núi
yson plei om-ne-ma	Y Sơn đã không nấu bản làng
hina mi dua tec-ne	con cá đã bán một người mẹ
brah brah puon liem om	khu rừng nấu bốn khu rừng đẹp
rong kon prong ngui-ma	cái nhà không làm đứa trẻ to
ybhok krao tec-ne	Y Bhôk đã bán con trâu
brah bnam cha	khu rừng ăn ngọn núi
ako rong-tao ei-ma	con chó không cho những cái nhà
brah bnam gu	khu rừng bắt ngọn núi
brah pa ntik hlao-ma	khu rừng không tìm người cha nhỏ
bnam pa-tao nhu	ngọn núi uống những người cha
dak pang-tao nhu	dòng sông uống những cái nồi
bok rong-tao ei	người thầy cho những cái nhà
pang rong krah ngui-ne	cái nồi đã làm cái nhà cũ
ako hina tec-ne	con chó đã bán con cá
pa pa puon mahe tec	người cha bán bốn người cha mới
miu bok poh tec	con mèo bán năm người thầy
hina hina tuk	con cá mang con cá
rong padi liem nhu	cái nhà uống cây lúa đẹp
ako pang ei	con chó cho cái nồi
brah ako krah ngui	khu rừng làm con chó cũ
ybhok plei krah tuk	Y Bhôk mang bản làng cũ
kata krao-tao hmang	con gà thấy những con trâu
ykrong krao om	Y Krông nấu con trâu
ykrong hina hmang	Y Krông thấy con cá
pa bnam krah cha-ne	người cha đã ăn ngọn núi cũ
mi bnam pei hmang-ne-ma	người mẹ đã không thấy ba ngọn núi
hina rong mahe nhu	con cá uống cái nhà mới
kata kata pei hlao	con gà tìm ba con gà
ykrong kon bar mahe hmang	Y Krông thấy hai đứa trẻ mới
hnga mi prong hmang	H'Nga thấy người mẹ to
kata padi hmang-ne	con gà đã thấy cây lúa
ykrong padi puon hlao	Y Krông tìm bốn cây lúa
bnam bnam puon tec-ne	ngọn núi đã bán bốn ngọn núi
bok padi puon hlao-ne	người thầy đã tìm bốn cây lúa
kata padi tec-ne	con gà đã bán cây lúa
bnam ako-tao liem ngui	ngọn núi làm những con chó đẹp
hnga bnam pei krah tec	H'Nga bán ba ngọn núi cũ
plei dak tec-ne	bản làng đã bán dòng sông
krao hina hlao-ne	con trâu đã tìm con cá
pang mi mahe ngui	cái nồi làm người mẹ mới
hrin bok mahe om	H'Rin nấu người thầy mới
hina hina ngui-ne	con cá đã làm con cá
hina kon pei om	con cá nấu ba đứa trẻ
hnga rong poh hmang	H'Nga thấy năm cái nhà
plei kata om	bản làng nấu con gà
hnga pang liem ngui	H'Nga làm cái nồi đẹp
padi miu poh cha	cây lúa ăn năm con mèo
plei kon ngui	bản làng làm đứa trẻ
pang plei mahe hmang-ne	cái nồi đã thấy bản làng mới
hrin plei om-ne-ma	H'Rin đã không nấu bản làng
pa miu-tao tuk-ma	người cha không mang những con mèo
krao miu ngui	con trâu làm con mèo
hrin padi mahe hlao-ne	H'Rin đã tìm cây lúa mới
hnga rong-tao ei	H'Nga cho những cái nhà
dak kon hlao	dòng sông tìm đứa trẻ
hling dak hmang-ne	H'Linh đã thấy dòng sông
ybhok pa ei-ne	Y Bhôk đã cho người cha
hina miu ntik om-ne	con cá đã nấu con mèo nhỏ
hrin brah poh tuk-ne	H'Rin đã mang năm khu rừng
yson ako poh nhu	Y Sơn uống năm con chó
pang miu mahe tec	cái nồi bán con mèo mới
yson brah hmang	Y Sơn thấy khu rừng
mi brah mahe ei-ne	người mẹ đã cho khu rừng mới
plei plei hmang-ne	bản làng đã thấy bản làng
bnam plei nhu-ne	ngọn núi đã uống bản làng
padi rong hmang-ne	cây lúa đã thấy cái nhà
hrin kon nhu-ne-ma	H'Rin đã không uống đứa trẻ
ybhok plei ei-ma	Y Bhôk không cho bản làng
miu miu-tao ntik gu-ne-ma	con mèo đã không bắt những con mèo nhỏ
hnga mi bar mahe tec	H'Nga bán hai người mẹ mới
krao bok tec	con trâu bán người thầy
yson kata mahe hlao-ne	Y Sơn đã tìm con gà mới
ako kon cha	con chó ăn đứa trẻ
kata rong-tao tuk	con gà mang những cái nhà
dak bnam nhu	dòng sông uống ngọn núi
hrin dak om	H'Rin nấu dòng sông
rong hina liem cha-ne	cái nhà đã ăn con cá đẹp
dak bok gu-ne	dòng sông đã bắt người thầy
kon dak hmang-ne	đứa trẻ đã thấy dòng sông
rong kon ntik cha-ne	cái nhà đã ăn đứa trẻ nhỏ
hnga pang nhu-ne	H'Nga đã uống cái nồi
hrin pa-tao hmang-ne	H'Rin đã thấy những người cha
rong bok hmang-ma	cái nhà không thấy người thầy
kon hina prong tec-ne	đứa trẻ đã bán con cá to
ako pa-tao prong hlao	con chó tìm những người cha to
hina kon om-ne-ma	con cá đã không nấu đứa trẻ
ybhok rong dua nhu	Y Bhôk uống một cái nhà
ako pa nhu	con chó uống người cha
krao bok-tao ei-ne	con trâu đã cho những người thầy
ybhok rong om-ne-ma	Y Bhôk đã không nấu cái nhà
ykrong pa hmang	Y Krông thấy người cha
kata rong ngui	con gà làm cái nhà
bok ako ntik hmang	người thầy thấy con chó nhỏ
pang bok pei hmang	cái nồi thấy ba người thầy
kon mi om	đứa trẻ nấu người mẹ
miu padi ei-ne-ma	con mèo đã không cho cây lúa
krao krao pei hmang-ma	con trâu không thấy ba con trâu
miu kata-tao nhu	con mèo uống những con gà
yson miu poh krah ngui	Y Sơn làm năm con mèo cũ
ykrong krao-tao tuk-ne	Y Krông đã mang những con trâu
ako miu-tao cha-ne	con chó đã ăn những con mèo
pang bok pei liem hmang-ne	cái nồi đã thấy ba người thầy đẹp
kata bnam liem hlao-ne	con gà đã tìm ngọn núi đẹp
hina rong pei gu	con cá bắt ba cái nhà
kata pang hlao-ne	con gà đã tìm cái nồi
krao krao dua ngui	con trâu làm một con trâu
hrin kon-tao krah tuk-ne	H'Rin đã mang những đứa trẻ cũ
padi miu bar mahe om	cây lúa nấu hai con mèo mới
hling dak pei hmang	H'Linh thấy ba dòng sông
bok brah krah cha	người thầy ăn khu rừng cũ
hrin kata ei-ma	H'Rin không cho con gà
hling pa dua hmang-ne	H'Linh đã thấy một người cha
rong mi pei ntik ei-ne	cái nhà đã cho ba người mẹ nhỏ
ako kata-tao cha	con chó ăn những con gà
hnga padi hlao	H'Nga tìm cây lúa
krao kon-tao ntik hlao	con trâu tìm những đứa trẻ nhỏ
hnga rong poh krah ei	H'Nga cho năm cái nhà cũ
rong padi-tao hlao	cái nhà tìm những cây lúa
bok plei liem om-ne	người thầy đã nấu bản làng đẹp
hnga pang ei	H'Nga cho cái nồi
hina brah liem ngui-ma	con cá không làm khu rừng đẹp
miu rong-tao cha	con mèo ăn những cái nhà
bnam pang dua hmang	ngọn núi thấy một cái nồi
hling hina ntik ngui-ma	H'Linh không làm con cá nhỏ
krao pa liem gu-ne	con trâu đã bắt người cha đẹp
kon hina hlao	đứa trẻ tìm con cá
ako dak bar krah ei	con chó cho hai dòng sông cũ
krao plei-tao om	con trâu nấu những bản làng
rong plei pei tuk	cái nhà mang ba bản làng
hina bnam tuk	con cá mang ngọn núi
mi kata ntik ngui-ne	người mẹ đã làm con gà nhỏ
bnam hina prong hlao	ngọn núi tìm con cá to
hnga miu liem ei-ne	H'Nga đã cho con mèo đẹp
hling kon-tao hlao-ma	H'Linh không tìm những đứa trẻ
ako hina liem ngui-ma	con chó không làm con cá đẹp
kon brah prong hlao	đứa trẻ tìm khu rừng to
hrin miu ntik gu-ne	H'Rin đã bắt con mèo nhỏ
ybhok pang liem ei	Y Bhôk cho cái nồi đẹp
bok pa-tao cha	người thầy ăn những người cha
hina pa dua prong tuk	con cá mang một người cha to
krao krao hmang	con trâu thấy con trâu
krao dak ntik hmang-ma	con trâu không thấy dòng sông nhỏ
pa hina mahe tuk	người cha mang con cá mới
rong padi ntik hmang	cái nhà thấy cây lúa nhỏ
miu pang puon mahe cha-ne	con mèo đã ăn bốn cái nồi mới
kon padi gu	đứa trẻ bắt cây lúa
hrin ako-tao tuk	H'Rin mang những con chó
dak rong cha	dòng sông ăn cái nhà
plei pang mahe hlao-ma	bản làng không tìm cái nồi mới
hina padi pei liem ei-ne	con cá đã cho ba cây lúa đẹp
pa padi hlao	người cha tìm cây lúa
hrin pang tec	H'Rin bán cái nồi
hnga pang poh nhu	H'Nga uống năm cái nồi
ybhok brah poh ei-ne	Y Bhôk đã cho năm khu rừng
plei mi puon krah tec	bản làng bán bốn người mẹ cũ
pang plei dua om-ma	cái nồi không nấu một bản làng
hrin kon dua ngui-ne-ma	H'Rin đã không làm một đứa trẻ
bok pang-tao ntik ei	người thầy cho những cái nồi nhỏ
yson rong poh cha	Y Sơn ăn năm cái nhà
plei dak puon prong tec-ma	bản làng không bán bốn dòng sông to
rong kon tec	cái nhà bán đứa trẻ
miu kata-tao tec	con mèo bán những con gà
ako pang pei mahe tuk	con chó mang ba cái nồi mới
plei pang-tao krah hlao	bản làng tìm những cái nồi cũ
kon brah gu-ma	đứa trẻ không bắt khu rừng
kata padi-tao hmang-ma	con gà không thấy những cây lúa
kon padi dua prong tec-ne	đứa trẻ đã bán một cây lúa to
rong padi prong hmang	cái nhà thấy cây lúa to
pang kon mahe tuk-ne	cái nồi đã mang đứa trẻ mới
kon kata tec-ne	đứa trẻ đã bán con gà
kon kon hmang-ne-ma	đứa trẻ đã không thấy đứa trẻ
hling pa nhu-ne	H'Linh đã uống người cha
ybhok rong-tao ei-ne	Y Bhôk đã cho những cái nhà
hrin bok dua tec-ma	H'Rin không bán một người thầy
kon bnam gu-ne	đứa trẻ đã bắt ngọn núi
dak plei hmang	dòng sông thấy bản làng
ako kon dua ngui	con chó làm một đứa trẻ
ako pang krah cha-ne	con chó đã ăn cái nồi cũ
kon kon ngui	đứa trẻ làm đứa trẻ
miu rong ei-ne	con mèo đã cho cái nhà
pa brah gu-ne	người cha đã bắt khu rừng
hina rong ntik tec-ne	con cá đã bán cái nhà nhỏ
kon bok liem tec	đứa trẻ bán người thầy đẹp
kon plei bar gu-ne-ma	đứa trẻ đã không bắt hai bản làng
padi padi mahe gu	cây lúa bắt cây lúa mới
hrin bnam-tao om	H'Rin nấu những ngọn núi
pang miu pei hmang-ne	cái nồi đã thấy ba con mèo
padi bnam poh hmang	cây lúa thấy năm ngọn núi
hnga bok hmang	H'Nga thấy người thầy
kon kon mahe ei-ne	đứa trẻ đã cho đứa trẻ mới
hling rong puon ei-ne	H'Linh đã cho bốn cái nhà
ako bnam hmang-ne	con chó đã thấy ngọn núi
mi bnam hlao	người mẹ tìm ngọn núi
plei rong cha-ne	bản làng đã ăn cái nhà
ako ako prong nhu-ma	con chó không uống con chó to
hina dak-tao krah gu	con cá bắt những dòng sông cũ
bok bnam bar ntik gu	người thầy bắt hai ngọn núi nhỏ
padi hina-tao hmang	cây lúa thấy những con cá
dak bok poh liem om-ma	dòng sông không nấu năm người thầy đẹp
hrin hina-tao om	H'Rin nấu những con cá
kon kon hmang	đứa trẻ thấy đứa trẻ
hnga bnam nhu	H'Nga uống ngọn núi
hina krao poh ngui	con cá làm năm con trâu
padi krao prong om-ne	cây lúa đã nấu con trâu to
kata mi bar nhu-ma	con gà không uống hai người mẹ
hrin rong-tao prong cha-ne	H'Rin đã ăn những cái nhà to
ykrong padi gu	Y Krông bắt cây lúa
rong krao-tao tec-ne	cái nhà đã bán những con trâu
rong krao prong om-ma	cái nhà không nấu con trâu to
miu rong-tao hmang-ma	con mèo không thấy những cái nhà
kata pa puon krah tuk-ma	con gà không mang bốn người cha cũ
hnga brah-tao krah ngui	H'Nga làm những khu rừng cũ
hina bok mahe ei-ne	con cá đã cho người thầy mới
dak dak mahe cha	dòng sông ăn dòng sông mới
mi krao tuk	người mẹ mang con trâu
ybhok pang ngui	Y Bhôk làm cái nồi
hrin kon prong cha	H'Rin ăn đứa trẻ to
ykrong dak ngui	Y Krông làm dòng sông
ako bnam puon hlao	con chó tìm bốn ngọn núi
kon dak gu	đứa trẻ bắt dòng sông
hrin kon-tao nhu-ne	H'Rin đã uống những đứa trẻ
padi kon-tao liem hlao-ne	cây lúa đã tìm những đứa trẻ đẹp
bnam krao bar tuk	ngọn núi mang hai con trâu
hling rong krah gu-ma	H'Linh không bắt cái nhà cũ
hnga miu hlao-ma	H'Nga không tìm con mèo
plei kon prong nhu	bản làng uống đứa trẻ to
bnam miu tec	ngọn núi bán con mèo
bnam dak ei-ma	ngọn núi không cho dòng sông
padi krao bar prong gu-ma	cây lúa không bắt hai con trâu to
dak hina-tao liem gu	dòng sông bắt những con cá đẹp
padi hina puon krah hmang	cây lúa thấy bốn con cá cũ
hnga pang tuk	H'Nga mang cái nồi
hnga kata bar ei	H'Nga cho hai con gà
hling padi liem cha-ne-ma	H'Linh đã không ăn cây lúa đẹp
hina pang ntik cha-ma	con cá không ăn cái nồi nhỏ
krao brah-tao om	con trâu nấu những khu rừng
ybhok ako-tao mahe nhu	Y Bhôk uống những con chó mới
mi plei prong om	người mẹ nấu bản làng to
ako brah poh cha	con chó ăn năm khu rừng
bok plei prong hlao	người thầy tìm bản làng to
bnam krao dua krah ngui-ne	ngọn núi đã làm một con trâu cũ
hnga padi-tao cha-ne	H'Nga đã ăn những cây lúa
bok bnam bar ei	người thầy cho hai ngọn núi
kata kata ngui	con gà làm con gà
plei mi bar prong cha	bản làng ăn hai người mẹ to
yson hina ei	Y Sơn cho con cá
hnga bnam-tao prong tuk	H'Nga mang những ngọn núi to
ykrong bnam gu	Y Krông bắt ngọn núi
kon rong poh nhu-ne	đứa trẻ đã uống năm cái nhà
mi bnam-tao hmang	người mẹ thấy những ngọn núi
kon plei cha	đứa trẻ ăn bản làng
yson kata dua prong gu-ne-ma	Y Sơn đã không bắt một con gà to
ybhok kon-tao krah gu-ne	Y Bhôk đã bắt những đứa trẻ cũ
bnam bnam om-ma	ngọn núi không nấu ngọn núi
ako hina tec	con chó bán con cá
hling rong-tao gu	H'Linh bắt những cái nhà
miu brah-tao prong om-ne	con mèo đã nấu những khu rừng to
hling brah ntik hmang-ne	H'Linh đã thấy khu rừng nhỏ
brah bok dua nhu-ne	khu rừng đã uống một người thầy
pa rong bar mahe tuk-ne	người cha đã mang hai cái nhà mới
pa padi-tao krah hlao-ne	người cha đã tìm những cây lúa cũ
dak pa hmang-ne-ma	dòng sông đã không thấy người cha
ybhok padi dua liem hmang-ne	Y Bhôk đã thấy một cây lúa đẹp
mi mi puon gu	người mẹ bắt bốn người mẹ
krao bnam tec	con trâu bán ngọn núi
kata mi om	con gà nấu người mẹ
yson pang-tao hmang-ne	Y Sơn đã thấy những cái nồi
mi plei-tao ei-ne-ma	người mẹ đã không cho những bản làng
bok bok ei-ma	người thầy không cho người thầy
ybhok hina-tao liem om	Y Bhôk nấu những con cá đẹp
ybhok pang bar om	Y Bhôk nấu hai cái nồi
bok pang tec-ma	người thầy không bán cái nồi
hling kata om	H'Linh nấu con gà
ybhok kata ngui-ma	Y Bhôk không làm con gà
rong pang prong tuk-ne	cái nhà đã mang cái nồi to
rong brah mahe tec-ne-ma	cái nhà đã không bán khu rừng mới
dak pa-tao om-ne	dòng sông đã nấu những người cha
rong brah ngui-ne	cái nhà đã làm khu rừng
kata pang liem hlao	con gà tìm cái nồi đẹp
mi plei tuk	người mẹ mang bản làng
yson ako-tao prong ngui-ne	Y Sơn đã làm những con chó to
mi dak tuk	người mẹ mang dòng sông
hrin kon puon hmang	H'Rin thấy bốn đứa trẻ
hnga hina-tao mahe ngui-ne-ma	H'Nga đã không làm những con cá mới
hnga kon gu-ne	H'Nga đã bắt đứa trẻ
mi bok-tao ei	người mẹ cho những người thầy
yson dak bar hlao	Y Sơn tìm hai dòng sông
krao miu bar gu	con trâu bắt hai con mèo
krao dak ntik hmang	con trâu thấy dòng sông nhỏ
pa bok prong om	người cha nấu người thầy to
hina krao mahe hlao-ma	con cá không tìm con trâu mới
bok bnam ei-ma	người thầy không cho ngọn núi
hina padi-tao gu-ne	con cá đã bắt những cây lúa
hnga hina-tao hmang	H'Nga thấy những con cá
krao pang bar krah ei	con trâu cho hai cái nồi cũ
ybhok hina hlao	Y Bhôk tìm con cá
plei rong dua tuk-ne	bản làng đã mang một cái nhà
krao mi om-ne	con trâu đã nấu người mẹ
yson pang ei	Y Sơn cho cái nồi
hina dak gu-ne	con cá đã bắt dòng sông
hling miu prong tec-ne	H'Linh đã bán con mèo to
yson pa pei hlao	Y Sơn tìm ba người cha
hnga padi hlao-ma	H'Nga không tìm cây lúa
bok kon gu	người thầy bắt đứa trẻ
ykrong bok mahe ei	Y Krông cho người thầy mới
yson bnam nhu-ne	Y Sơn đã uống ngọn núi
yson kata bar om	Y Sơn nấu hai con gà
hling pang-tao prong nhu-ne-ma	H'Linh đã không uống những cái nồi to
ako rong hlao-ne	con chó đã tìm cái nhà
pang krao pei om	cái nồi nấu ba con trâu
yson bok krah cha-ma	Y Sơn không ăn người thầy cũ
hnga dak liem ngui-ne-ma	H'Nga đã không làm dòng sông đẹp
kon brah poh hlao-ne	đứa trẻ đã tìm năm khu rừng
miu kata-tao ntik gu-ma	con mèo không bắt những con gà nhỏ
dak plei poh ntik nhu-ne	dòng sông đã uống năm bản làng nhỏ
rong pa nhu	cái nhà uống người cha
hling kon liem gu	H'Linh bắt đứa trẻ đẹp
padi ako cha-ne	cây lúa đã ăn con chó
yson mi gu	Y Sơn bắt người mẹ
hnga rong liem tec-ma	H'Nga không bán cái nhà đẹp
hrin dak liem hlao-ne-ma	H'Rin đã không tìm dòng sông đẹp
ybhok padi-tao gu	Y Bhôk bắt những cây lúa
hnga kata bar om-ne	H'Nga đã nấu hai con gà
hrin hina ntik ngui-ma	H'Rin không làm con cá nhỏ
miu brah ngui	con mèo làm khu rừng
padi kon om-ne	cây lúa đã nấu đứa trẻ
ybhok ako ngui	Y Bhôk làm con chó
ykrong pa tec-ne-ma	Y Krông đã không bán người cha
miu brah-tao hlao-ne-ma	con mèo đã không tìm những khu rừng
pa kon-tao ngui	người cha làm những đứa trẻ
hrin krao puon tec-ne	H'Rin đã bán bốn con trâu
bok krao pei liem hmang-ne	người thầy đã thấy ba con trâu đẹp
ybhok bok liem cha-ne-ma	Y Bhôk đã không ăn người thầy đẹp
padi pang prong ei	cây lúa cho cái nồi to
hling padi bar hmang-ne	H'Linh đã thấy hai cây lúa
hnga miu ei-ne	H'Nga đã cho con mèo
kon pang poh tuk	đứa trẻ mang năm cái nồi
miu pa pei cha	con mèo ăn ba người cha
rong brah puon liem hmang	cái nhà thấy bốn khu rừng đẹp
mi bok pei prong ngui	người mẹ làm ba người thầy to
bok kata dua tec	người thầy bán một con gà
pang brah tuk-ne	cái nồi đã mang khu rừng
krao krao-tao krah om-ne	con trâu đã nấu những con trâu cũ
kon krao dua hmang-ne-ma	đứa trẻ đã không thấy một con trâu
hling pa ntik cha	H'Linh ăn người cha nhỏ
pang ako-tao ntik nhu	cái nồi uống những con chó nhỏ
hina miu dua liem hlao-ma	con cá không tìm một con mèo đẹp
ybhok kon gu	Y Bhôk bắt đứa trẻ
yson pang puon cha	Y Sơn ăn bốn cái nồi
rong bnam bar krah tec	cái nhà bán hai ngọn núi cũ
hnga rong dua cha	H'Nga ăn một cái nhà
hnga padi puon tuk	H'Nga mang bốn cây lúa
ybhok bnam poh tec	Y Bhôk bán năm ngọn núi
hrin pa liem ngui-ne-ma	H'Rin đã không làm người cha đẹp
brah brah gu	khu rừng bắt khu rừng
yson miu pei prong hmang-ne	Y Sơn đã thấy ba con mèo to
ako bnam bar om-ne	con chó đã nấu hai ngọn núi
hling miu poh mahe hlao	H'Linh tìm năm con mèo mới
bok rong tuk-ne	người thầy đã mang cái nhà
hnga padi dua nhu	H'Nga uống một cây lúa
krao ako liem hmang-ne-ma	con trâu đã không thấy con chó đẹp
hling ako poh om	H'Linh nấu năm con chó
pa pang pei gu	người cha bắt ba cái nồi
bok ako hlao-ma	người thầy không tìm con chó
hrin dak mahe tuk	H'Rin mang dòng sông mới
padi hina-tao hlao-ne	cây lúa đã tìm những con cá
kon miu om-ne	đứa trẻ đã nấu con mèo
ykrong dak prong nhu-ne	Y Krông đã uống dòng sông to
hling miu mahe om-ne	H'Linh đã nấu con mèo mới
ybhok hina hmang	Y Bhôk thấy con cá
hina krao-tao prong om	con cá nấu những con trâu to
brah brah-tao nhu-ma	khu rừng không uống những khu rừng
rong rong-tao liem cha	cái nhà ăn những cái nhà đẹp
pang dak tec-ne	cái nồi đã bán dòng sông
yson miu bar krah cha	Y Sơn ăn hai con mèo cũ
ako rong puon nhu	con chó uống bốn cái nhà
ybhok kon cha-ma	Y Bhôk không ăn đứa trẻ
rong miu hmang-ne	cái nhà đã thấy con mèo
pang dak prong ei-ne-ma	cái nồi đã không cho dòng sông to
krao mi prong tec	con trâu bán người mẹ to
pa padi puon cha-ne-ma	người cha đã không ăn bốn cây lúa
miu hina ei-ne	con mèo đã cho con cá
padi krao-tao prong om-ne	cây lúa đã nấu những con trâu to
hnga hina-tao krah hlao-ne	H'Nga đã tìm những con cá cũ
pang pa-tao ntik tuk-ne-ma	cái nồi đã không mang những người cha nhỏ
kon krao prong tec-ma	đứa trẻ không bán con trâu to
yson krao tuk-ne	Y Sơn đã mang con trâu
ykrong ako-tao prong nhu	Y Krông uống những con chó to
dak kata pei ngui	dòng sông làm ba con gà
ybhok kon-tao tec-ma	Y Bhôk không bán những đứa trẻ
hnga bnam prong cha-ne	H'Nga đã ăn ngọn núi to
plei kata prong cha-ne-ma	bản làng đã không ăn con gà to
miu dak bar tec-ne	con mèo đã bán hai dòng sông
miu kon prong gu-ne	con mèo đã bắt đứa trẻ to
ykrong plei nhu	Y Krông uống bản làng
kon padi tec-ne	đứa trẻ đã bán cây lúa
plei brah tuk	bản làng mang khu rừng
mi pa tec-ne-ma	người mẹ đã không bán người cha
hina brah pei tec	con cá bán ba khu rừng
krao kata prong gu-ne	con trâu đã bắt con gà to
ybhok hina bar hlao-ne-ma	Y Bhôk đã không tìm hai con cá
ako pa tec-ne	con chó đã bán người cha
kon kata-tao liem tuk	đứa trẻ mang những con gà đẹp
hling pa hlao-ma	H'Linh không tìm người cha
ybhok bok bar krah hmang	Y Bhôk thấy hai người thầy cũ
bok ako-tao prong gu	người thầy bắt những con chó to
ybhok mi prong om	Y Bhôk nấu người mẹ to
hina brah om-ne-ma	con cá đã không nấu khu rừng
brah kata ntik tec-ne	khu rừng đã bán con gà nhỏ
ybhok miu ei	Y Bhôk cho con mèo
ako mi-tao gu	con chó bắt những người mẹ
pang mi dua ntik gu	cái nồi bắt một người mẹ nhỏ
pa hina puon prong hlao-ne	người cha đã tìm bốn con cá to
bnam kata liem cha	ngọn núi ăn con gà đẹp
ybhok pa om	Y Bhôk nấu người cha
bnam ako om-ne	ngọn núi đã nấu con chó
mi bok cha-ne	người mẹ đã ăn người thầy
rong plei prong cha-ne	cái nhà đã ăn bản làng to
hling kata poh om	H'Linh nấu năm con gà
rong kon prong nhu-ma	cái nhà không uống đứa trẻ to
hnga bok ngui-ne	H'Nga đã làm người thầy
yson kata prong nhu	Y Sơn uống con gà to
dak plei gu-ne	dòng sông đã bắt bản làng
pang padi ntik cha-ne	cái nồi đã ăn cây lúa nhỏ
hling dak om	H'Linh nấu dòng sông
bok dak tuk-ne	người thầy đã mang dòng sông
yson miu pei ei-ne	Y Sơn đã cho ba con mèo
hling plei ngui	H'Linh làm bản làng
padi hina tuk-ne	cây lúa đã mang con cá
dak padi tuk-ne-ma	dòng sông đã không mang cây lúa
yson mi tec	Y Sơn bán người mẹ
kata pa hlao-ne	con gà đã tìm người cha
ybhok kata tuk-ne	Y Bhôk đã mang con gà
padi ako-tao gu-ne	cây lúa đã bắt những con chó
hina pang krah ngui	con cá làm cái nồi cũ
padi pang tec-ne	cây lúa đã bán cái nồi
dak miu-tao hlao	dòng sông tìm những con mèo
yson padi ntik ngui	Y Sơn làm cây lúa nhỏ
miu dak-tao mahe gu-ne-ma	con mèo đã không bắt những dòng sông mới
dak hina-tao liem nhu-ne	dòng sông đã uống những con cá đẹp
plei ako prong nhu-ne	bản làng đã uống con chó to
yson dak hmang	Y Sơn thấy dòng sông
hling mi liem ngui-ne	H'Linh đã làm người mẹ đẹp
krao pa om-ne	con trâu đã nấu người cha
pa brah ntik tec-ne-ma	người cha đã không bán khu rừng nhỏ
hling hina dua tuk	H'Linh mang một con cá
hrin brah cha-ne-ma	H'Rin đã không ăn khu rừng
ybhok bnam ngui-ne	Y Bhôk đã làm ngọn núi
kon kon om	đứa trẻ nấu đứa trẻ
rong bnam hlao-ma	cái nhà không tìm ngọn núi
ybhok brah puon mahe hlao-ma	Y Bhôk không tìm bốn khu rừng mới
padi padi cha	cây lúa ăn cây lúa
krao rong prong tuk	con trâu mang cái nhà to
miu padi-tao ei-ne	con mèo đã cho những cây lúa
ako hina cha-ne	con chó đã ăn con cá
ykrong pa poh tuk-ma	Y Krông không mang năm người cha
hnga hina prong cha	H'Nga ăn con cá to
ykrong mi ngui-ne	Y Krông đã làm người mẹ
mi bok pei nhu-ne-ma	người mẹ đã không uống ba người thầy
pang ako mahe cha	cái nồi ăn con chó mới
bnam bok-tao nhu-ne	ngọn núi đã uống những người thầy
pa miu nhu-ma	người cha không uống con mèo
ybhok bok ei	Y Bhôk cho người thầy
plei pa ngui-ne	bản làng đã làm người cha
hrin bnam hmang	H'Rin thấy ngọn núi
kata miu poh cha	con gà ăn năm con mèo
hina mi-tao om-ne	con cá đã nấu những người mẹ
dak miu poh cha-ne	dòng sông đã ăn năm con mèo
pang mi ei	cái nồi cho người mẹ
miu bnam ngui	con mèo làm ngọn núi
hling kon ei-ne	H'Linh đã cho đứa trẻ
kata hina puon hlao-ne	con gà đã tìm bốn con cá
krao pang-tao prong om	con trâu nấu những cái nồi to
hnga dak-tao tuk	H'Nga mang những dòng sông
mi brah om-ne	người mẹ đã nấu khu rừng
hnga krao-tao tuk	H'Nga mang những con trâu
hling hina-tao nhu-ne	H'Linh đã uống những con cá
hling ako gu-ma	H'Linh không bắt con chó
bok bnam-tao om	người thầy nấu những ngọn núi
ykrong bnam tec-ne	Y Krông đã bán ngọn núi
hnga ako-tao gu-ne	H'Nga đã bắt những con chó
hling rong-tao prong ei	H'Linh cho những cái nhà to
rong plei cha-ne	cái nhà đã ăn bản làng
dak brah-tao hlao	dòng sông tìm những khu rừng
ybhok bok nhu-ma	Y Bhôk không uống người thầy
bok hina cha-ne-ma	người thầy đã không ăn con cá
rong pang puon om	cái nhà nấu bốn cái nồi
pang mi bar ngui-ne	cái nồi đã làm hai người mẹ
ybhok mi hlao	Y Bhôk tìm người mẹ
bok hina cha-ma	người thầy không ăn con cá
bok ako poh om-ma	người thầy không nấu năm con chó
kon dak ngui-ma	đứa trẻ không làm dòng sông
hling brah pei ntik nhu	H'Linh uống ba khu rừng nhỏ
brah pa-tao hmang	khu rừng thấy những người cha
dak plei liem tuk	dòng sông mang bản làng đẹp
ako brah-tao ngui-ne-ma	con chó đã không làm những khu rừng
yson hina gu-ne	Y Sơn đã bắt con cá
plei pang pei krah ei	bản làng cho ba cái nồi cũ
padi bnam poh liem gu	cây lúa bắt năm ngọn núi đẹp
hina pa cha-ne	con cá đã ăn người cha
rong kata ei-ne	cái nhà đã cho con gà
ybhok bnam bar gu-ne	Y Bhôk đã bắt hai ngọn núi
hling miu cha-ne	H'Linh đã ăn con mèo
miu mi-tao gu-ma	con mèo không bắt những người mẹ
ykrong pa om	Y Krông nấu người cha
mi bok om	người mẹ nấu người thầy
brah pa bar ngui-ne	khu rừng đã làm hai người cha
hina miu ngui-ne	con cá đã làm con mèo
miu miu tuk-ne-ma	con mèo đã không mang con mèo
kon miu pei om-ne	đứa trẻ đã nấu ba con mèo
yson padi liem cha	Y Sơn ăn cây lúa đẹp
hina miu prong ei-ne	con cá đã cho con mèo to
dak brah mahe gu-ne	dòng sông đã bắt khu rừng mới
kata pa bar gu-ne	con gà đã bắt hai người cha
bnam rong-tao krah cha-ne	ngọn núi đã ăn những cái nhà cũ
miu ako-tao ngui	con mèo làm những con chó
bok krao-tao nhu	người thầy uống những con trâu
ykrong kon liem ngui	Y Krông làm đứa trẻ đẹp
ykrong kata ei	Y Krông cho con gà
kon miu prong hmang-ne	đứa trẻ đã thấy con mèo to
brah plei hmang	khu rừng thấy bản làng
kata padi tec	con gà bán cây lúa
hina rong om-ma	con cá không nấu cái nhà
ykrong brah nhu-ne	Y Krông đã uống khu rừng
ykrong padi krah hmang-ne	Y Krông đã thấy cây lúa cũ
ako kata tec-ne	con chó đã bán con gà
krao plei ei	con trâu cho bản làng
pa miu tec	người cha bán con mèo
ybhok ako cha-ne	Y Bhôk đã ăn con chó
miu ako-tao tec	con mèo bán những con chó
brah ako hlao-ne	khu rừng đã tìm con chó
bok miu ngui	người thầy làm con mèo
ykrong pang-tao cha	Y Krông ăn những cái nồi
pang bnam-tao om	cái nồi nấu những ngọn núi
miu plei ngui-ma	con mèo không làm bản làng
hling pa dua hmang	H'Linh thấy một người cha
pa kon-tao mahe ngui-ne	người cha đã làm những đứa trẻ mới
ako brah ngui-ne	con chó đã làm khu rừng
padi pang-tao hmang	cây lúa thấy những cái nồi
hina bnam-tao krah hlao-ma	con cá không tìm những ngọn núi cũ
plei miu ntik gu	bản làng bắt con mèo nhỏ
ykrong pang-tao om-ne	Y Krông đã nấu những cái nồi
hina dak-tao ei-ma	con cá không cho những dòng sông
ykrong bnam puon tuk-ne	Y Krông đã mang bốn ngọn núi
pang plei-tao gu	cái nồi bắt những bản làng
kon mi-tao prong tuk	đứa trẻ mang những người mẹ to
brah kata nhu	khu rừng uống con gà
hling bok hmang-ma	H'Linh không thấy người thầy
ykrong miu liem ngui	Y Krông làm con mèo đẹp
hling bnam mahe gu	H'Linh bắt ngọn núi mới
pang bok om	cái nồi nấu người thầy
miu bnam-tao ngui	con mèo làm những ngọn núi
pang krao cha-ne	cái nồi đã ăn con trâu
brah krao poh hlao	khu rừng tìm năm con trâu
yson rong poh hmang-ne	Y Sơn đã thấy năm cái nhà
yson miu-tao hmang-ne	Y Sơn đã thấy những con mèo
pa brah pei om-ne	người cha đã nấu ba khu rừng
kata padi hmang	con gà thấy cây lúa
kon mi-tao tuk	đứa trẻ mang những người mẹ
hina plei puon gu-ne	con cá đã bắt bốn bản làng
bnam krao liem tec	ngọn núi bán con trâu đẹp
hina dak ntik ngui-ne-ma	con cá đã không làm dòng sông nhỏ
mi miu pei prong nhu	người mẹ uống ba con mèo to
kon hina-tao liem om-ne	đứa trẻ đã nấu những con cá đẹp
brah pang prong gu-ne-ma	khu rừng đã không bắt cái nồi to
hling kata-tao nhu	H'Linh uống những con gà
rong ako tuk-ne	cái nhà đã mang con chó
ybhok pa pei mahe hmang-ma	Y Bhôk không thấy ba người cha mới
bnam dak-tao nhu	ngọn núi uống những dòng sông
bnam bok puon ngui	ngọn núi làm bốn người thầy
hling rong-tao om	H'Linh nấu những cái nhà
kata brah-tao hmang-ne	con gà đã thấy những khu rừng
bok rong pei krah ngui	người thầy làm ba cái nhà cũ
bok hina ngui-ne	người thầy đã làm con cá
hling pang-tao mahe cha	H'Linh ăn những cái nồi mới
bnam hina-tao hlao-ne	ngọn núi đã tìm những con cá
pang hina-tao krah ngui	cái nồi làm những con cá cũ
hrin rong prong tec	H'Rin bán cái nhà to
rong mi prong gu	cái nhà bắt người mẹ to
plei kata hmang-ma	bản làng không thấy con gà
padi kata ntik ngui	cây lúa làm con gà nhỏ
bnam padi liem gu	ngọn núi bắt cây lúa đẹp
yson hina cha-ma	Y Sơn không ăn con cá
rong plei-tao prong tec-ne	cái nhà đã bán những bản làng to
hrin bnam-tao prong om	H'Rin nấu những ngọn núi to
hnga padi puon hmang-ne	H'Nga đã thấy bốn cây lúa
brah miu-tao mahe cha	khu rừng ăn những con mèo mới
hrin kata liem ei	H'Rin cho con gà đẹp
yson plei tec	Y Sơn bán bản làng
miu bok cha	con mèo ăn người thầy
pang kon nhu-ne	cái nồi đã uống đứa trẻ
plei miu dua liem hlao	bản làng tìm một con mèo đẹp
miu bok liem om-ne-ma	con mèo đã không nấu người thầy đẹp
hling brah liem gu	H'Linh bắt khu rừng đẹp
pa padi hmang	người cha thấy cây lúa
ykrong dak poh liem cha	Y Krông ăn năm dòng sông đẹp
hrin kon tuk	H'Rin mang đứa trẻ
pa bnam-tao ngui	người cha làm những ngọn núi
kon dak hlao	đứa trẻ tìm dòng sông
ybhok plei ntik ngui-ma	Y Bhôk không làm bản làng nhỏ
padi kon dua cha	cây lúa ăn một đứa trẻ
krao hina nhu	con trâu uống con cá
ybhok krao hlao	Y Bhôk tìm con trâu
rong dak ngui-ne	cái nhà đã làm dòng sông
rong hina poh krah ngui-ne	cái nhà đã làm năm con cá cũ
ybhok kata gu-ne	Y Bhôk đã bắt con gà
pang padi gu-ne	cái nồi đã bắt cây lúa
ako ako-tao tuk	con chó mang những con chó
yson rong tuk	Y Sơn mang cái nhà
hrin kata hlao	H'Rin tìm con gà
dak hina ei	dòng sông cho con cá
hnga bok nhu-ne	H'Nga đã uống người thầy
krao ako hlao-ne	con trâu đã tìm con chó
ako pa-tao prong om-ne	con chó đã nấu những người cha to
pa dak-tao hlao	người cha tìm những dòng sông
krao krao liem tuk	con trâu mang con trâu đẹp
ako plei krah om-ne	con chó đã nấu bản làng cũ
hrin mi liem tec	H'Rin bán người mẹ đẹp
ybhok dak liem cha-ma	Y Bhôk không ăn dòng sông đẹp
padi plei tuk	cây lúa mang bản làng
miu kon-tao liem hlao-ne	con mèo đã tìm những đứa trẻ đẹp
brah kon-tao hlao-ma	khu rừng không tìm những đứa trẻ
hling pang ntik hlao-ne	H'Linh đã tìm cái nồi nhỏ
brah padi-tao hmang	khu rừng thấy những cây lúa
ako plei ei	con chó cho bản làng
ykrong kon bar krah gu-ne	Y Krông đã bắt hai đứa trẻ cũ
hnga dak dua mahe tec-ma	H'Nga không bán một dòng sông mới
dak pa-tao tuk	dòng sông mang những người cha
hling plei pei mahe ei-ma	H'Linh không cho ba bản làng mới
hina rong cha-ne	con cá đã ăn cái nhà
pa kon cha-ne	người cha đã ăn đứa trẻ
hling kata-tao gu	H'Linh bắt những con gà
yson kon hlao-ma	Y Sơn không tìm đứa trẻ
krao padi prong tec	con trâu bán cây lúa to
ykrong ako tec	Y Krông bán con chó
ykrong pa bar liem om-ne-ma	Y Krông đã không nấu hai người cha đẹp
mi dak hmang-ne-ma	người mẹ đã không thấy dòng sông
ykrong krao-tao ngui	Y Krông làm những con trâu
plei pang bar tuk-ne	bản làng đã mang hai cái nồi
miu plei-tao om-ma	con mèo không nấu những bản làng
plei hina-tao tec	bản làng bán những con cá
rong padi nhu-ne	cái nhà đã uống cây lúa
yson krao tec	Y Sơn bán con trâu
miu plei-tao tuk	con mèo mang những bản làng
kon rong krah tec-ne	đứa trẻ đã bán cái nhà cũ
hrin brah ntik gu-ne	H'Rin đã bắt khu rừng nhỏ
brah brah tec-ne	khu rừng đã bán khu rừng
pang plei liem ngui	cái nồi làm bản làng đẹp
kata pang-tao nhu	con gà uống những cái nồi
hina pang dua cha-ma	con cá không ăn một cái nồi
krao brah-tao krah ngui-ne-ma	con trâu đã không làm những khu rừng cũ
yson rong dua tuk	Y Sơn mang một cái nhà
kata krao ntik hlao-ne	con gà đã tìm con trâu nhỏ
ybhok kata hlao-ma	Y Bhôk không tìm con gà
ybhok brah-tao ntik ei	Y Bhôk cho những khu rừng nhỏ
ybhok hina poh prong tec	Y Bhôk bán năm con cá to
hrin pang mahe hlao-ne	H'Rin đã tìm cái nồi mới
pang hina pei tuk	cái nồi mang ba con cá
dak pa pei hlao	dòng sông tìm ba người cha
brah krao ngui-ne-ma	khu rừng đã không làm con trâu
brah mi ei	khu rừng cho người mẹ
ako plei hmang-ne	con chó đã thấy bản làng
hling padi krah nhu-ma	H'Linh không uống cây lúa cũ
krao pang cha-ne	con trâu đã ăn cái nồi
hrin plei liem nhu-ne	H'Rin đã uống bản làng đẹp
yson krao bar hmang-ne	Y Sơn đã thấy hai con trâu
padi krao puon hmang-ne	cây lúa đã thấy bốn con trâu
mi kata mahe tec	người mẹ bán con gà mới
miu kon-tao om-ma	con mèo không nấu những đứa trẻ
ykrong rong nhu-ne	Y Krông đã uống cái nhà
kon bok mahe tuk-ne-ma	đứa trẻ đã không mang người thầy mới
ykrong pang nhu	Y Krông uống cái nồi
yson dak puon hlao	Y Sơn tìm bốn dòng sông
hrin kata-tao cha-ne	H'Rin đã ăn những con gà
yson bnam hmang	Y Sơn thấy ngọn núi
ybhok padi pei om-ma	Y Bhôk không nấu ba cây lúa
plei kon hmang	bản làng thấy đứa trẻ
rong rong dua tuk	cái nhà mang một cái nhà
dak ako cha-ne	dòng sông đã ăn con chó
hnga pang-tao hmang-ne	H'Nga đã thấy những cái nồi
hnga mi hlao-ne	H'Nga đã tìm người mẹ
krao padi-tao gu	con trâu bắt những cây lúa
ykrong bok-tao prong nhu	Y Krông uống những người thầy to
hrin kata puon cha	H'Rin ăn bốn con gà
mi plei ntik tuk-ne-ma	người mẹ đã không mang bản làng nhỏ
mi brah poh tec-ne	người mẹ đã bán năm khu rừng
pa kata poh cha-ne-ma	người cha đã không ăn năm con gà
miu mi pei ei	con mèo cho ba người mẹ
brah kata-tao ntik hmang-ma	khu rừng không thấy những con gà nhỏ
pa rong prong hlao-ma	người cha không tìm cái nhà to
miu miu ntik gu	con mèo bắt con mèo nhỏ
pang bnam dua hmang-ne-ma	cái nồi đã không thấy một ngọn núi
bok bnam mahe gu-ma	người thầy không bắt ngọn núi mới
hina bnam liem hmang	con cá thấy ngọn núi đẹp
yson ako dua ntik hmang-ma	Y Sơn không thấy một con chó nhỏ
bok rong krah ngui	người thầy làm cái nhà cũ
pang rong dua hmang-ne	cái nồi đã thấy một cái nhà
dak bnam gu-ne	dòng sông đã bắt ngọn núi
ykrong dak mahe tuk	Y Krông mang dòng sông mới
brah plei hlao	khu rừng tìm bản làng
bnam mi ntik cha	ngọn núi ăn người mẹ nhỏ
bok bok liem tec-ne	người thầy đã bán người thầy đẹp
pa brah om	người cha nấu khu rừng
brah dak-tao cha	khu rừng ăn những dòng sông
ybhok bok poh ntik hlao	Y Bhôk tìm năm người thầy nhỏ
kon kata ntik nhu	đứa trẻ uống con gà nhỏ
pa padi krah tuk-ma	người cha không mang cây lúa cũ
kata kata pei cha-ne	con gà đã ăn ba con gà
hling brah puon tec	H'Linh bán bốn khu rừng
ykrong rong-tao cha	Y Krông ăn những cái nhà
mi miu poh prong cha	người mẹ ăn năm con mèo to
bok mi tuk-ne	người thầy đã mang người mẹ
dak miu pei nhu	dòng sông uống ba con mèo
mi dak tuk-ma	người mẹ không mang dòng sông
ybhok hina poh hlao-ma	Y Bhôk không tìm năm con cá
ako pang-tao ei-ne	con chó đã cho những cái nồi
bok bok-tao om-ne	người thầy đã nấu những người thầy
brah mi liem gu-ne	khu rừng đã bắt người mẹ đẹp
pa rong liem gu	người cha bắt cái nhà đẹp
krao bok om-ne-ma	con trâu đã không nấu người thầy
ykrong kon nhu	Y Krông uống đứa trẻ
mi hina hmang-ne	người mẹ đã thấy con cá
ybhok pa-tao ei	Y Bhôk cho những người cha
pa miu gu	người cha bắt con mèo
ybhok mi tuk-ne	Y Bhôk đã mang người mẹ
hina pa tec-ne	con cá đã bán người cha
ybhok bok cha	Y Bhôk ăn người thầy
ykrong rong puon prong om-ne-ma	Y Krông đã không nấu bốn cái nhà to
bok rong prong ei-ne-ma	người thầy đã không cho cái nhà to
hling pa cha	H'Linh ăn người cha
plei hina-tao ei	bản làng cho những con cá
bnam pa om	ngọn núi nấu người cha
yson ako nhu-ne	Y Sơn đã uống con chó
yson pa prong tec-ma	Y Sơn không bán người cha to
hrin miu poh nhu	H'Rin uống năm con mèo
hina bok puon ei	con cá cho bốn người thầy
mi dak puon om	người mẹ nấu bốn dòng sông
pa dak cha	người cha ăn dòng sông
padi miu liem ei	cây lúa cho con mèo đẹp
krao hina-tao om-ne	con trâu đã nấu những con cá
krao kon puon krah hlao-ne	con trâu đã tìm bốn đứa trẻ cũ
padi kon hmang	cây lúa thấy đứa trẻ
krao kon ngui-ne-ma	con trâu đã không làm đứa trẻ
ako mi tec	con chó bán người mẹ
dak pang liem nhu-ne	dòng sông đã uống cái nồi đẹp
hrin hina-tao cha-ne	H'Rin đã ăn những con cá
rong dak ei-ne-ma	cái nhà đã không cho dòng sông
krao brah ei	con trâu cho khu rừng
hling padi gu-ne	H'Linh đã bắt cây lúa
hling dak bar hmang-ne-ma	H'Linh đã không thấy hai dòng sông
hling pang tuk	H'Linh mang cái nồi
ykrong hina krah hmang-ma	Y Krông không thấy con cá cũ
kon pa prong cha	đứa trẻ ăn người cha to
hling pang prong tec-ne	H'Linh đã bán cái nồi to
pang hina-tao ntik ei-ne-ma	cái nồi đã không cho những con cá nhỏ
bnam bnam hmang	ngọn núi thấy ngọn núi
hling miu gu-ne	H'Linh đã bắt con mèo
ykrong mi nhu	Y Krông uống người mẹ
kon hina hlao-ne	đứa trẻ đã tìm con cá
ybhok bok ngui	Y Bhôk làm người thầy
pa miu tec-ne	người cha đã bán con mèo
ybhok rong ntik ngui-ne	Y Bhôk đã làm cái nhà nhỏ
rong brah om-ne	cái nhà đã nấu khu rừng
hina plei dua tuk	con cá mang một bản làng
kon bok-tao ei	đứa trẻ cho những người thầy
yson kata-tao ei	Y Sơn cho những con gà
bnam padi cha	ngọn núi ăn cây lúa
kata krao liem gu-ne	con gà đã bắt con trâu đẹp
brah krao hlao	khu rừng tìm con trâu
brah kon om	khu rừng nấu đứa trẻ
miu bok-tao tuk	con mèo mang những người thầy
ybhok padi-tao tuk-ne	Y Bhôk đã mang những cây lúa
hnga padi tuk-ne	H'Nga đã mang cây lúa
rong bnam-tao prong tec	cái nhà bán những ngọn núi to
hrin bnam-tao nhu	H'Rin uống những ngọn núi
ykrong kon gu-ma	Y Krông không bắt đứa trẻ
padi ako bar ei	cây lúa cho hai con chó
ybhok brah-tao krah hmang-ne	Y Bhôk đã thấy những khu rừng cũ
hrin plei bar ntik cha-ma	H'Rin không ăn hai bản làng nhỏ
kon padi tec	đứa trẻ bán cây lúa
kon plei hmang	đứa trẻ thấy bản làng
padi hina-tao ei	cây lúa cho những con cá
hling brah tuk	H'Linh mang khu rừng
bnam pa poh prong ei	ngọn núi cho năm người cha to
bnam plei ei-ne	ngọn núi đã cho bản làng
yson kata-tao gu	Y Sơn bắt những con gà
ybhok hina pei tec	Y Bhôk bán ba con cá
ykrong pang poh om-ne	Y Krông đã nấu năm cái nồi
pang bok prong ei-ne	cái nồi đã cho người thầy to
krao ako puon nhu-ma	con trâu không uống bốn con chó
dak kon liem hlao	dòng sông tìm đứa trẻ đẹp
yson kata-tao hmang	Y Sơn thấy những con gà
ybhok kata prong hmang-ne	Y Bhôk đã thấy con gà to
kata hina-tao liem hmang-ne	con gà đã thấy những con cá đẹp
hina rong hmang	con cá thấy cái nhà
plei kon dua hlao-ne	bản làng đã tìm một đứa trẻ
plei rong-tao gu	bản làng bắt những cái nhà
ykrong dak-tao mahe hmang-ma	Y Krông không thấy những dòng sông mới
kon kata-tao ngui	đứa trẻ làm những con gà
dak rong cha-ma	dòng sông không ăn cái nhà
ykrong kata tec	Y Krông bán con gà
padi brah krah ei-ne	cây lúa đã cho khu rừng cũ
hling brah ngui-ne	H'Linh đã làm khu rừng
miu pang-tao ei	con mèo cho những cái nồi
padi miu mahe ei	cây lúa cho con mèo mới
yson hina pei hlao-ne	Y Sơn đã tìm ba con cá
padi padi pei tuk-ne	cây lúa đã mang ba cây lúa
rong bnam puon liem hmang-ne	cái nhà đã thấy bốn ngọn núi đẹp
hnga krao tec	H'Nga bán con trâu
krao ako liem om-ma	con trâu không nấu con chó đẹp
bnam ako puon krah om-ne	ngọn núi đã nấu bốn con chó cũ
krao bnam krah nhu	con trâu uống ngọn núi cũ
bok rong ei	người thầy cho cái nhà
hnga plei tec	H'Nga bán bản làng
ako ako bar prong gu	con chó bắt hai con chó to
brah plei ei-ne-ma	khu rừng đã không cho bản làng
hrin plei ei	H'Rin cho bản làng
bnam ako hmang	ngọn núi thấy con chó
hrin ako cha-ma	H'Rin không ăn con chó
kata mi ngui	con gà làm người mẹ
ykrong krao tec-ma	Y Krông không bán con trâu
kata pa-tao cha-ne	con gà đã ăn những người cha
ybhok ako liem om	Y Bhôk nấu con chó đẹp
dak bok-tao gu-ne	dòng sông đã bắt những người thầy
miu kon poh gu	con mèo bắt năm đứa trẻ
hnga kata hmang-ne	H'Nga đã thấy con gà
bok plei nhu	người thầy uống bản làng
yson brah tuk-ne	Y Sơn đã mang khu rừng
miu brah poh cha-ma	con mèo không ăn năm khu rừng
kata ako gu	con gà bắt con chó
padi pang dua liem gu	cây lúa bắt một cái nồi đẹp
kon ako prong tec-ma	đứa trẻ không bán con chó to
kata pa dua om-ma	con gà không nấu một người cha
padi rong liem nhu	cây lúa uống cái nhà đẹp
kon brah puon cha-ne	đứa trẻ đã ăn bốn khu rừng
krao miu-tao hlao	con trâu tìm những con mèo
ykrong padi ngui-ne	Y Krông đã làm cây lúa
kon bok prong om	đứa trẻ nấu người thầy to
bnam hina ngui	ngọn núi làm con cá
yson kata bar hmang-ne	Y Sơn đã thấy hai con gà
pa kon poh liem tuk	người cha mang năm đứa trẻ đẹp
miu brah dua ngui	con mèo làm một khu rừng
pa bnam ntik nhu-ma	người cha không uống ngọn núi nhỏ
pa rong poh hlao	người cha tìm năm cái nhà
kon brah pei ngui-ne	đứa trẻ đã làm ba khu rừng
padi pa dua krah gu-ne	cây lúa đã bắt một người cha cũ
miu ako poh tuk	con mèo mang năm con chó
hrin krao poh tuk-ma	H'Rin không mang năm con trâu
hling dak-tao prong tec	H'Linh bán những dòng sông to
bok brah nhu	người thầy uống khu rừng
hnga hina hmang-ne	H'Nga đã thấy con cá
hling pa pei hmang-ma	H'Linh không thấy ba người cha
plei plei om-ne-ma	bản làng đã không nấu bản làng
hina bok hmang-ne	con cá đã thấy người thầy
yson plei hmang-ne-ma	Y Sơn đã không thấy bản làng
pang dak-tao om	cái nồi nấu những dòng sông
rong bnam pei krah tec	cái nhà bán ba ngọn núi cũ
brah plei poh om-ne	khu rừng đã nấu năm bản làng
hnga plei tuk-ne	H'Nga đã mang bản làng
rong rong dua hmang	cái nhà thấy một cái nhà
pang kata gu-ma	cái nồi không bắt con gà
yson miu gu-ne	Y Sơn đã bắt con mèo
mi pang-tao tec	người mẹ bán những cái nồi
pa dak cha-ne-ma	người cha đã không ăn dòng sông
padi miu ei	cây lúa cho con mèo
hling pa prong ngui-ne	H'Linh đã làm người cha to
kata kon hmang-ne	con gà đã thấy đứa trẻ
ako miu tuk	con chó mang con mèo
hnga krao-tao nhu	H'Nga uống những con trâu
hnga pang-tao hlao-ne-ma	H'Nga đã không tìm những cái nồi
mi plei-tao prong tuk	người mẹ mang những bản làng to
hina kata cha-ne	con cá đã ăn con gà
pang brah tec-ne-ma	cái nồi đã không bán khu rừng
kon kon bar krah hlao-ne-ma	đứa trẻ đã không tìm hai đứa trẻ cũ
hrin plei hlao	H'Rin tìm bản làng
ykrong bok dua om-ne	Y Krông đã nấu một người thầy
brah mi om-ne	khu rừng đã nấu người mẹ
hling kon hlao-ne-ma	H'Linh đã không tìm đứa trẻ
hina dak tec-ne	con cá đã bán dòng sông
miu pa hlao	con mèo tìm người cha
hina hina tec-ne	con cá đã bán con cá
kata krao-tao hmang-ne	con gà đã thấy những con trâu
brah pang hlao-ne	khu rừng đã tìm cái nồi
hnga kata ntik gu-ne	H'Nga đã bắt con gà nhỏ
ybhok ako pei hlao	Y Bhôk tìm ba con chó
brah mi bar gu	khu rừng bắt hai người mẹ
bok kata mahe tuk-ne-ma	người thầy đã không mang con gà mới
brah krao dua liem ngui	khu rừng làm một con trâu đẹp
pa hina om-ma	người cha không nấu con cá
miu bok mahe om-ne	con mèo đã nấu người thầy mới
hnga brah-tao krah ei-ne	H'Nga đã cho những khu rừng cũ
hling padi ntik ei-ma	H'Linh không cho cây lúa nhỏ
ykrong padi-tao ei-ne	Y Krông đã cho những cây lúa
rong miu-tao nhu-ne	cái nhà đã uống những con mèo
yson ako poh om	Y Sơn nấu năm con chó
bok kata bar hmang	người thầy thấy hai con gà
kata hina tec	con gà bán con cá
pang kata krah ei-ne-ma	cái nồi đã không cho con gà cũ
krao krao prong om	con trâu nấu con trâu to
kata miu tec	con gà bán con mèo
ybhok kon cha	Y Bhôk ăn đứa trẻ
ako pa ngui	con chó làm người cha
pa bok-tao liem tuk-ma	người cha không mang những người thầy đẹp
krao pang-tao tec	con trâu bán những cái nồi
plei mi-tao tuk	bản làng mang những người mẹ
hina rong om-ne	con cá đã nấu cái nhà
pang miu dua cha	cái nồi ăn một con mèo
hnga padi om	H'Nga nấu cây lúa
kata dak ei-ne	con gà đã cho dòng sông
krao ako-tao tuk	con trâu mang những con chó
brah krao-tao liem om	khu rừng nấu những con trâu đẹp
dak pang prong ngui	dòng sông làm cái nồi to
krao dak poh liem tuk-ne	con trâu đã mang năm dòng sông đẹp
bnam rong-tao ei-ma	ngọn núi không cho những cái nhà
kata krao tuk	con gà mang con trâu
pang brah ei	cái nồi cho khu rừng
brah hina om-ma	khu rừng không nấu con cá
rong padi hlao-ne	cái nhà đã tìm cây lúa
plei rong ngui-ma	bản làng không làm cái nhà
mi pa puon cha-ma	người mẹ không ăn bốn người cha
kon padi hlao-ne-ma	đứa trẻ đã không tìm cây lúa
pa krao liem om	người cha nấu con trâu đẹp
hnga hina puon ntik nhu-ma	H'Nga không uống bốn con cá nhỏ
kon miu bar nhu-ne	đứa trẻ đã uống hai con mèo
bok krao-tao hmang-ne	người thầy đã thấy những con trâu
yson hina pei krah cha-ne	Y Sơn đã ăn ba con cá cũ
yson mi-tao tec	Y Sơn bán những người mẹ
bnam plei mahe hmang	ngọn núi thấy bản làng mới
hling ako ngui	H'Linh làm con chó
pang mi puon tuk-ne	cái nồi đã mang bốn người mẹ
pang kata puon ntik ei	cái nồi cho bốn con gà nhỏ
ybhok miu-tao ntik hmang-ne	Y Bhôk đã thấy những con mèo nhỏ
miu kon hlao	con mèo tìm đứa trẻ
bok bnam prong tec-ne	người thầy đã bán ngọn núi to
padi bok tuk	cây lúa mang người thầy
ykrong pa puon nhu	Y Krông uống bốn người cha
hling ako-tao ngui	H'Linh làm những con chó
bok pang-tao hlao-ne	người thầy đã tìm những cái nồi
hnga pang-tao om-ne	H'Nga đã nấu những cái nồi
bok bnam liem ei-ne	người thầy đã cho ngọn núi đẹp
hling dak-tao ei-ma	H'Linh không cho những dòng sông
hina kata tec	con cá bán con gà
pa brah prong ei-ne	người cha đã cho khu rừng to
yson rong-tao krah om	Y Sơn nấu những cái nhà cũ
ybhok rong mahe om-ne	Y Bhôk đã nấu cái nhà mới
hling rong-tao hmang	H'Linh thấy những cái nhà
yson bok puon ntik om-ne	Y Sơn đã nấu bốn người thầy nhỏ
hrin dak prong hlao-ne	H'Rin đã tìm dòng sông to
bok padi-tao tec	người thầy bán những cây lúa
kon ako puon gu-ne	đứa trẻ đã bắt bốn con chó
hling brah-tao hmang	H'Linh thấy những khu rừng
brah miu gu	khu rừng bắt con mèo
kon ako dua mahe tec	đứa trẻ bán một con chó mới
miu krao-tao mahe nhu	con mèo uống những con trâu mới
ybhok pa poh cha-ma	Y Bhôk không ăn năm người cha
hrin bnam cha	H'Rin ăn ngọn núi
hina brah dua ei	con cá cho một khu rừng
hling pa-tao gu-ne	H'Linh đã bắt những người cha
hina kata nhu-ne	con cá đã uống con gà
ykrong krao ei-ma	Y Krông không cho con trâu
bok rong-tao gu	người thầy bắt những cái nhà
mi kon-tao hlao-ne	người mẹ đã tìm những đứa trẻ
krao mi bar krah ei-ma	con trâu không cho hai người mẹ cũ
ybhok hina tuk	Y Bhôk mang con cá
hnga padi-tao prong tec-ne-ma	H'Nga đã không bán những cây lúa to
padi kon ngui-ne	cây lúa đã làm đứa trẻ
padi hina-tao om	cây lúa nấu những con cá
hrin dak dua hmang-ma	H'Rin không thấy một dòng sông
hrin rong-tao ei	H'Rin cho những cái nhà
ybhok dak nhu-ne	Y Bhôk đã uống dòng sông
mi kata prong hlao-ne	người mẹ đã tìm con gà to
dak brah cha-ne-ma	dòng sông đã không ăn khu rừng
rong hina krah tuk-ne	cái nhà đã mang con cá cũ
padi pang tec	cây lúa bán cái nồi
miu ako-tao prong tec-ne	con mèo đã bán những con chó to
bok bok cha-ma	người thầy không ăn người thầy
miu dak-tao tec	con mèo bán những dòng sông
hina mi hmang-ne	con cá đã thấy người mẹ
ako padi tec-ne-ma	con chó đã không bán cây lúa
krao ako dua om-ne	con trâu đã nấu một con chó
ybhok plei ngui	Y Bhôk làm bản làng
yson padi-tao hmang-ma	Y Sơn không thấy những cây lúa
hrin pa pei ei-ne-ma	H'Rin đã không cho ba người cha
plei padi-tao om-ne	bản làng đã nấu những cây lúa
hina brah pei tec-ma	con cá không bán ba khu rừng
yson dak bar cha	Y Sơn ăn hai dòng sông
krao bnam mahe tec-ma	con trâu không bán ngọn núi mới
kata krao nhu-ne-ma	con gà đã không uống con trâu
rong rong prong om-ne	cái nhà đã nấu cái nhà to
krao bnam hmang-ma	con trâu không thấy ngọn núi
kata krao bar nhu	con gà uống hai con trâu
bok padi dua ntik ngui	người thầy làm một cây lúa nhỏ
brah rong hmang-ne	khu rừng đã thấy cái nhà
ako plei-tao gu	con chó bắt những bản làng
ybhok pa puon ei	Y Bhôk cho bốn người cha
bnam plei-tao cha-ma	ngọn núi không ăn những bản làng
bok brah ngui	người thầy làm khu rừng
ako ako tec-ne	con chó đã bán con chó
pa dak-tao prong ngui	người cha làm những dòng sông to
hina padi-tao liem hlao-ne	con cá đã tìm những cây lúa đẹp
ako plei prong gu	con chó bắt bản làng to
hrin pa ei	H'Rin cho người cha
pa bnam dua ei-ne	người cha đã cho một ngọn núi
hnga bnam ngui	H'Nga làm ngọn núi
pa ako krah hmang	người cha thấy con chó cũ
miu hina ei-ma	con mèo không cho con cá
bok pa ntik om-ma	người thầy không nấu người cha nhỏ
yson brah nhu-ma	Y Sơn không uống khu rừng
ybhok kata-tao mahe tuk-ne-ma	Y Bhôk đã không mang những con gà mới
pang brah dua hmang-ne	cái nồi đã thấy một khu rừng
krao pang prong tuk	con trâu mang cái nồi to
krao miu ei	con trâu cho con mèo
bnam rong-tao krah tec	ngọn núi bán những cái nhà cũ
kata mi poh liem gu-ne	con gà đã bắt năm người mẹ đẹp
hling hina ngui-ne	H'Linh đã làm con cá
hnga ako-tao ei-ma	H'Nga không cho những con chó
yson ako-tao gu	Y Sơn bắt những con chó
bnam dak ngui-ne	ngọn núi đã làm dòng sông
mi plei bar ntik om	người mẹ nấu hai bản làng nhỏ
kata mi-tao tuk	con gà mang những người mẹ
ako pang hlao-ne	con chó đã tìm cái nồi
ybhok krao-tao hmang-ne	Y Bhôk đã thấy những con trâu
hling mi poh om	H'Linh nấu năm người mẹ
dak pang ngui-ne	dòng sông đã làm cái nồi
ybhok rong-tao hlao-ne	Y Bhôk đã tìm những cái nhà
krao krao ntik nhu-ne	con trâu đã uống con trâu nhỏ
hina pang tuk	con cá mang cái nồi
kon rong nhu	đứa trẻ uống cái nhà
hnga mi nhu	H'Nga uống người mẹ
yson miu gu-ne-ma	Y Sơn đã không bắt con mèo
yson padi krah ei	Y Sơn cho cây lúa cũ
hling bok tuk	H'Linh mang người thầy
hnga miu-tao hlao-ne	H'Nga đã tìm những con mèo
krao kon mahe ngui	con trâu làm đứa trẻ mới
hnga pa poh hlao-ne	H'Nga đã tìm năm người cha
dak bnam bar tuk-ne	dòng sông đã mang hai ngọn núi
bok ako ntik tec-ne-ma	người thầy đã không bán con chó nhỏ
krao brah poh hlao-ne	con trâu đã tìm năm khu rừng
bnam miu nhu	ngọn núi uống con mèo
bok bok prong tuk-ne	người thầy đã mang người thầy to
hrin padi om-ne	H'Rin đã nấu cây lúa
rong ako-tao cha	cái nhà ăn những con chó
hrin brah hmang-ne	H'Rin đã thấy khu rừng
ako rong mahe gu	con chó bắt cái nhà mới
ybhok pang hlao	Y Bhôk tìm cái nồi
ybhok mi mahe ei-ne	Y Bhôk đã cho người mẹ mới
ybhok bnam-tao tuk	Y Bhôk mang những ngọn núi
rong pa prong hmang	cái nhà thấy người cha to
rong mi hlao	cái nhà tìm người mẹ
pang bnam krah tec	cái nồi bán ngọn núi cũ
yson kata-tao tec	Y Sơn bán những con gà
dak dak liem hlao	dòng sông tìm dòng sông đẹp
ykrong dak prong tuk-ne	Y Krông đã mang dòng sông to
pang rong liem ei-ne	cái nồi đã cho cái nhà đẹp
bnam kata poh liem om	ngọn núi nấu năm con gà đẹp
krao padi poh cha-ne	con trâu đã ăn năm cây lúa
krao brah ntik ngui	con trâu làm khu rừng nhỏ
ako krao tuk-ne	con chó đã mang con trâu
pang hina poh ei-ma	cái nồi không cho năm con cá
rong plei dua tec	cái nhà bán một bản làng
ako pang hmang-ne	con chó đã thấy cái nồi
rong krao-tao hmang	cái nhà thấy những con trâu
krao ako mahe tec-ma	con trâu không bán con chó mới
ako bnam dua tec-ma	con chó không bán một ngọn núi
yson dak poh ngui	Y Sơn làm năm dòng sông
kata pang dua ntik tuk	con gà mang một cái nồi nhỏ
hrin pang liem nhu-ne	H'Rin đã uống cái nồi đẹp
kata kon-tao ngui-ne	con gà đã làm những đứa trẻ
bok dak tec	người thầy bán dòng sông
yson pang dua cha-ma	Y Sơn không ăn một cái nồi
bnam ako om	ngọn núi nấu con chó
hina krao bar cha-ne	con cá đã ăn hai con trâu
hnga bok hmang-ma	H'Nga không thấy người thầy
hling krao ei	H'Linh cho con trâu
hrin rong-tao tuk-ne	H'Rin đã mang những cái nhà
rong kata tec-ne	cái nhà đã bán con gà
rong pang liem hlao-ne	cái nhà đã tìm cái nồi đẹp
rong bok nhu	cái nhà uống người thầy
ako bok prong gu-ne	con chó đã bắt người thầy to
hling mi krah cha-ne	H'Linh đã ăn người mẹ cũ
krao krao puon hmang-ne-ma	con trâu đã không thấy bốn con trâu
ako hina-tao nhu-ne	con chó đã uống những con cá
mi miu dua gu-ma	người mẹ không bắt một con mèo
pang hina-tao ntik cha	cái nồi ăn những con cá nhỏ
miu rong krah nhu	con mèo uống cái nhà cũ
ykrong plei krah hmang-ne	Y Krông đã thấy bản làng cũ
plei ako dua gu	bản làng bắt một con chó
brah ako nhu-ne	khu rừng đã uống con chó
ako bok dua prong nhu-ne-ma	con chó đã không uống một người thầy to
krao kon tec	con trâu bán đứa trẻ
rong krao-tao mahe nhu	cái nhà uống những con trâu mới
bnam kata liem hlao-ne	ngọn núi đã tìm con gà đẹp
yson rong mahe ngui-ne-ma	Y Sơn đã không làm cái nhà mới
pa kon bar hlao-ma	người cha không tìm hai đứa trẻ
yson brah ei-ne	Y Sơn đã cho khu rừng
hnga krao om-ne	H'Nga đã nấu con trâu
kon hina bar prong gu	đứa trẻ bắt hai con cá to
plei mi gu-ne-ma	bản làng đã không bắt người mẹ
hling pang-tao krah tec	H'Linh bán những cái nồi cũ
hrin ako prong ei-ma	H'Rin không cho con chó to
ybhok plei-tao cha-ne-ma	Y Bhôk đã không ăn những bản làng
padi bok ei-ne	cây lúa đã cho người thầy
hina pang-tao tuk	con cá mang những cái nồi
pa dak tuk-ma	người cha không mang dòng sông
ybhok pa mahe gu	Y Bhôk bắt người cha mới
kata rong-tao prong tuk	con gà mang những cái nhà to
yson brah pei prong hmang	Y Sơn thấy ba khu rừng to
ykrong pang dua tuk	Y Krông mang một cái nồi
pang pa-tao hlao-ne	cái nồi đã tìm những người cha
pang bnam hmang	cái nồi thấy ngọn núi
ykrong pang-tao hlao-ne	Y Krông đã tìm những cái nồi
brah bok puon nhu-ne	khu rừng đã uống bốn người thầy
bnam rong puon ntik tuk-ne	ngọn núi đã mang bốn cái nhà nhỏ
ykrong padi puon ngui	Y Krông làm bốn cây lúa
ybhok kon hmang-ne	Y Bhôk đã thấy đứa trẻ
ybhok rong puon gu-ne	Y Bhôk đã bắt bốn cái nhà
hling bok bar ngui	H'Linh làm hai người thầy
krao rong-tao gu	con trâu bắt những cái nhà
yson bok hmang-ne	Y Sơn đã thấy người thầy
krao padi puon krah om-ne	con trâu đã nấu bốn cây lúa cũ
ykrong padi-tao ngui	Y Krông làm những cây lúa
hrin plei-tao hmang-ne	H'Rin đã thấy những bản làng
pang kon-tao hlao-ma	cái nồi không tìm những đứa trẻ
padi krao poh krah nhu	cây lúa uống năm con trâu cũ
bok rong-tao tec	người thầy bán những cái nhà
bok plei hmang-ne	người thầy đã thấy bản làng
kon dak cha	đứa trẻ ăn dòng sông
ako padi tuk-ne	con chó đã mang cây lúa
bok dak-tao liem ngui-ne	người thầy đã làm những dòng sông đẹp
kon dak puon krah nhu	đứa trẻ uống bốn dòng sông cũ
kon brah-tao cha	đứa trẻ ăn những khu rừng
miu rong nhu	con mèo uống cái nhà
hina miu dua ei-ma	con cá không cho một con mèo
miu kon gu-ne	con mèo đã bắt đứa trẻ
plei bnam pei hlao	bản làng tìm ba ngọn núi
ako kon puon krah tuk-ne	con chó đã mang bốn đứa trẻ cũ
hina rong pei gu-ne	con cá đã bắt ba cái nhà
kon kon-tao ngui	đứa trẻ làm những đứa trẻ
brah hina prong nhu	khu rừng uống con cá to
ybhok dak-tao nhu	Y Bhôk uống những dòng sông
miu brah-tao gu	con mèo bắt những khu rừng
miu dak tuk	con mèo mang dòng sông
hina plei dua krah ei-ne	con cá đã cho một bản làng cũ
bok pang bar hmang-ne	người thầy đã thấy hai cái nồi
ykrong kata dua krah om	Y Krông nấu một con gà cũ
ako dak-tao mahe nhu	con chó uống những dòng sông mới
hnga brah nhu	H'Nga uống khu rừng
ako rong puon cha	con chó ăn bốn cái nhà
plei bok-tao tuk-ne	bản làng đã mang những người thầy
ykrong bnam cha-ne	Y Krông đã ăn ngọn núi
ykrong krao puon mahe gu-ma	Y Krông không bắt bốn con trâu mới
brah rong bar nhu	khu rừng uống hai cái nhà
krao padi hmang-ne	con trâu đã thấy cây lúa
hling kon prong tuk	H'Linh mang đứa trẻ to
plei padi puon tuk	bản làng mang bốn cây lúa
ako dak prong hlao-ne	con chó đã tìm dòng sông to
miu miu tuk-ne	con mèo đã mang con mèo
bnam krao gu	ngọn núi bắt con trâu
bok bok cha-ne	người thầy đã ăn người thầy
ybhok pa poh hlao-ne	Y Bhôk đã tìm năm người cha
ybhok krao-tao liem hlao-ne	Y Bhôk đã tìm những con trâu đẹp
kon krao pei nhu-ma	đứa trẻ không uống ba con trâu
bnam hina bar ngui-ma	ngọn núi không làm hai con cá
hrin krao hlao	H'Rin tìm con trâu
ybhok rong bar mahe hmang	Y Bhôk thấy hai cái nhà mới
hina ako prong nhu	con cá uống con chó to
ykrong miu tec	Y Krông bán con mèo
yson pang tec	Y Sơn bán cái nồi
bnam krao puon prong ngui	ngọn núi làm bốn con trâu to
ako ako om-ne-ma	con chó đã không nấu con chó
kata krao poh krah gu-ne	con gà đã bắt năm con trâu cũ
yson pa tuk	Y Sơn mang người cha
ykrong krao om-ne	Y Krông đã nấu con trâu
kon mi om-ne	đứa trẻ đã nấu người mẹ
ybhok bnam gu	Y Bhôk bắt ngọn núi
ako rong-tao cha-ne	con chó đã ăn những cái nhà
rong miu-tao krah cha-ma	cái nhà không ăn những con mèo cũ
kata pa liem ei-ne	con gà đã cho người cha đẹp
pa kon puon ntik om	người cha nấu bốn đứa trẻ nhỏ
rong pang-tao om	cái nhà nấu những cái nồi
mi mi dua mahe cha	người mẹ ăn một người mẹ mới
plei kon-tao ngui	bản làng làm những đứa trẻ
ybhok krao-tao cha-ne	Y Bhôk đã ăn những con trâu
dak mi-tao ngui-ne	dòng sông đã làm những người mẹ
bnam kata cha	ngọn núi ăn con gà
yson miu ntik hmang-ne	Y Sơn đã thấy con mèo nhỏ
hrin pa mahe om-ne-ma	H'Rin đã không nấu người cha mới
miu bnam ntik nhu	con mèo uống ngọn núi nhỏ
ako bnam hlao-ma	con chó không tìm ngọn núi
hling bnam cha-ma	H'Linh không ăn ngọn núi
ybhok miu-tao prong hmang-ma	Y Bhôk không thấy những con mèo to
hnga dak poh om	H'Nga nấu năm dòng sông
yson mi-tao prong hmang	Y Sơn thấy những người mẹ to
yson brah hlao	Y Sơn tìm khu rừng
hina kata-tao tec	con cá bán những con gà
kon bok puon gu	đứa trẻ bắt bốn người thầy
rong rong liem tuk-ne	cái nhà đã mang cái nhà đẹp
hling dak liem ei-ne	H'Linh đã cho dòng sông đẹp
hling bok hlao-ne-ma	H'Linh đã không tìm người thầy
plei plei gu	bản làng bắt bản làng
brah mi mahe tuk	khu rừng mang người mẹ mới
yson miu gu	Y Sơn bắt con mèo
hnga bnam pei hlao-ne	H'Nga đã tìm ba ngọn núi
yson brah prong om	Y Sơn nấu khu rừng to
bnam miu pei cha-ne	ngọn núi đã ăn ba con mèo
bnam bok-tao om-ne	ngọn núi đã nấu những người thầy
ykrong kon dua tec	Y Krông bán một đứa trẻ
ybhok brah ntik om-ne-ma	Y Bhôk đã không nấu khu rừng nhỏ
kon krao bar gu-ne	đứa trẻ đã bắt hai con trâu
pang krao-tao cha-ne	cái nồi đã ăn những con trâu
ykrong krao ngui	Y Krông làm con trâu
hrin kata-tao hlao-ne	H'Rin đã tìm những con gà
dak bok hlao-ne	dòng sông đã tìm người thầy
brah kata-tao mahe tuk	khu rừng mang những con gà mới
hrin dak ntik ngui	H'Rin làm dòng sông nhỏ
hnga dak krah cha	H'Nga ăn dòng sông cũ
mi hina hmang-ma	người mẹ không thấy con cá
hling pang liem om	H'Linh nấu cái nồi đẹp
ybhok kata pei hmang	Y Bhôk thấy ba con gà
pang kon-tao ntik cha-ma	cái nồi không ăn những đứa trẻ nhỏ
kata pa gu	con gà bắt người cha
kata bok tec	con gà bán người thầy
pa bok ngui-ma	người cha không làm người thầy
rong kata nhu-ma	cái nhà không uống con gà
hling krao prong ngui-ne	H'Linh đã làm con trâu to
padi hina hlao	cây lúa tìm con cá
yson dak nhu-ma	Y Sơn không uống dòng sông
mi krao-tao ngui	người mẹ làm những con trâu
hnga dak nhu-ma	H'Nga không uống dòng sông
kata rong bar liem ngui	con gà làm hai cái nhà đẹp
mi krao bar tuk-ne	người mẹ đã mang hai con trâu
brah mi-tao hlao-ma	khu rừng không tìm những người mẹ
plei rong poh krah gu-ne	bản làng đã bắt năm cái nhà cũ
kon miu dua prong tuk-ne	đứa trẻ đã mang một con mèo to
brah brah hmang-ne	khu rừng đã thấy khu rừng
pa kon nhu-ma	người cha không uống đứa trẻ
rong dak-tao krah tuk-ne	cái nhà đã mang những dòng sông cũ
brah pa nhu-ma	khu rừng không uống người cha
dak pa liem ei-ne-ma	dòng sông đã không cho người cha đẹp
kata bok ntik nhu	con gà uống người thầy nhỏ
hina bok-tao gu-ne	con cá đã bắt những người thầy
ako miu liem gu	con chó bắt con mèo đẹp
pa plei-tao hmang	người cha thấy những bản làng
krao pang-tao ntik ngui-ne	con trâu đã làm những cái nồi nhỏ
ykrong plei dua hlao	Y Krông tìm một bản làng
dak krao pei om-ne-ma	dòng sông đã không nấu ba con trâu
hling bok tec	H'Linh bán người thầy
hling miu hlao-ma	H'Linh không tìm con mèo
hina brah tec	con cá bán khu rừng
ykrong pang-tao om	Y Krông nấu những cái nồi
bnam krao gu-ne	ngọn núi đã bắt con trâu
hnga dak hmang-ne	H'Nga đã thấy dòng sông
hling hina prong om	H'Linh nấu con cá to
plei kon-tao nhu-ne	bản làng đã uống những đứa trẻ
hnga mi-tao ntik cha	H'Nga ăn những người mẹ nhỏ
yson rong pei gu	Y Sơn bắt ba cái nhà
ybhok dak hmang-ma	Y Bhôk không thấy dòng sông
mi plei-tao mahe hlao-ma	người mẹ không tìm những bản làng mới
yson miu-tao prong nhu-ne-ma	Y Sơn đã không uống những con mèo to
brah hina ei	khu rừng cho con cá
pang pang-tao liem tec-ne	cái nồi đã bán những cái nồi đẹp
ykrong kon mahe hmang	Y Krông thấy đứa trẻ mới
kata dak puon ntik ngui-ne	con gà đã làm bốn dòng sông nhỏ
ykrong plei nhu-ma	Y Krông không uống bản làng
hrin rong mahe tuk	H'Rin mang cái nhà mới
padi hina pei nhu-ne	cây lúa đã uống ba con cá
dak bnam-tao ntik hmang-ne	dòng sông đã thấy những ngọn núi nhỏ
ykrong ako krah hmang-ne	Y Krông đã thấy con chó cũ
kata rong krah ei	con gà cho cái nhà cũ
mi krao pei om-ne	người mẹ đã nấu ba con trâu
bnam plei-tao tec	ngọn núi bán những bản làng
hling bok ntik tec-ne	H'Linh đã bán người thầy nhỏ
hrin kata-tao ntik ei	H'Rin cho những con gà nhỏ
kata dak gu-ne	con gà đã bắt dòng sông
mi dak gu	người mẹ bắt dòng sông
ybhok padi ntik tec	Y Bhôk bán cây lúa nhỏ
mi padi tec-ne-ma	người mẹ đã không bán cây lúa
brah plei-tao ngui	khu rừng làm những bản làng
rong brah ei	cái nhà cho khu rừng
pa plei liem ngui	người cha làm bản làng đẹp
dak miu prong tuk-ma	dòng sông không mang con mèo to
hling bok-tao liem hmang	H'Linh thấy những người thầy đẹp
pang dak poh ei-ne	cái nồi đã cho năm dòng sông
pang bnam ntik cha	cái nồi ăn ngọn núi nhỏ
mi kon dua mahe cha	người mẹ ăn một đứa trẻ mới
mi miu-tao ngui-ne	người mẹ đã làm những con mèo
hnga kon prong tec	H'Nga bán đứa trẻ to
ykrong kon puon hmang	Y Krông thấy bốn đứa trẻ
hnga miu poh ei-ne	H'Nga đã cho năm con mèo
dak mi bar hlao	dòng sông tìm hai người mẹ
pang kon pei om-ne	cái nồi đã nấu ba đứa trẻ
pang bok-tao liem ei	cái nồi cho những người thầy đẹp
ybhok pa mahe cha-ne-ma	Y Bhôk đã không ăn người cha mới
krao ako prong ngui	con trâu làm con chó to
hling rong prong cha-ne-ma	H'Linh đã không ăn cái nhà to
miu kata-tao gu-ma	con mèo không bắt những con gà
hling dak-tao krah nhu-ne-ma	H'Linh đã không uống những dòng sông cũ
hling padi bar cha-ne	H'Linh đã ăn hai cây lúa
brah pang-tao ngui-ne	khu rừng đã làm những cái nồi
dak bnam pei hlao	dòng sông tìm ba ngọn núi
kata krao puon liem tuk	con gà mang bốn con trâu đẹp
padi krao liem om-ne	cây lúa đã nấu con trâu đẹp
pa hina ngui	người cha làm con cá
bnam bnam liem ngui-ne-ma	ngọn núi đã không làm ngọn núi đẹp
pa plei gu-ne	người cha đã bắt bản làng
bok rong poh hlao	người thầy tìm năm cái nhà
krao bnam hlao-ma	con trâu không tìm ngọn núi
ybhok padi-tao om	Y Bhôk nấu những cây lúa
hina krao dua om-ne	con cá đã nấu một con trâu
padi pa poh prong tuk	cây lúa mang năm người cha to
pa krao pei tuk	người cha mang ba con trâu
ybhok ako tuk-ma	Y Bhôk không mang con chó
ybhok brah mahe cha-ne-ma	Y Bhôk đã không ăn khu rừng mới
bnam krao mahe ngui-ne	ngọn núi đã làm con trâu mới
krao krao poh gu-ne	con trâu đã bắt năm con trâu
plei bnam-tao gu	bản làng bắt những ngọn núi
hling miu-tao prong hlao-ne-ma	H'Linh đã không tìm những con mèo to
ybhok kata nhu-ne	Y Bhôk đã uống con gà
pang brah-tao ei-ne	cái nồi đã cho những khu rừng
hrin kata krah ei-ne	H'Rin đã cho con gà cũ
hnga rong dua ngui	H'Nga làm một cái nhà
krao kata-tao mahe om-ne-ma	con trâu đã không nấu những con gà mới
bnam bnam-tao hmang	ngọn núi thấy những ngọn núi
hnga hina puon ntik hmang	H'Nga thấy bốn con cá nhỏ
rong hina-tao krah nhu	cái nhà uống những con cá cũ
yson dak-tao cha-ne	Y Sơn đã ăn những dòng sông
rong pang dua om	cái nhà nấu một cái nồi
plei kon om-ne	bản làng đã nấu đứa trẻ
hnga pang hlao	H'Nga tìm cái nồi
kon ako prong om	đứa trẻ nấu con chó to
pang padi ntik gu	cái nồi bắt cây lúa nhỏ
miu pa puon hlao-ne-ma	con mèo đã không tìm bốn người cha
hrin miu hmang	H'Rin thấy con mèo
mi bok ei-ne	người mẹ đã cho người thầy
yson padi poh hmang-ne	Y Sơn đã thấy năm cây lúa
miu kon prong hlao	con mèo tìm đứa trẻ to
bnam padi ntik hmang	ngọn núi thấy cây lúa nhỏ
pang pa ntik cha	cái nồi ăn người cha nhỏ
hrin rong-tao prong om	H'Rin nấu những cái nhà to
bok krao poh tuk	người thầy mang năm con trâu
krao pa bar hmang	con trâu thấy hai người cha
ybhok bok-tao ntik gu	Y Bhôk bắt những người thầy nhỏ
plei kata ei-ne-ma	bản làng đã không cho con gà
dak rong ntik tec	dòng sông bán cái nhà nhỏ
miu plei prong hmang	con mèo thấy bản làng to
pang dak-tao nhu	cái nồi uống những dòng sông
dak kata cha	dòng sông ăn con gà
pang bnam om	cái nồi nấu ngọn núi
bok bnam poh prong tuk-ne	người thầy đã mang năm ngọn núi to
hnga hina ei	H'Nga cho con cá
kon kon-tao prong cha-ne	đứa trẻ đã ăn những đứa trẻ to
hnga dak bar ei	H'Nga cho hai dòng sông
pa rong ngui-ne-ma	người cha đã không làm cái nhà
pa pang-tao hmang-ne	người cha đã thấy những cái nồi
yson kata-tao liem ei	Y Sơn cho những con gà đẹp
hnga bok nhu-ma	H'Nga không uống người thầy
kon pa-tao nhu	đứa trẻ uống những người cha
mi brah ei-ne	người mẹ đã cho khu rừng
kata plei cha-ne	con gà đã ăn bản làng
hnga pa tec	H'Nga bán người cha
ykrong miu dua nhu	Y Krông uống một con mèo
hrin rong ei-ne	H'Rin đã cho cái nhà
hling pa ntik gu	H'Linh bắt người cha nhỏ
hnga pang ei-ne	H'Nga đã cho cái nồi
yson krao mahe ngui	Y Sơn làm con trâu mới
plei kon-tao nhu	bản làng uống những đứa trẻ
kata ako tec-ne	con gà đã bán con chó
rong kata liem hmang	cái nhà thấy con gà đẹp
bok brah krah om	người thầy nấu khu rừng cũ
padi padi ngui-ne	cây lúa đã làm cây lúa
brah brah puon krah om	khu rừng nấu bốn khu rừng cũ
kata rong-tao ei-ne	con gà đã cho những cái nhà
kon bok tuk	đứa trẻ mang người thầy
ykrong padi-tao krah ei	Y Krông cho những cây lúa cũ
padi krao-tao gu	cây lúa bắt những con trâu
rong bok tec-ma	cái nhà không bán người thầy
hling pang liem tec-ma	H'Linh không bán cái nồi đẹp
miu pang gu-ne	con mèo đã bắt cái nồi
hnga padi poh mahe tec-ne	H'Nga đã bán năm cây lúa mới
hnga ako hlao-ne	H'Nga đã tìm con chó
hnga brah liem gu-ne	H'Nga đã bắt khu rừng đẹp
miu plei puon hmang-ne	con mèo đã thấy bốn bản làng
miu pa cha-ne	con mèo đã ăn người cha
bnam hina liem tuk	ngọn núi mang con cá đẹp
padi bok ei-ma	cây lúa không cho người thầy
pang plei krah hlao	cái nồi tìm bản làng cũ
hina plei ntik nhu-ne	con cá đã uống bản làng nhỏ
rong hina puon om-ma	cái nhà không nấu bốn con cá
krao plei pei mahe hmang-ne	con trâu đã thấy ba bản làng mới
kata rong dua om-ne-ma	con gà đã không nấu một cái nhà
hnga ako pei ei-ne	H'Nga đã cho ba con chó
kon ako tuk	đứa trẻ mang con chó
hina kata-tao hlao-ne-ma	con cá đã không tìm những con gà
bok dak puon hlao	người thầy tìm bốn dòng sông
hnga brah cha-ne	H'Nga đã ăn khu rừng
bok kon dua ngui	người thầy làm một đứa trẻ
ykrong pa ngui-ne-ma	Y Krông đã không làm người cha
rong plei tuk-ne-ma	cái nhà đã không mang bản làng
padi rong hmang	cây lúa thấy cái nhà
krao plei bar ei-ne-ma	con trâu đã không cho hai bản làng
rong plei-tao mahe ngui	cái nhà làm những bản làng mới
dak ako krah om-ne-ma	dòng sông đã không nấu con chó cũ
pa pa tec-ne	người cha đã bán người cha
hrin plei liem nhu	H'Rin uống bản làng đẹp
yson bok om	Y Sơn nấu người thầy
krao miu nhu-ma	con trâu không uống con mèo
ykrong kon tec-ne	Y Krông đã bán đứa trẻ
hling plei ei-ne	H'Linh đã cho bản làng
padi miu pei ei	cây lúa cho ba con mèo
mi hina bar liem tec	người mẹ bán hai con cá đẹp
pa kon ei	người cha cho đứa trẻ
dak rong liem tuk	dòng sông mang cái nhà đẹp
miu kon-tao ei	con mèo cho những đứa trẻ
hina bok-tao ntik hlao	con cá tìm những người thầy nhỏ
hnga krao nhu	H'Nga uống con trâu
ako rong-tao hmang	con chó thấy những cái nhà
kon dak om-ma	đứa trẻ không nấu dòng sông
ykrong krao-tao tec-ne	Y Krông đã bán những con trâu
pa mi hlao-ne	người cha đã tìm người mẹ
brah mi poh mahe tec	khu rừng bán năm người mẹ mới
kata bok tuk-ne	con gà đã mang người thầy
bnam brah liem ei-ne	ngọn núi đã cho khu rừng đẹp
ybhok brah gu	Y Bhôk bắt khu rừng
dak rong-tao nhu	dòng sông uống những cái nhà
bok plei-tao om	người thầy nấu những bản làng
mi brah poh prong cha-ne	người mẹ đã ăn năm khu rừng to
dak kata-tao hmang-ne	dòng sông đã thấy những con gà
miu rong-tao tuk	con mèo mang những cái nhà
bok rong liem ei-ma	người thầy không cho cái nhà đẹp
kata pang hmang	con gà thấy cái nồi
dak padi ntik hlao-ne	dòng sông đã tìm cây lúa nhỏ
brah kata bar prong gu	khu rừng bắt hai con gà to
plei pang liem hmang	bản làng thấy cái nồi đẹp
pang kata dua gu	cái nồi bắt một con gà
rong rong-tao ntik ngui	cái nhà làm những cái nhà nhỏ
bnam plei tec-ne	ngọn núi đã bán bản làng
ybhok brah pei krah cha-ne	Y Bhôk đã ăn ba khu rừng cũ
pa kon prong nhu	người cha uống đứa trẻ to
hling rong hmang	H'Linh thấy cái nhà
ykrong krao hmang	Y Krông thấy con trâu
ybhok ako puon prong tec-ne	Y Bhôk đã bán bốn con chó to
bok kon ntik tuk-ne-ma	người thầy đã không mang đứa trẻ nhỏ
bok padi-tao ei-ne-ma	người thầy đã không cho những cây lúa
dak pa ngui-ne	dòng sông đã làm người cha
pa pang tuk-ne	người cha đã mang cái nồi
hrin brah-tao om-ne	H'Rin đã nấu những khu rừng
kata miu-tao ei	con gà cho những con mèo
miu krao krah hmang	con mèo thấy con trâu cũ
bnam krao hlao-ma	ngọn núi không tìm con trâu
yson mi poh nhu-ne	Y Sơn đã uống năm người mẹ
plei brah hlao	bản làng tìm khu rừng
rong brah dua hmang-ne-ma	cái nhà đã không thấy một khu rừng
mi rong tec	người mẹ bán cái nhà
krao brah-tao hlao-ma	con trâu không tìm những khu rừng
miu kon-tao gu-ne-ma	con mèo đã không bắt những đứa trẻ
miu krao-tao ntik ngui	con mèo làm những con trâu nhỏ
ybhok dak tec	Y Bhôk bán dòng sông
ykrong bok puon ei	Y Krông cho bốn người thầy
mi bok ntik tuk-ne	người mẹ đã mang người thầy nhỏ
ykrong bok puon krah nhu-ma	Y Krông không uống bốn người thầy cũ
kata plei tuk	con gà mang bản làng
krao pang mahe ngui-ne	con trâu đã làm cái nồi mới
hina padi puon om-ne	con cá đã nấu bốn cây lúa
kata ako puon tec-ma	con gà không bán bốn con chó
ykrong brah puon ntik hlao	Y Krông tìm bốn khu rừng nhỏ
ako ako ei	con chó cho con chó
bnam rong nhu	ngọn núi uống cái nhà
pa plei hmang-ne	người cha đã thấy bản làng
yson hina nhu-ne-ma	Y Sơn đã không uống con cá
padi kata cha-ne	cây lúa đã ăn con gà
mi pang hlao-ne	người mẹ đã tìm cái nồi
hina ako-tao ei	con cá cho những con chó
hina rong hlao-ne	con cá đã tìm cái nhà
miu krao ntik hlao-ma	con mèo không tìm con trâu nhỏ
ybhok krao mahe om	Y Bhôk nấu con trâu mới
ybhok ako pei tuk	Y Bhôk mang ba con chó
pang miu liem cha	cái nồi ăn con mèo đẹp
ykrong pa mahe gu	Y Krông bắt người cha mới
yson brah cha-ma	Y Sơn không ăn khu rừng
dak hina-tao mahe cha-ma	dòng sông không ăn những con cá mới
kon plei-tao krah nhu-ne	đứa trẻ đã uống những bản làng cũ
hrin plei poh ntik hlao-ne	H'Rin đã tìm năm bản làng nhỏ
kon dak-tao ntik tuk-ne	đứa trẻ đã mang những dòng sông nhỏ
ykrong ako bar tec-ma	Y Krông không bán hai con chó
hling hina-tao krah cha	H'Linh ăn những con cá cũ
kon pa krah hmang	đứa trẻ thấy người cha cũ
ykrong rong tec-ma	Y Krông không bán cái nhà
brah rong nhu	khu rừng uống cái nhà
ako krao prong om	con chó nấu con trâu to
bnam dak bar hlao-ne-ma	ngọn núi đã không tìm hai dòng sông
mi kon-tao prong cha	người mẹ ăn những đứa trẻ to
ybhok bok gu-ne	Y Bhôk đã bắt người thầy
bnam brah-tao hlao	ngọn núi tìm những khu rừng
krao bnam pei hlao	con trâu tìm ba ngọn núi
kon kata krah om	đứa trẻ nấu con gà cũ
miu pang cha	con mèo ăn cái nồi
hnga rong-tao ei-ne-ma	H'Nga đã không cho những cái nhà
hrin ako puon krah om-ne	H'Rin đã nấu bốn con chó cũ
ybhok rong liem tec-ne	Y Bhôk đã bán cái nhà đẹp
ykrong rong krah gu-ne	Y Krông đã bắt cái nhà cũ
plei pa-tao ntik cha	bản làng ăn những người cha nhỏ
kon ako ei-ne	đứa trẻ đã cho con chó
pa brah om-ma	người cha không nấu khu rừng
miu miu ngui	con mèo làm con mèo
bok rong-tao krah hmang-ne	người thầy đã thấy những cái nhà cũ
bok miu-tao mahe cha	người thầy ăn những con mèo mới
miu bok om	con mèo nấu người thầy
pa bnam krah hlao-ne	người cha đã tìm ngọn núi cũ
pang bnam dua liem om	cái nồi nấu một ngọn núi đẹp
yson plei-tao hlao-ma	Y Sơn không tìm những bản làng
bok pang pei ei-ne	người thầy đã cho ba cái nồi
pang mi tuk	cái nồi mang người mẹ
hrin bok-tao ei	H'Rin cho những người thầy
ako bok gu-ne	con chó đã bắt người thầy
plei miu hlao	bản làng tìm con mèo
mi dak puon ei	người mẹ cho bốn dòng sông
hrin plei mahe tec-ne	H'Rin đã bán bản làng mới
ybhok plei hlao	Y Bhôk tìm bản làng
hina pa liem tec	con cá bán người cha đẹp
yson miu liem tec	Y Sơn bán con mèo đẹp
yson ako pei hlao-ne-ma	Y Sơn đã không tìm ba con chó
miu krao gu	con mèo bắt con trâu
hling dak nhu	H'Linh uống dòng sông
yson mi pei liem tec	Y Sơn bán ba người mẹ đẹp
miu bok-tao gu-ne	con mèo đã bắt những người thầy
mi pang prong nhu-ne-ma	người mẹ đã không uống cái nồi to
bnam rong-tao liem cha-ne	ngọn núi đã ăn những cái nhà đẹp
hrin pang liem hlao-ma	H'Rin không tìm cái nồi đẹp
hrin kata puon liem gu	H'Rin bắt bốn con gà đẹp
pa bnam-tao nhu	người cha uống những ngọn núi
bok plei liem ngui	người thầy làm bản làng đẹp
miu kata dua om-ma	con mèo không nấu một con gà
padi kon-tao cha-ne	cây lúa đã ăn những đứa trẻ
kon padi-tao prong nhu-ma	đứa trẻ không uống những cây lúa to
plei ako puon tuk-ne	bản làng đã mang bốn con chó
yson padi mahe ei-ne	Y Sơn đã cho cây lúa mới
krao bok-tao liem hlao	con trâu tìm những người thầy đẹp
krao krao bar tuk	con trâu mang hai con trâu
mi hina poh hmang	người mẹ thấy năm con cá
yson ako liem gu-ma	Y Sơn không bắt con chó đẹp
krao pa bar liem hmang	con trâu thấy hai người cha đẹp
miu pa ntik hmang	con mèo thấy người cha nhỏ
mi kon puon hlao	người mẹ tìm bốn đứa trẻ
plei kata-tao tuk-ne	bản làng đã mang những con gà
pa padi pei hmang	người cha thấy ba cây lúa
mi kata bar hlao	người mẹ tìm hai con gà
padi padi hmang-ne-ma	cây lúa đã không thấy cây lúa
bnam kata-tao ngui-ne	ngọn núi đã làm những con gà
miu kon tec	con mèo bán đứa trẻ
pa brah bar om-ne-ma	người cha đã không nấu hai khu rừng
kata bok poh ngui	con gà làm năm người thầy
hling kata liem gu-ne	H'Linh đã bắt con gà đẹp
mi hina bar hlao	người mẹ tìm hai con cá
krao ako poh om-ne-ma	con trâu đã không nấu năm con chó
bnam kon-tao gu	ngọn núi bắt những đứa trẻ
yson rong cha-ne	Y Sơn đã ăn cái nhà
kata dak hmang	con gà thấy dòng sông
krao miu-tao hmang	con trâu thấy những con mèo
miu pa-tao om	con mèo nấu những người cha
yson pang ei-ne	Y Sơn đã cho cái nồi
mi plei krah gu	người mẹ bắt bản làng cũ
plei miu hmang-ne	bản làng đã thấy con mèo
ako pang-tao ntik ngui	con chó làm những cái nồi nhỏ
padi bok bar prong tec	cây lúa bán hai người thầy to
ako mi prong ei-ne	con chó đã cho người mẹ to
pa bnam hmang-ma	người cha không thấy ngọn núi
mi pa prong cha-ne	người mẹ đã ăn người cha to
hina brah-tao mahe ngui-ne	con cá đã làm những khu rừng mới
kata krao prong tec	con gà bán con trâu to
rong pang bar prong ngui	cái nhà làm hai cái nồi to
yson dak liem om-ne-ma	Y Sơn đã không nấu dòng sông đẹp
ako mi liem gu	con chó bắt người mẹ đẹp
yson hina-tao krah tuk-ne-ma	Y Sơn đã không mang những con cá cũ
bok brah-tao prong cha-ne	người thầy đã ăn những khu rừng to
hina krao ntik nhu	con cá uống con trâu nhỏ
pa bok om-ne	người cha đã nấu người thầy
ykrong bnam puon liem cha	Y Krông ăn bốn ngọn núi đẹp
mi brah-tao gu	người mẹ bắt những khu rừng
rong kata hmang-ne	cái nhà đã thấy con gà
pa ako hlao-ne	người cha đã tìm con chó
bnam hina om-ne	ngọn núi đã nấu con cá
miu ako-tao ngui-ma	con mèo không làm những con chó
dak plei prong cha-ne-ma	dòng sông đã không ăn bản làng to
hrin dak puon prong gu	H'Rin bắt bốn dòng sông to
pa kon-tao ei-ne	người cha đã cho những đứa trẻ
pa rong om	người cha nấu cái nhà
brah pa pei krah tuk	khu rừng mang ba người cha cũ
rong miu puon ntik gu	cái nhà bắt bốn con mèo nhỏ
yson rong liem ngui-ne	Y Sơn đã làm cái nhà đẹp
bnam brah puon krah om-ne-ma	ngọn núi đã không nấu bốn khu rừng cũ
padi pang puon ngui-ne	cây lúa đã làm bốn cái nồi
yson mi-tao tec-ne	Y Sơn đã bán những người mẹ
krao bnam hmang	con trâu thấy ngọn núi
mi rong tec-ne	người mẹ đã bán cái nhà
miu miu ei-ma	con mèo không cho con mèo
rong mi-tao krah ngui	cái nhà làm những người mẹ cũ
plei brah ei-ne	bản làng đã cho khu rừng
ako bok-tao ngui-ma	con chó không làm những người thầy
yson bok-tao tec	Y Sơn bán những người thầy
brah ako tuk	khu rừng mang con chó
kata bnam prong ei-ma	con gà không cho ngọn núi to
kon hina hmang-ne	đứa trẻ đã thấy con cá
ako padi krah tuk-ne	con chó đã mang cây lúa cũ
krao padi-tao prong tuk-ne-ma	con trâu đã không mang những cây lúa to
mi dak-tao liem hmang-ma	người mẹ không thấy những dòng sông đẹp
hnga miu-tao ntik gu	H'Nga bắt những con mèo nhỏ
pang bok-tao ntik tuk	cái nồi mang những người thầy nhỏ
pa dak mahe hmang	người cha thấy dòng sông mới
pang kon hmang-ne	cái nồi đã thấy đứa trẻ
ykrong pang ei-ne	Y Krông đã cho cái nồi
bok bnam-tao ei-ne-ma	người thầy đã không cho những ngọn núi
hina bnam liem om-ma	con cá không nấu ngọn núi đẹp
hrin ako gu	H'Rin bắt con chó
brah mi-tao mahe ngui	khu rừng làm những người mẹ mới
pang mi krah gu-ma	cái nồi không bắt người mẹ cũ
hrin dak liem nhu-ma	H'Rin không uống dòng sông đẹp
ykrong bok-tao cha	Y Krông ăn những người thầy
mi hina-tao gu	người mẹ bắt những con cá
bnam hina-tao hlao-ne-ma	ngọn núi đã không tìm những con cá
yson ako gu-ne	Y Sơn đã bắt con chó
krao krao-tao ntik ngui	con trâu làm những con trâu nhỏ
hling pa prong cha	H'Linh ăn người cha to
padi miu-tao liem hlao	cây lúa tìm những con mèo đẹp
bok rong puon cha-ma	người thầy không ăn bốn cái nhà
pa mi hmang	người cha thấy người mẹ
yson kata nhu-ne	Y Sơn đã uống con gà
bnam dak bar ei	ngọn núi cho hai dòng sông
dak mi om	dòng sông nấu người mẹ
hrin miu dua tuk-ma	H'Rin không mang một con mèo
pang miu om-ne	cái nồi đã nấu con mèo
bnam kata nhu	ngọn núi uống con gà
padi bnam puon om	cây lúa nấu bốn ngọn núi
pa dak prong tuk	người cha mang dòng sông to
hling dak-tao hmang-ne	H'Linh đã thấy những dòng sông
hrin padi-tao hlao	H'Rin tìm những cây lúa
miu miu nhu	con mèo uống con mèo
ako bnam tuk	con chó mang ngọn núi
pang ako ntik ei-ne	cái nồi đã cho con chó nhỏ
yson miu om	Y Sơn nấu con mèo
kata bok hmang	con gà thấy người thầy
ykrong ako bar hlao-ne	Y Krông đã tìm hai con chó
kata bnam dua cha-ne	con gà đã ăn một ngọn núi
brah padi krah tec	khu rừng bán cây lúa cũ
bok mi-tao ei	người thầy cho những người mẹ
kon mi-tao ei	đứa trẻ cho những người mẹ
padi pa dua nhu-ne	cây lúa đã uống một người cha
brah mi-tao hlao-ne	khu rừng đã tìm những người mẹ
ako mi bar ei-ne-ma	con chó đã không cho hai người mẹ
bnam hina liem cha-ne	ngọn núi đã ăn con cá đẹp
brah pa-tao nhu	khu rừng uống những người cha
yson kon tec	Y Sơn bán đứa trẻ
plei rong bar hmang	bản làng thấy hai cái nhà
hling ako om-ne	H'Linh đã nấu con chó
pang rong prong gu-ma	cái nồi không bắt cái nhà to
hling bnam bar ntik tuk-ne	H'Linh đã mang hai ngọn núi nhỏ
ykrong miu liem gu-ne	Y Krông đã bắt con mèo đẹp
ako brah puon ntik tec	con chó bán bốn khu rừng nhỏ
bok bok dua ntik hlao	người thầy tìm một người thầy nhỏ
plei miu om	bản làng nấu con mèo
hina padi-tao hmang	con cá thấy những cây lúa
pa bnam tec-ne	người cha đã bán ngọn núi
hling kon dua cha-ma	H'Linh không ăn một đứa trẻ
krao bnam pei nhu-ma	con trâu không uống ba ngọn núi
mi ako om	người mẹ nấu con chó
bnam pa-tao mahe om-ma	ngọn núi không nấu những người cha mới
ykrong bok liem ei	Y Krông cho người thầy đẹp
mi pa hlao-ma	người mẹ không tìm người cha
kon padi pei prong gu-ne-ma	đứa trẻ đã không bắt ba cây lúa to
miu bnam liem om-ne	con mèo đã nấu ngọn núi đẹp
hling miu krah ngui-ne	H'Linh đã làm con mèo cũ
ako mi mahe nhu-ma	con chó không uống người mẹ mới
brah dak nhu-ne-ma	khu rừng đã không uống dòng sông
ykrong kata om-ne-ma	Y Krông đã không nấu con gà
mi mi-tao nhu-ne	người mẹ đã uống những người mẹ
mi dak hmang-ne	người mẹ đã thấy dòng sông
hrin bnam-tao liem cha	H'Rin ăn những ngọn núi đẹp
pa mi hmang-ma	người cha không thấy người mẹ
padi miu cha-ne	cây lúa đã ăn con mèo
bok ako bar cha	người thầy ăn hai con chó
ako dak-tao tuk	con chó mang những dòng sông
miu kon pei gu	con mèo bắt ba đứa trẻ
pa kata tuk	người cha mang con gà
dak krao cha-ma	dòng sông không ăn con trâu
pang rong tec	cái nồi bán cái nhà
kon dak-tao tec-ne	đứa trẻ đã bán những dòng sông
miu kon hmang	con mèo thấy đứa trẻ
kon pang-tao hmang-ne	đứa trẻ đã thấy những cái nồi
miu dak nhu	con mèo uống dòng sông
miu mi hlao-ne	con mèo đã tìm người mẹ
brah plei poh hlao-ma	khu rừng không tìm năm bản làng
kon padi ei	đứa trẻ cho cây lúa
mi padi puon liem hmang-ne	người mẹ đã thấy bốn cây lúa đẹp
pa brah-tao hlao-ne	người cha đã tìm những khu rừng
hling mi om-ma	H'Linh không nấu người mẹ
ykrong rong hmang-ne	Y Krông đã thấy cái nhà
plei brah cha-ne	bản làng đã ăn khu rừng
ako hina prong cha	con chó ăn con cá to
hrin dak-tao ei-ma	H'Rin không cho những dòng sông
ybhok ako-tao gu-ma	Y Bhôk không bắt những con chó
bnam pang ngui-ne	ngọn núi đã làm cái nồi
brah rong-tao hmang	khu rừng thấy những cái nhà
hnga padi-tao liem tec-ma	H'Nga không bán những cây lúa đẹp
hling kata pei cha-ne	H'Linh đã ăn ba con gà
mi mi mahe hlao-ma	người mẹ không tìm người mẹ mới
hnga ako liem tec	H'Nga bán con chó đẹp
mi pang poh ngui-ne	người mẹ đã làm năm cái nồi
plei bnam-tao ngui-ne	bản làng đã làm những ngọn núi
hrin dak-tao ei	H'Rin cho những dòng sông
krao miu om	con trâu nấu con mèo
padi pa-tao nhu-ma	cây lúa không uống những người cha
kon brah om-ne-ma	đứa trẻ đã không nấu khu rừng
pang rong-tao ntik nhu	cái nồi uống những cái nhà nhỏ
bnam kata pei krah nhu-ma	ngọn núi không uống ba con gà cũ
hling miu pei krah om	H'Linh nấu ba con mèo cũ
ako miu-tao cha	con chó ăn những con mèo
rong mi ntik om-ne	cái nhà đã nấu người mẹ nhỏ
bnam padi ngui	ngọn núi làm cây lúa
hling plei-tao ei	H'Linh cho những bản làng
kon kata mahe tec	đứa trẻ bán con gà mới
dak kon puon gu-ne	dòng sông đã bắt bốn đứa trẻ
kata ako hlao	con gà tìm con chó
pa rong om-ne-ma	người cha đã không nấu cái nhà
miu dak prong om	con mèo nấu dòng sông to
bnam pang ei	ngọn núi cho cái nồi
ako ako gu	con chó bắt con chó
dak bnam om-ne	dòng sông đã nấu ngọn núi
ybhok mi cha	Y Bhôk ăn người mẹ
yson rong pei krah gu-ma	Y Sơn không bắt ba cái nhà cũ
padi hina om-ne	cây lúa đã nấu con cá
kata pa nhu-ne	con gà đã uống người cha
hrin hina-tao om-ne	H'Rin đã nấu những con cá
dak brah puon cha	dòng sông ăn bốn khu rừng
bnam bok puon prong cha-ne	ngọn núi đã ăn bốn người thầy to
plei miu puon krah cha-ma	bản làng không ăn bốn con mèo cũ
bnam kata pei liem cha-ne	ngọn núi đã ăn ba con gà đẹp
bnam plei prong nhu	ngọn núi uống bản làng to
mi pang nhu-ne-ma	người mẹ đã không uống cái nồi
kon plei ei-ne	đứa trẻ đã cho bản làng
pa pa ei-ne	người cha đã cho người cha
ykrong kata ei-ne	Y Krông đã cho con gà
hina brah pei hmang-ne-ma	con cá đã không thấy ba khu rừng
padi hina puon ngui	cây lúa làm bốn con cá
yson krao-tao ei	Y Sơn cho những con trâu
kata rong bar liem hmang-ma	con gà không thấy hai cái nhà đẹp
padi ako bar ngui-ne	cây lúa đã làm hai con chó
ybhok pa poh prong gu-ne-ma	Y Bhôk đã không bắt năm người cha to
miu rong tuk	con mèo mang cái nhà
plei krao pei ngui-ne	bản làng đã làm ba con trâu
miu plei hlao	con mèo tìm bản làng
rong padi ntik om-ma	cái nhà không nấu cây lúa nhỏ
plei bok prong om	bản làng nấu người thầy to
hrin plei pei krah gu-ne	H'Rin đã bắt ba bản làng cũ
pang kon ntik cha-ne-ma	cái nồi đã không ăn đứa trẻ nhỏ
miu kon-tao tec-ne	con mèo đã bán những đứa trẻ
kata pang nhu	con gà uống cái nồi
hnga brah dua om-ne	H'Nga đã nấu một khu rừng
hnga padi prong hlao-ne	H'Nga đã tìm cây lúa to
kon hina pei tec	đứa trẻ bán ba con cá
padi krao hmang-ne-ma	cây lúa đã không thấy con trâu
pang ako dua ngui-ne	cái nồi đã làm một con chó
hling plei liem hmang-ma	H'Linh không thấy bản làng đẹp
ybhok krao om	Y Bhôk nấu con trâu
padi ako gu-ne	cây lúa đã bắt con chó
yson kata tuk	Y Sơn mang con gà
bok hina puon cha-ne	người thầy đã ăn bốn con cá
ykrong bok liem nhu-ne	Y Krông đã uống người thầy đẹp
ybhok miu-tao ei-ma	Y Bhôk không cho những con mèo
bok dak-tao ngui	người thầy làm những dòng sông
ybhok bok-tao krah hmang	Y Bhôk thấy những người thầy cũ
ybhok plei cha	Y Bhôk ăn bản làng
rong brah dua om-ne	cái nhà đã nấu một khu rừng
padi mi-tao mahe hlao-ne	cây lúa đã tìm những người mẹ mới
hling brah prong om	H'Linh nấu khu rừng to
pa pa-tao om	người cha nấu những người cha
ykrong pang krah hmang	Y Krông thấy cái nồi cũ
ako miu pei om-ma	con chó không nấu ba con mèo
mi mi-tao nhu	người mẹ uống những người mẹ
rong mi mahe gu-ne	cái nhà đã bắt người mẹ mới
hrin plei mahe hmang-ne-ma	H'Rin đã không thấy bản làng mới
dak rong krah cha-ma	dòng sông không ăn cái nhà cũ
ybhok kon ntik tec	Y Bhôk bán đứa trẻ nhỏ
brah plei ntik gu	khu rừng bắt bản làng nhỏ
miu hina gu-ne	con mèo đã bắt con cá
hrin bok pei cha-ne	H'Rin đã ăn ba người thầy
bok brah pei krah ei-ma	người thầy không cho ba khu rừng cũ
dak krao krah om	dòng sông nấu con trâu cũ
ykrong mi-tao hmang-ma	Y Krông không thấy những người mẹ
kata brah liem hmang	con gà thấy khu rừng đẹp
mi bnam gu	người mẹ bắt ngọn núi
bnam kon-tao nhu-ne	ngọn núi đã uống những đứa trẻ
yson bnam liem om-ne	Y Sơn đã nấu ngọn núi đẹp
bnam plei ei-ma	ngọn núi không cho bản làng
mi miu pei liem hlao-ne	người mẹ đã tìm ba con mèo đẹp
ykrong padi-tao cha	Y Krông ăn những cây lúa
kata kata ntik nhu-ne	con gà đã uống con gà nhỏ
ako kon gu	con chó bắt đứa trẻ
hling miu cha	H'Linh ăn con mèo
pang bnam-tao nhu-ne	cái nồi đã uống những ngọn núi
bok rong dua tuk	người thầy mang một cái nhà
hnga pa bar prong gu-ne	H'Nga đã bắt hai người cha to
hrin pa-tao om-ne	H'Rin đã nấu những người cha
hnga ako tuk	H'Nga mang con chó
bok mi-tao mahe cha	người thầy ăn những người mẹ mới
bok bnam ngui	người thầy làm ngọn núi
dak ako tec	dòng sông bán con chó
hnga bok dua prong hmang-ma	H'Nga không thấy một người thầy to
rong bnam-tao nhu	cái nhà uống những ngọn núi
bnam pang bar krah tuk	ngọn núi mang hai cái nồi cũ
mi brah-tao hlao	người mẹ tìm những khu rừng
kon padi-tao mahe tec	đứa trẻ bán những cây lúa mới
ykrong kon pei ntik ngui	Y Krông làm ba đứa trẻ nhỏ
rong ako cha	cái nhà ăn con chó
ykrong krao ntik om-ma	Y Krông không nấu con trâu nhỏ
mi mi ntik tuk-ne	người mẹ đã mang người mẹ nhỏ
kon padi-tao liem ei-ne	đứa trẻ đã cho những cây lúa đẹp
mi ako gu	người mẹ bắt con chó
bok dak gu	người thầy bắt dòng sông
kata dak hmang-ne	con gà đã thấy dòng sông
hnga krao prong nhu	H'Nga uống con trâu to
brah ako ngui	khu rừng làm con chó
mi hina bar gu-ne-ma	người mẹ đã không bắt hai con cá
kata bok-tao ngui-ma	con gà không làm những người thầy
ykrong bok nhu	Y Krông uống người thầy
kon bok prong om-ne	đứa trẻ đã nấu người thầy to
yson brah poh nhu	Y Sơn uống năm khu rừng
krao dak om	con trâu nấu dòng sông
hnga pa poh prong om-ne	H'Nga đã nấu năm người cha to
ykrong bok om-ne	Y Krông đã nấu người thầy
plei bnam poh nhu	bản làng uống năm ngọn núi
yson bnam bar cha-ma	Y Sơn không ăn hai ngọn núi
ykrong bnam-tao krah hlao-ne	Y Krông đã tìm những ngọn núi cũ
hina kata puon nhu	con cá uống bốn con gà
dak brah hmang-ma	dòng sông không thấy khu rừng
hling brah ei	H'Linh cho khu rừng
hnga kata-tao mahe ngui	H'Nga làm những con gà mới
hrin padi ngui	H'Rin làm cây lúa
dak plei hlao	dòng sông tìm bản làng
kon bnam krah tuk-ne	đứa trẻ đã mang ngọn núi cũ
dak kata nhu	dòng sông uống con gà
plei mi gu	bản làng bắt người mẹ
bnam kon ntik nhu-ne	ngọn núi đã uống đứa trẻ nhỏ
hina bok pei liem cha	con cá ăn ba người thầy đẹp
hling miu hmang	H'Linh thấy con mèo
pang kata-tao prong tec	cái nồi bán những con gà to
hina bnam poh tuk-ne	con cá đã mang năm ngọn núi
krao bnam mahe cha	con trâu ăn ngọn núi mới
mi kon ei	người mẹ cho đứa trẻ
hina padi puon tuk	con cá mang bốn cây lúa
kon miu mahe tuk	đứa trẻ mang con mèo mới
krao bnam mahe nhu	con trâu uống ngọn núi mới
kata brah-tao krah nhu	con gà uống những khu rừng cũ
bnam brah bar krah hmang-ne	ngọn núi đã thấy hai khu rừng cũ
ybhok padi om-ne	Y Bhôk đã nấu cây lúa
pang kata hmang	cái nồi thấy con gà
ybhok bnam liem gu	Y Bhôk bắt ngọn núi đẹp
hling bnam cha-ne	H'Linh đã ăn ngọn núi
padi bnam poh mahe hlao-ma	cây lúa không tìm năm ngọn núi mới
yson miu cha-ma	Y Sơn không ăn con mèo
hrin hina krah nhu-ma	H'Rin không uống con cá cũ
bok rong puon tec-ne-ma	người thầy đã không bán bốn cái nhà
hling pang tec-ne	H'Linh đã bán cái nồi
dak kata-tao liem tuk-ne	dòng sông đã mang những con gà đẹp
yson pang dua hlao-ma	Y Sơn không tìm một cái nồi
kata miu-tao nhu-ne	con gà đã uống những con mèo
yson rong dua mahe hmang-ma	Y Sơn không thấy một cái nhà mới
hrin plei om	H'Rin nấu bản làng
krao bnam krah tec-ne	con trâu đã bán ngọn núi cũ
dak mi-tao liem hmang	dòng sông thấy những người mẹ đẹp
rong bnam mahe om	cái nhà nấu ngọn núi mới
bnam mi bar krah ngui-ma	ngọn núi không làm hai người mẹ cũ
yson ako-tao liem nhu-ne	Y Sơn đã uống những con chó đẹp
kon padi-tao gu-ne	đứa trẻ đã bắt những cây lúa
bok brah puon hlao-ma	người thầy không tìm bốn khu rừng
yson bnam-tao hlao-ne	Y Sơn đã tìm những ngọn núi
dak kata hlao-ma	dòng sông không tìm con gà
dak kon pei prong tuk-ne	dòng sông đã mang ba đứa trẻ to
ybhok kata-tao ei	Y Bhôk cho những con gà
ykrong ako ei-ne	Y Krông đã cho con chó
hrin brah-tao ngui	H'Rin làm những khu rừng
pang rong-tao ngui	cái nồi làm những cái nhà
plei pang pei hmang-ne	bản làng đã thấy ba cái nồi
miu rong-tao gu-ma	con mèo không bắt những cái nhà
pa kata nhu-ne	người cha đã uống con gà
miu krao mahe gu-ma	con mèo không bắt con trâu mới
mi kon pei prong cha-ne	người mẹ đã ăn ba đứa trẻ to
ykrong miu liem gu	Y Krông bắt con mèo đẹp
hling krao pei ntik ei-ne	H'Linh đã cho ba con trâu nhỏ
bnam brah pei ei-ne-ma	ngọn núi đã không cho ba khu rừng
hnga bnam-tao cha-ne	H'Nga đã ăn những ngọn núi
pa ako dua cha-ne	người cha đã ăn một con chó
bnam krao hmang	ngọn núi thấy con trâu
yson kata pei liem gu	Y Sơn bắt ba con gà đẹp
brah brah ngui-ne	khu rừng đã làm khu rừng
bnam bnam liem hlao	ngọn núi tìm ngọn núi đẹp
hrin kata pei ngui	H'Rin làm ba con gà
ybhok dak-tao mahe cha-ne	Y Bhôk đã ăn những dòng sông mới
miu kata tec	con mèo bán con gà
hina rong liem gu-ma	con cá không bắt cái nhà đẹp
kata kata-tao hmang	con gà thấy những con gà
padi kata tec	cây lúa bán con gà
dak bnam prong nhu	dòng sông uống ngọn núi to
mi pang bar mahe om-ne	người mẹ đã nấu hai cái nồi mới
hnga dak dua hlao	H'Nga tìm một dòng sông
kon pang-tao ntik om-ne	đứa trẻ đã nấu những cái nồi nhỏ
miu ako ei-ne-ma	con mèo đã không cho con chó
kon pa krah cha	đứa trẻ ăn người cha cũ
hrin ako dua mahe hmang-ne	H'Rin đã thấy một con chó mới
hling krao tuk-ne	H'Linh đã mang con trâu
hrin mi hlao	H'Rin tìm người mẹ
krao brah poh liem hmang-ne	con trâu đã thấy năm khu rừng đẹp
ybhok rong ntik nhu-ma	Y Bhôk không uống cái nhà nhỏ
hnga bnam poh ntik ngui	H'Nga làm năm ngọn núi nhỏ
rong miu-tao tuk	cái nhà mang những con mèo
hrin padi prong hmang	H'Rin thấy cây lúa to
miu rong hlao	con mèo tìm cái nhà
pang pa hmang	cái nồi thấy người cha
pa plei pei hlao	người cha tìm ba bản làng
hling plei om	H'Linh nấu bản làng
hling rong hmang-ma	H'Linh không thấy cái nhà
dak krao-tao tec	dòng sông bán những con trâu
hrin mi dua liem ei-ne	H'Rin đã cho một người mẹ đẹp
hina dak puon tec-ma	con cá không bán bốn dòng sông
miu rong dua krah ngui-ne	con mèo đã làm một cái nhà cũ
bnam krao-tao krah ngui	ngọn núi làm những con trâu cũ
ykrong rong-tao cha-ne-ma	Y Krông đã không ăn những cái nhà
mi brah poh ngui	người mẹ làm năm khu rừng
hling krao puon krah hmang-ne	H'Linh đã thấy bốn con trâu cũ
rong rong om	cái nhà nấu cái nhà
krao dak-tao krah tuk	con trâu mang những dòng sông cũ
ako brah ntik gu-ne	con chó đã bắt khu rừng nhỏ
ybhok krao-tao hmang-ma	Y Bhôk không thấy những con trâu
kata brah tec-ne	con gà đã bán khu rừng
dak kata pei hlao-ne-ma	dòng sông đã không tìm ba con gà
mi hina tuk-ne	người mẹ đã mang con cá
krao dak bar prong gu-ma	con trâu không bắt hai dòng sông to
bok miu tec	người thầy bán con mèo
miu kata-tao gu-ne	con mèo đã bắt những con gà
yson miu dua ngui	Y Sơn làm một con mèo
mi rong ngui	người mẹ làm cái nhà
kata plei-tao cha	con gà ăn những bản làng
hnga bok om-ne	H'Nga đã nấu người thầy
ykrong kata poh om-ma	Y Krông không nấu năm con gà
hnga kon-tao ngui	H'Nga làm những đứa trẻ
hnga plei-tao ntik nhu	H'Nga uống những bản làng nhỏ
hnga pang hlao-ma	H'Nga không tìm cái nồi
hnga kon ntik hlao-ma	H'Nga không tìm đứa trẻ nhỏ
yson miu bar tuk	Y Sơn mang hai con mèo
pa bnam mahe om	người cha nấu ngọn núi mới
brah bok ntik cha-ne	khu rừng đã ăn người thầy nhỏ
ybhok pang om	Y Bhôk nấu cái nồi
hnga rong krah tuk	H'Nga mang cái nhà cũ
yson pang hmang	Y Sơn thấy cái nồi
dak padi poh om	dòng sông nấu năm cây lúa
hnga kata dua mahe cha-ne	H'Nga đã ăn một con gà mới
bok mi ngui	người thầy làm người mẹ
ybhok rong liem nhu	Y Bhôk uống cái nhà đẹp
kon pa cha	đứa trẻ ăn người cha
ako kon poh prong ei	con chó cho năm đứa trẻ to
mi dak hmang	người mẹ thấy dòng sông
hnga plei liem hmang-ne	H'Nga đã thấy bản làng đẹp
pa miu-tao liem gu	người cha bắt những con mèo đẹp
ybhok mi liem gu	Y Bhôk bắt người mẹ đẹp
brah kon ngui-ne	khu rừng đã làm đứa trẻ
yson padi-tao krah tec-ne	Y Sơn đã bán những cây lúa cũ
bnam rong puon om	ngọn núi nấu bốn cái nhà
hrin miu gu-ne	H'Rin đã bắt con mèo
padi hina-tao gu	cây lúa bắt những con cá
bok mi krah tec	người thầy bán người mẹ cũ
bok mi-tao gu	người thầy bắt những người mẹ
mi bnam nhu-ne	người mẹ đã uống ngọn núi
kon mi-tao mahe tec	đứa trẻ bán những người mẹ mới
rong hina bar prong cha-ne	cái nhà đã ăn hai con cá to
brah padi-tao liem nhu	khu rừng uống những cây lúa đẹp
hrin miu puon hmang-ne	H'Rin đã thấy bốn con mèo
pa padi-tao cha	người cha ăn những cây lúa
miu miu ngui-ne	con mèo đã làm con mèo
bok hina mahe ngui-ne	người thầy đã làm con cá mới
bok brah prong gu-ne	người thầy đã bắt khu rừng to
hling krao om-ne	H'Linh đã nấu con trâu
rong ako-tao liem hmang-ma	cái nhà không thấy những con chó đẹp
ybhok ako-tao ntik hmang	Y Bhôk thấy những con chó nhỏ
krao rong pei mahe om	con trâu nấu ba cái nhà mới
miu ako tuk-ne	con mèo đã mang con chó
bnam pa ei	ngọn núi cho người cha
plei padi prong tec-ne-ma	bản làng đã không bán cây lúa to
kon mi pei krah nhu-ne	đứa trẻ đã uống ba người mẹ cũ
mi dak tec-ne	người mẹ đã bán dòng sông
padi ako pei ei-ne	cây lúa đã cho ba con chó
rong padi krah hlao	cái nhà tìm cây lúa cũ
hnga krao-tao krah hmang	H'Nga thấy những con trâu cũ
ykrong bok ngui	Y Krông làm người thầy
ako mi-tao cha-ne	con chó đã ăn những người mẹ
bnam rong poh ei	ngọn núi cho năm cái nhà
krao rong ei	con trâu cho cái nhà
yson brah gu-ne	Y Sơn đã bắt khu rừng
brah brah ei	khu rừng cho khu rừng
dak bok-tao om-ma	dòng sông không nấu những người thầy
bok brah tec-ne-ma	người thầy đã không bán khu rừng
rong krao gu-ne	cái nhà đã bắt con trâu
hling bok poh hlao-ne	H'Linh đã tìm năm người thầy
dak brah hmang-ne	dòng sông đã thấy khu rừng
mi kon ngui	người mẹ làm đứa trẻ
hina miu puon gu	con cá bắt bốn con mèo
ykrong plei-tao mahe hlao	Y Krông tìm những bản làng mới
bok plei om-ne	người thầy đã nấu bản làng
ykrong brah-tao om-ne-ma	Y Krông đã không nấu những khu rừng
mi mi tuk-ne	người mẹ đã mang người mẹ
rong ako krah ei	cái nhà cho con chó cũ
ykrong miu puon nhu	Y Krông uống bốn con mèo
ykrong ako bar om-ne-ma	Y Krông đã không nấu hai con chó
mi miu-tao nhu	người mẹ uống những con mèo
bok miu pei cha	người thầy ăn ba con mèo
dak kon ngui	dòng sông làm đứa trẻ
brah miu krah hlao-ne-ma	khu rừng đã không tìm con mèo cũ
hrin plei-tao mahe nhu	H'Rin uống những bản làng mới
bnam mi om	ngọn núi nấu người mẹ
padi hina hlao-ne	cây lúa đã tìm con cá
brah kon-tao tec	khu rừng bán những đứa trẻ
bnam miu-tao tec-ne	ngọn núi đã bán những con mèo
bok plei dua krah hmang	người thầy thấy một bản làng cũ
rong brah krah ngui-ne	cái nhà đã làm khu rừng cũ
mi krao pei prong cha-ma	người mẹ không ăn ba con trâu to
plei hina poh gu	bản làng bắt năm con cá
yson pa hlao	Y Sơn tìm người cha
pang kon gu-ne	cái nồi đã bắt đứa trẻ
pang pang pei nhu-ne	cái nồi đã uống ba cái nồi
brah bnam mahe ei-ne	khu rừng đã cho ngọn núi mới
kata dak poh om-ma	con gà không nấu năm dòng sông
hnga mi-tao nhu-ne	H'Nga đã uống những người mẹ
rong pang-tao ntik hmang	cái nhà thấy những cái nồi nhỏ
dak hina liem tuk-ne	dòng sông đã mang con cá đẹp
kata ako bar mahe ei	con gà cho hai con chó mới
ykrong brah ntik nhu	Y Krông uống khu rừng nhỏ
kata padi-tao ei	con gà cho những cây lúa
plei mi ntik tec	bản làng bán người mẹ nhỏ
hling brah hlao	H'Linh tìm khu rừng
ako hina krah hmang	con chó thấy con cá cũ
dak kon om-ne-ma	dòng sông đã không nấu đứa trẻ
hnga bok tuk-ne	H'Nga đã mang người thầy
bnam pa-tao liem hmang-ne	ngọn núi đã thấy những người cha đẹp
ykrong ako-tao hmang	Y Krông thấy những con chó
hrin dak puon ei	H'Rin cho bốn dòng sông
padi pang cha	cây lúa ăn cái nồi
ykrong plei-tao tec-ma	Y Krông không bán những bản làng
yson bnam dua hlao-ne	Y Sơn đã tìm một ngọn núi
hrin bnam ngui-ma	H'Rin không làm ngọn núi
pang brah-tao hlao-ne	cái nồi đã tìm những khu rừng
ybhok brah bar prong cha-ma	Y Bhôk không ăn hai khu rừng to
mi mi hmang	người mẹ thấy người mẹ
bok mi-tao krah cha	người thầy ăn những người mẹ cũ
ybhok bok ntik nhu	Y Bhôk uống người thầy nhỏ
brah plei-tao cha-ne	khu rừng đã ăn những bản làng
ako plei cha	con chó ăn bản làng
ako plei prong hmang	con chó thấy bản làng to
pang hina ngui-ne-ma	cái nồi đã không làm con cá
ako hina-tao hmang-ne	con chó đã thấy những con cá
yson dak cha	Y Sơn ăn dòng sông
rong brah tuk-ma	cái nhà không mang khu rừng
padi mi tuk	cây lúa mang người mẹ
pang dak-tao krah ei-ne	cái nồi đã cho những dòng sông cũ
ybhok kon ei-ma	Y Bhôk không cho đứa trẻ
yson kata-tao krah hlao	Y Sơn tìm những con gà cũ
ybhok dak ntik ei-ne	Y Bhôk đã cho dòng sông nhỏ
kon rong mahe tec-ma	đứa trẻ không bán cái nhà mới
hrin mi puon tuk-ne-ma	H'Rin đã không mang bốn người mẹ
brah bok puon cha	khu rừng ăn bốn người thầy
hina dak mahe hmang-ne	con cá đã thấy dòng sông mới
bnam pang krah gu	ngọn núi bắt cái nồi cũ
yson pa mahe cha	Y Sơn ăn người cha mới
pang kon pei ei	cái nồi cho ba đứa trẻ
ykrong pang prong ei-ne-ma	Y Krông đã không cho cái nồi to
krao dak dua krah ei-ne-ma	con trâu đã không cho một dòng sông cũ
hling hina pei hmang-ne-ma	H'Linh đã không thấy ba con cá
ybhok krao bar mahe ei-ne	Y Bhôk đã cho hai con trâu mới
dak bnam dua ntik cha	dòng sông ăn một ngọn núi nhỏ
hling hina bar hmang-ne	H'Linh đã thấy hai con cá
pa pa mahe cha	người cha ăn người cha mới
bnam dak om	ngọn núi nấu dòng sông
pa miu puon ei	người cha cho bốn con mèo
miu bok tuk-ne	con mèo đã mang người thầy
hling miu poh cha	H'Linh ăn năm con mèo
hnga pa poh ei-ne	H'Nga đã cho năm người cha
hling ako hlao-ne	H'Linh đã tìm con chó
padi kon tuk	cây lúa mang đứa trẻ
yson krao prong cha	Y Sơn ăn con trâu to
rong brah pei ei-ne	cái nhà đã cho ba khu rừng
kon mi ntik om-ne	đứa trẻ đã nấu người mẹ nhỏ
pang dak-tao tuk	cái nồi mang những dòng sông
kon mi-tao hmang	đứa trẻ thấy những người mẹ
rong plei tuk	cái nhà mang bản làng
hnga kon bar ngui-ne-ma	H'Nga đã không làm hai đứa trẻ
ykrong pang hmang	Y Krông thấy cái nồi
kon kata poh cha-ne	đứa trẻ đã ăn năm con gà
hina rong dua ei-ma	con cá không cho một cái nhà
hnga dak ei	H'Nga cho dòng sông
rong ako nhu-ne	cái nhà đã uống con chó
pang bnam-tao krah ei-ne	cái nồi đã cho những ngọn núi cũ
bok kon tec	người thầy bán đứa trẻ
hina bnam mahe hmang	con cá thấy ngọn núi mới
hina bnam tec-ma	con cá không bán ngọn núi
padi kata ei-ne-ma	cây lúa đã không cho con gà
brah padi ngui-ma	khu rừng không làm cây lúa
brah pang poh om-ma	khu rừng không nấu năm cái nồi
kon miu cha-ne-ma	đứa trẻ đã không ăn con mèo
ybhok kata tec-ma	Y Bhôk không bán con gà
padi miu-tao nhu-ma	cây lúa không uống những con mèo
hling bok cha	H'Linh ăn người thầy
hrin pang krah hlao	H'Rin tìm cái nồi cũ
kata dak ntik gu-ne	con gà đã bắt dòng sông nhỏ
ykrong kata poh nhu	Y Krông uống năm con gà
hina brah ei	con cá cho khu rừng
plei bok dua krah cha-ma	bản làng không ăn một người thầy cũ
pa plei poh liem cha	người cha ăn năm bản làng đẹp
krao dak liem cha	con trâu ăn dòng sông đẹp
rong bok-tao ntik ei	cái nhà cho những người thầy nhỏ
pa bnam ei-ne	người cha đã cho ngọn núi
dak pa poh hlao-ne	dòng sông đã tìm năm người cha
bok dak-tao om-ne	người thầy đã nấu những dòng sông
ykrong krao-tao hmang	Y Krông thấy những con trâu
brah hina-tao prong tec	khu rừng bán những con cá to
yson kata-tao mahe tuk-ne	Y Sơn đã mang những con gà mới
ako pang-tao ei-ne-ma	con chó đã không cho những cái nồi
hina plei hmang-ne	con cá đã thấy bản làng
hnga padi cha	H'Nga ăn cây lúa
ako padi hmang-ne	con chó đã thấy cây lúa
pang miu pei mahe ngui-ma	cái nồi không làm ba con mèo mới
pang miu-tao prong tec	cái nồi bán những con mèo to
bnam brah pei tec-ne	ngọn núi đã bán ba khu rừng
miu mi-tao cha-ma	con mèo không ăn những người mẹ
hling padi hlao	H'Linh tìm cây lúa
yson pang poh hmang	Y Sơn thấy năm cái nồi
kata hina ngui	con gà làm con cá
miu pang puon hmang-ne-ma	con mèo đã không thấy bốn cái nồi
rong mi ntik nhu	cái nhà uống người mẹ nhỏ
kon mi poh ntik tec	đứa trẻ bán năm người mẹ nhỏ
miu padi hlao-ne	con mèo đã tìm cây lúa
kata kon mahe gu-ma	con gà không bắt đứa trẻ mới
dak brah puon tuk-ma	dòng sông không mang bốn khu rừng
ykrong hina prong tec-ne	Y Krông đã bán con cá to
krao pa bar ei-ma	con trâu không cho hai người cha
dak padi ntik om-ne-ma	dòng sông đã không nấu cây lúa nhỏ
kata bnam poh om	con gà nấu năm ngọn núi
brah bnam om	khu rừng nấu ngọn núi
ykrong pang dua tuk-ma	Y Krông không mang một cái nồi
ykrong padi poh tec	Y Krông bán năm cây lúa
krao mi prong nhu	con trâu uống người mẹ to
hnga hina hlao-ne	H'Nga đã tìm con cá
ybhok krao bar ngui	Y Bhôk làm hai con trâu
mi plei-tao gu-ne	người mẹ đã bắt những bản làng
dak plei mahe om	dòng sông nấu bản làng mới
mi krao puon om-ne	người mẹ đã nấu bốn con trâu
ykrong hina dua prong ngui-ne	Y Krông đã làm một con cá to
ako ako liem nhu-ma	con chó không uống con chó đẹp
krao pa ei	con trâu cho người cha
pang padi bar hmang-ne	cái nồi đã thấy hai cây lúa
mi brah poh ntik hlao	người mẹ tìm năm khu rừng nhỏ
krao hina-tao tec-ne-ma	con trâu đã không bán những con cá
ako krao ngui-ne-ma	con chó đã không làm con trâu
hling pa-tao tuk-ma	H'Linh không mang những người cha
bnam kon pei cha	ngọn núi ăn ba đứa trẻ
yson rong-tao ngui	Y Sơn làm những cái nhà
krao kata ei	con trâu cho con gà
rong pang bar mahe hmang	cái nhà thấy hai cái nồi mới
kata ako nhu-ma	con gà không uống con chó
yson bnam krah hmang	Y Sơn thấy ngọn núi cũ
dak dak-tao ngui-ne	dòng sông đã làm những dòng sông
hina padi tuk	con cá mang cây lúa
bok miu-tao gu	người thầy bắt những con mèo
hrin bnam tuk	H'Rin mang ngọn núi
ykrong kata poh tec-ne-ma	Y Krông đã không bán năm con gà
hling pang gu	H'Linh bắt cái nồi
miu pa pei krah gu	con mèo bắt ba người cha cũ
rong pa hlao	cái nhà tìm người cha
ybhok kata mahe tuk-ne	Y Bhôk đã mang con gà mới
plei pa hmang-ne	bản làng đã thấy người cha
bok dak-tao hmang-ma	người thầy không thấy những dòng sông
kon mi ntik ei	đứa trẻ cho người mẹ nhỏ
dak ako cha	dòng sông ăn con chó
mi ako poh krah om-ne	người mẹ đã nấu năm con chó cũ
plei bnam nhu-ma	bản làng không uống ngọn núi
mi krao-tao ei	người mẹ cho những con trâu
miu miu-tao cha	con mèo ăn những con mèo
krao bnam-tao ntik om	con trâu nấu những ngọn núi nhỏ
ybhok bok-tao ntik tec	Y Bhôk bán những người thầy nhỏ
brah dak puon ntik om	khu rừng nấu bốn dòng sông nhỏ
hnga plei dua liem hlao	H'Nga tìm một bản làng đẹp
ykrong kata ntik tuk	Y Krông mang con gà nhỏ
hling krao-tao prong hlao	H'Linh tìm những con trâu to
pa mi poh ntik om	người cha nấu năm người mẹ nhỏ
bok brah-tao tec-ne	người thầy đã bán những khu rừng
hrin miu hlao-ma	H'Rin không tìm con mèo
dak hina nhu-ne	dòng sông đã uống con cá
ykrong ako-tao gu-ne-ma	Y Krông đã không bắt những con chó
hnga bok ngui	H'Nga làm người thầy
hina dak poh mahe ngui-ne-ma	con cá đã không làm năm dòng sông mới
ako plei mahe ngui	con chó làm bản làng mới
ybhok krao poh cha-ne	Y Bhôk đã ăn năm con trâu
hling plei krah om	H'Linh nấu bản làng cũ
hrin bnam prong hmang	H'Rin thấy ngọn núi to
hling dak puon hmang	H'Linh thấy bốn dòng sông
bok ako puon mahe om	người thầy nấu bốn con chó mới
rong padi hmang	cái nhà thấy cây lúa
pa kata-tao krah hmang-ne	người cha đã thấy những con gà cũ
plei bnam-tao nhu	bản làng uống những ngọn núi
ykrong bok mahe ei-ma	Y Krông không cho người thầy mới
bnam rong-tao krah nhu	ngọn núi uống những cái nhà cũ
bok hina tuk	người thầy mang con cá
pang ako-tao cha-ne	cái nồi đã ăn những con chó
bok bnam-tao ei-ma	người thầy không cho những ngọn núi
krao pang-tao gu	con trâu bắt những cái nồi
padi pa hmang-ne-ma	cây lúa đã không thấy người cha
kata rong-tao liem tec-ne	con gà đã bán những cái nhà đẹp
miu bok-tao hlao	con mèo tìm những người thầy
padi kon tec	cây lúa bán đứa trẻ
kon padi ngui-ma	đứa trẻ không làm cây lúa
krao mi-tao liem tuk-ne-ma	con trâu đã không mang những người mẹ đẹp
rong krao bar hmang-ma	cái nhà không thấy hai con trâu
hina kata pei krah nhu	con cá uống ba con gà cũ
ykrong hina-tao gu	Y Krông bắt những con cá
hina dak-tao ei-ne-ma	con cá đã không cho những dòng sông
hnga ako hmang-ne	H'Nga đã thấy con chó
yson plei-tao prong tuk	Y Sơn mang những bản làng to
ako mi puon krah ngui	con chó làm bốn người mẹ cũ
miu padi dua tuk-ma	con mèo không mang một cây lúa
rong dak nhu-ne	cái nhà đã uống dòng sông
krao pa-tao nhu-ne	con trâu đã uống những người cha
hrin bok tec	H'Rin bán người thầy
hnga ako-tao hlao-ne	H'Nga đã tìm những con chó
pa bok puon mahe ei-ne-ma	người cha đã không cho bốn người thầy mới
ybhok pang tec	Y Bhôk bán cái nồi
pang ako ei-ne-ma	cái nồi đã không cho con chó
ykrong brah bar cha	Y Krông ăn hai khu rừng
dak bok-tao krah hmang-ne-ma	dòng sông đã không thấy những người thầy cũ
hina pang ngui-ne	con cá đã làm cái nồi
brah rong cha-ne	khu rừng đã ăn cái nhà
ako pang dua nhu	con chó uống một cái nồi
ybhok plei bar hmang-ne	Y Bhôk đã thấy hai bản làng
ybhok plei mahe cha-ne	Y Bhôk đã ăn bản làng mới
ybhok brah krah nhu	Y Bhôk uống khu rừng cũ
dak miu liem tec-ne-ma	dòng sông đã không bán con mèo đẹp
plei krao liem ngui-ma	bản làng không làm con trâu đẹp
hrin padi hmang	H'Rin thấy cây lúa
rong bnam-tao prong cha	cái nhà ăn những ngọn núi to
hnga pa hmang-ne	H'Nga đã thấy người cha
ykrong hina bar hmang-ma	Y Krông không thấy hai con cá
dak kata-tao ngui	dòng sông làm những con gà
ybhok kata om	Y Bhôk nấu con gà
hnga kata-tao cha	H'Nga ăn những con gà
ykrong dak pei ngui	Y Krông làm ba dòng sông
bok rong ngui-ne-ma	người thầy đã không làm cái nhà
yson mi-tao liem om-ne	Y Sơn đã nấu những người mẹ đẹp
brah kata pei tec	khu rừng bán ba con gà
bnam kon cha	ngọn núi ăn đứa trẻ
pa miu-tao hlao-ne	người cha đã tìm những con mèo
yson ako ngui	Y Sơn làm con chó
kata bnam prong hlao	con gà tìm ngọn núi to
ako pang poh krah nhu	con chó uống năm cái nồi cũ
ykrong krao poh liem ngui	Y Krông làm năm con trâu đẹp
ykrong rong tuk-ne	Y Krông đã mang cái nhà
bok pang tec	người thầy bán cái nồi
hrin kata-tao gu	H'Rin bắt những con gà
plei pa prong hlao-ne	bản làng đã tìm người cha to
hling padi liem gu-ne	H'Linh đã bắt cây lúa đẹp
bnam brah-tao ngui	ngọn núi làm những khu rừng
dak miu om	dòng sông nấu con mèo
kon pang-tao ntik ngui-ma	đứa trẻ không làm những cái nồi nhỏ
bnam kata krah ngui-ne	ngọn núi đã làm con gà cũ
kata bnam-tao nhu	con gà uống những ngọn núi
krao krao hlao-ne	con trâu đã tìm con trâu
ykrong bok om	Y Krông nấu người thầy
pang brah mahe hlao-ne	cái nồi đã tìm khu rừng mới
yson miu-tao tec-ma	Y Sơn không bán những con mèo
kata kon poh ei	con gà cho năm đứa trẻ
bok krao dua prong om-ne	người thầy đã nấu một con trâu to
padi krao pei ngui	cây lúa làm ba con trâu
hina mi-tao mahe hmang	con cá thấy những người mẹ mới
mi pang mahe hlao	người mẹ tìm cái nồi mới
hnga mi puon om	H'Nga nấu bốn người mẹ
krao kon tec-ne-ma	con trâu đã không bán đứa trẻ
hrin pang hmang	H'Rin thấy cái nồi
hina ako ntik om	con cá nấu con chó nhỏ
kata brah-tao hlao-ne	con gà đã tìm những khu rừng
rong rong ngui-ne	cái nhà đã làm cái nhà
brah rong ei	khu rừng cho cái nhà
bok dak dua krah tuk	người thầy mang một dòng sông cũ
bnam miu-tao ngui	ngọn núi làm những con mèo
ykrong rong-tao hlao-ma	Y Krông không tìm những cái nhà
miu brah-tao gu-ne	con mèo đã bắt những khu rừng
kata ako ei	con gà cho con chó
mi kata-tao prong ngui	người mẹ làm những con gà to
kata ako hlao-ne	con gà đã tìm con chó
rong hina ngui	cái nhà làm con cá
krao pang cha	con trâu ăn cái nồi
ybhok mi hmang-ne	Y Bhôk đã thấy người mẹ
plei kata om-ne	bản làng đã nấu con gà
kon bok gu-ma	đứa trẻ không bắt người thầy
padi mi poh krah nhu	cây lúa uống năm người mẹ cũ
pang mi hmang	cái nồi thấy người mẹ
bnam mi puon ntik tec-ne-ma	ngọn núi đã không bán bốn người mẹ nhỏ
yson hina dua tec-ne	Y Sơn đã bán một con cá
ybhok miu gu-ne	Y Bhôk đã bắt con mèo
padi miu hlao-ma	cây lúa không tìm con mèo
hrin kata mahe gu	H'Rin bắt con gà mới
dak kon hmang-ne	dòng sông đã thấy đứa trẻ
yson bnam-tao tuk-ne	Y Sơn đã mang những ngọn núi
pang miu mahe cha	cái nồi ăn con mèo mới
yson krao-tao prong tec-ne	Y Sơn đã bán những con trâu to
krao brah nhu	con trâu uống khu rừng
krao dak liem gu-ne-ma	con trâu đã không bắt dòng sông đẹp
ykrong rong poh mahe om-ne	Y Krông đã nấu năm cái nhà mới
ykrong bok om-ma	Y Krông không nấu người thầy
dak krao gu	dòng sông bắt con trâu
hnga krao ngui-ne	H'Nga đã làm con trâu
ybhok pa hlao	Y Bhôk tìm người cha
hling plei-tao tec	H'Linh bán những bản làng
ybhok mi dua om-ne	Y Bhôk đã nấu một người mẹ
mi ako tec-ne	người mẹ đã bán con chó
mi ako bar cha	người mẹ ăn hai con chó
hling krao tec	H'Linh bán con trâu
rong bnam dua gu-ne	cái nhà đã bắt một ngọn núi
hnga plei-tao nhu-ne-ma	H'Nga đã không uống những bản làng
padi bok ntik tec	cây lúa bán người thầy nhỏ
brah brah tec	khu rừng bán khu rừng
yson pa ntik om-ma	Y Sơn không nấu người cha nhỏ
hrin rong pei liem hlao	H'Rin tìm ba cái nhà đẹp
dak kata prong tuk-ne	dòng sông đã mang con gà to
hling dak pei tec	H'Linh bán ba dòng sông
ako ako mahe om	con chó nấu con chó mới
ykrong pang krah tec-ne	Y Krông đã bán cái nồi cũ
hling kon-tao tec	H'Linh bán những đứa trẻ
hrin hina gu-ne	H'Rin đã bắt con cá
hling brah tec	H'Linh bán khu rừng
padi rong gu-ne	cây lúa đã bắt cái nhà
yson pang pei gu	Y Sơn bắt ba cái nồi
hrin dak-tao gu	H'Rin bắt những dòng sông
yson pang nhu	Y Sơn uống cái nồi
ybhok rong-tao krah nhu	Y Bhôk uống những cái nhà cũ
hina brah pei gu	con cá bắt ba khu rừng
hling kata puon ngui-ne-ma	H'Linh đã không làm bốn con gà
hnga mi ei-ma	H'Nga không cho người mẹ
hrin pa prong nhu-ne	H'Rin đã uống người cha to
miu kon dua hlao-ne	con mèo đã tìm một đứa trẻ
bnam brah ei-ne	ngọn núi đã cho khu rừng
yson brah ntik nhu	Y Sơn uống khu rừng nhỏ
bnam brah poh tuk-ne	ngọn núi đã mang năm khu rừng
yson hina om-ne	Y Sơn đã nấu con cá
hrin kon ntik hlao-ma	H'Rin không tìm đứa trẻ nhỏ
kata pang ngui-ne	con gà đã làm cái nồi
miu bnam tec	con mèo bán ngọn núi
padi padi gu-ma	cây lúa không bắt cây lúa
hling bok-tao krah tuk	H'Linh mang những người thầy cũ
hrin kata cha-ne	H'Rin đã ăn con gà
hnga pa liem tuk-ne	H'Nga đã mang người cha đẹp
hling bnam-tao liem gu	H'Linh bắt những ngọn núi đẹp
yson kon-tao om-ne	Y Sơn đã nấu những đứa trẻ
rong krao krah ei	cái nhà cho con trâu cũ
pang dak cha-ne	cái nồi đã ăn dòng sông
dak rong ntik gu-ne	dòng sông đã bắt cái nhà nhỏ
yson mi cha-ma	Y Sơn không ăn người mẹ
hrin pa-tao ei	H'Rin cho những người cha
kata bnam-tao mahe hmang	con gà thấy những ngọn núi mới
bnam miu pei hmang-ne	ngọn núi đã thấy ba con mèo
brah padi om	khu rừng nấu cây lúa
kata kon hlao-ne	con gà đã tìm đứa trẻ
mi ako hlao	người mẹ tìm con chó
hnga brah krah ngui-ne	H'Nga đã làm khu rừng cũ
brah plei nhu	khu rừng uống bản làng
bnam krao-tao ngui	ngọn núi làm những con trâu
hling hina dua ntik nhu	H'Linh uống một con cá nhỏ
bok brah puon tuk-ne	người thầy đã mang bốn khu rừng
ykrong hina prong hlao	Y Krông tìm con cá to
ykrong dak-tao ei-ne	Y Krông đã cho những dòng sông
